[dbx] subtitles environment set via IMGSUBTITLES 
[dbx] IMGSUBTITLES points at a file we cant open, file 
[dbx] subtitles environment set via IMGSUBTITLES 
[dbx] IMGSUBTITLES points at a file we cant open, file 
[dbx] Good morning 
[dbx] dbx.lua loaded - waiting for new file or chapter 
[dbx] Setting up key bindings 
[dbx] New file filename 
[dbx] Good morning 
[dbx] dbx.lua loaded - waiting for new file or chapter 
[dbx] subtitles environment set via IMGSUBTITLES 
[dbx] IMGSUBTITLES points at a file we cant open, file 
[dbx] Setting up key bindings 
[dbx] subtitles environment set via IMGSUBTITLES 
[dbx] IMGSUBTITLES points at a file we cant open, file 
[dbx] New file filename 
[dbx] Good morning 
[dbx] dbx.lua loaded - waiting for new file or chapter 
[dbx] Setting up key bindings 
[dbx] Good morning 
[dbx] dbx.lua loaded - waiting for new file or chapter 
[dbx] New file filename 
[dbx] Setting up key bindings 
[dbx] New file filename 
[dbx] New file filename 
[dbx] New file filename 
[dbx] New file filename 
[dbx] New file filename 
 (+) Video --vid=1 (*) (av1 3840x2160 60.000fps)
 (+) Audio --aid=1 --alang=eng (*) (opus 2ch 48000Hz)
 (+) Video --vid=1 (*) (vp9 1920x1080 30.000fps)
 (+) Audio --aid=1 --alang=eng (*) (opus 2ch 48000Hz)
 (+) Video --vid=1 (*) (av1 3840x2160 60.000fps)
 (+) Audio --aid=1 --alang=eng (*) (opus 2ch 48000Hz)
 (+) Video --vid=1 (*) (h264 1920x1080 30.000fps)
 (+) Audio --aid=1 --alang=eng (*) (opus 2ch 48000Hz)
[dbx] New chapter 0 
[dbx] Metadata  
[dbx] chapter time is  0 
[dbx] Chapter Length is  30 
[dbx] record_number was  1 
[dbx] New chapter 0 
[dbx] Metadata  
[dbx] chapter time is  0 
[dbx] Chapter Length is  30 
[dbx] record_number was  1 
[dbx] New chapter 0 
[dbx] Metadata  
[dbx] chapter time is  0 
[dbx] Chapter Length is  30 
[dbx] record_number was  1 
Using hardware decoding (nvdec).
Using hardware decoding (nvdec).
AO: [pipewire] 48000Hz stereo 2ch floatp
VO: [gpu] 3840x2160 cuda[nv12]
[dbx] New chapter 0 
[dbx] Metadata  
[dbx] chapter time is  0 
[dbx] Chapter Length is  30 
[dbx] record_number was  1 
Using hardware decoding (nvdec).
AO: [pipewire] 48000Hz stereo 2ch floatp
VO: [gpu] 1920x1080 cuda[nv12]
AV: 00:00:00 / 00:22:10 (0%) A-V:  0.000 Cache: 11s/15MBAV: 00:00:00 / 00:22:10 (0%) A-V:  0.013 Cache: 6.8s/4MB
AV: 00:00:00 / 00:22:10 (0%) A-V:  0.000 Cache: 12s/15MB
AV: 00:00:00 / 00:22:10 (0%) A-V:  0.013 Cache: 6.8s/5MB
AV: 00:00:00 / 00:22:10 (0%) A-V:  0.007 Cache: 13s/18MB
AV: 00:00:00 / 00:22:10 (0%) A-V:  0.006 Cache: 14s/18MBUsing hardware decoding (nvdec).

AV: 00:00:00 / 00:22:10 (0%) A-V:  0.006 Cache: 15s/19MB
AV: 00:00:00 / 00:22:10 (0%) A-V:  0.005 Cache: 15s/19MB
AV: 00:00:00 / 00:22:10 (0%) A-V:  0.004 Cache: 15s/20MB
AV: 00:00:00 / 00:22:10 (0%) A-V:  0.013 Cache: 8.3s/10MBAO: [pipewire] 48000Hz stereo 2ch floatp
AO: [pipewire] 48000Hz stereo 2ch floatp

AV: 00:00:00 / 00:22:10 (0%) A-V:  0.003 Cache: 15s/20MB
AV: 00:00:00 / 00:22:10 (0%) A-V:  0.012 Cache: 8.6s/10MB
AV: 00:00:00 / 00:22:10 (0%) A-V:  0.003 Cache: 16s/21MB
AV: 00:00:00 / 00:22:10 (0%) A-V:  0.002 Cache: 16s/21MB
AV: 00:00:00 / 00:22:10 (0%) A-V:  0.011 Cache: 9.0s/10MB
AV: 00:00:00 / 00:22:10 (0%) A-V:  0.010 Cache: 9.5s/11MB
AV: 00:00:00 / 00:22:10 (0%) A-V:  0.002 Cache: 17s/22MB
AV: 00:00:00 / 00:22:10 (0%) A-V:  0.009 Cache: 10s/12MB
AV: 00:00:00 / 00:22:10 (0%) A-V:  0.001 Cache: 17s/22MB
AV: 00:00:00 / 00:22:10 (0%) A-V:  0.008 Cache: 10s/12MB
AV: 00:00:00 / 00:22:10 (0%) A-V:  0.001 Cache: 17s/23MB
AV: 00:00:00 / 00:22:10 (0%) A-V:  0.007 Cache: 11s/13MB
AV: 00:00:00 / 00:22:10 (0%) A-V:  0.001 Cache: 18s/23MB
AV: 00:00:00 / 00:22:10 (0%) A-V:  0.006 Cache: 11s/13MB
AV: 00:00:00 / 00:22:10 (0%) A-V:  0.001 Cache: 18s/24MBVO: [gpu] 1920x1080 cuda[nv12]
VO: [gpu] 3840x2160 cuda[nv12]

AV: 00:00:00 / 00:22:10 (0%) A-V:  0.001 Cache: 22s/26MB
AV: 00:00:00 / 00:22:10 (0%) A-V:  0.005 Cache: 11s/14MB
AV: 00:00:00 / 00:22:10 (0%) A-V:  0.001 Cache: 24s/26MB
AV: 00:00:00 / 00:22:10 (0%) A-V:  0.000 Cache: 27s/27MB
AV: 00:00:00 / 00:22:10 (0%) A-V:  0.005 Cache: 12s/14MB
AV: 00:00:00 / 00:22:10 (0%) A-V:  0.000 Cache: 31s/28MB
AV: 00:00:00 / 00:22:10 (0%) A-V:  0.004 Cache: 12s/15MB
AV: 00:00:00 / 00:22:10 (0%) A-V:  0.000 Cache: 41s/31MBAV: 00:00:00 / 00:22:10 (0%) A-V:  0.013 Cache: 38s/12MBAV: 00:00:00 / 00:22:10 (0%) A-V:  0.007 Cache: 7.2s/9MB
AV: 00:00:00 / 00:22:10 (0%) A-V:  0.000 Cache: 41s/32MB
AV: 00:00:00 / 00:22:10 (0%) A-V:  0.013 Cache: 40s/13MB
AV: 00:00:00 / 00:22:10 (0%) A-V:  0.006 Cache: 7.3s/9MB
AV: 00:00:00 / 00:22:10 (0%) A-V:  0.000 Cache: 43s/32MB
AV: 00:00:00 / 00:22:10 (0%) A-V:  0.003 Cache: 13s/16MB
AV: 00:00:00 / 00:22:10 (0%) A-V:  0.000 Cache: 47s/32MB
AV: 00:00:00 / 00:22:10 (0%) A-V:  0.006 Cache: 7.9s/10MB
AV: 00:00:00 / 00:22:10 (0%) A-V:  0.000 Cache: 51s/33MB
AV: 00:00:00 / 00:22:10 (0%) A-V:  0.000 Cache: 52s/33MB
AV: 00:00:00 / 00:22:10 (0%) A-V:  0.003 Cache: 13s/17MB
AV: 00:00:00 / 00:22:10 (0%) A-V:  0.000 Cache: 57s/33MB
AV: 00:00:00 / 00:22:10 (0%) A-V:  0.002 Cache: 13s/17MB
AV: 00:00:00 / 00:22:10 (0%) A-V:  0.000 Cache: 60s/36MB
AV: 00:00:00 / 00:22:10 (0%) A-V:  0.000 Cache: 70s/50MB
AV: 00:00:00 / 00:22:10 (0%) A-V:  0.006 Cache: 8.9s/11MB
AV: 00:00:00 / 00:22:10 (0%) A-V:  0.002 Cache: 14s/18MB
AV: 00:00:00 / 00:22:10 (0%) A-V:  0.002 Cache: 14s/19MB
AV: 00:00:00 / 00:22:10 (0%) A-V:  0.000 Cache: 70s/51MB
AV: 00:00:00 / 00:22:10 (0%) A-V:  0.013 Cache: 55s/17MB
AV: 00:00:00 / 00:22:10 (0%) A-V:  0.012 Cache: 58s/17MB
AV: 00:00:00 / 00:22:10 (0%) A-V:  0.002 Cache: 15s/20MB
AV: 00:00:00 / 00:22:10 (0%) A-V:  0.000 Cache: 71s/52MB
AV: 00:00:00 / 00:22:10 (0%) A-V:  0.006 Cache: 9.8s/13MB
AV: 00:00:00 / 00:22:10 (0%) A-V:  0.002 Cache: 16s/20MB
AV: 00:00:00 / 00:22:10 (0%) A-V:  0.005 Cache: 10.0s/13MB
AV: 00:00:00 / 00:22:10 (0%) A-V:  0.011 Cache: 59s/18MB
AV: 00:00:00 / 00:22:10 (0%) A-V:  0.004 Cache: 10s/13MB
AV: 00:00:00 / 00:22:10 (0%) A-V:  0.001 Cache: 16s/21MB
AV: 00:00:00 / 00:22:10 (0%) A-V:  0.010 Cache: 61s/18MB
AV: 00:00:00 / 00:22:10 (0%) A-V:  0.004 Cache: 10s/14MB
AV: 00:00:00 / 00:22:10 (0%) A-V:  0.000 Cache: 71s/53MB
AV: 00:00:00 / 00:22:10 (0%) A-V:  0.001 Cache: 16s/22MB
AV: 00:00:00 / 00:22:10 (0%) A-V:  0.009 Cache: 71s/19MB
AV: 00:00:00 / 00:22:10 (0%) A-V:  0.000 Cache: 72s/53MB
AV: 00:00:00 / 00:22:10 (0%) A-V:  0.003 Cache: 11s/15MB
AV: 00:00:00 / 00:22:10 (0%) A-V:  0.008 Cache: 71s/19MB
AV: 00:00:00 / 00:22:10 (0%) A-V:  0.000 Cache: 72s/54MB
AV: 00:00:00 / 00:22:10 (0%) A-V:  0.000 Cache: 72s/53MB
AV: 00:00:00 / 00:22:10 (0%) A-V:  0.002 Cache: 11s/15MB
AV: 00:00:00 / 00:22:10 (0%) A-V:  0.007 Cache: 71s/19MB
AV: 00:00:00 / 00:22:10 (0%) A-V:  0.001 Cache: 16s/23MB
AV: 00:00:00 / 00:22:10 (0%) A-V:  0.006 Cache: 71s/19MB
AV: 00:00:00 / 00:22:10 (0%) A-V:  0.000 Cache: 72s/54MB
AV: 00:00:00 / 00:22:10 (0%) A-V:  0.000 Cache: 73s/54MB
AV: 00:00:00 / 00:22:10 (0%) A-V:  0.002 Cache: 11s/16MB
AV: 00:00:00 / 00:22:10 (0%) A-V:  0.000 Cache: 73s/55MB
AV: 00:00:00 / 00:22:10 (0%) A-V:  0.006 Cache: 76s/20MB
AV: 00:00:00 / 00:22:10 (0%) A-V:  0.002 Cache: 12s/16MB
AV: 00:00:00 / 00:22:10 (0%) A-V:  0.001 Cache: 16s/24MB
AV: 00:00:00 / 00:22:10 (0%) A-V:  0.001 Cache: 12s/17MB
AV: 00:00:00 / 00:22:10 (0%) A-V:  0.005 Cache: 93s/25MB
AV: 00:00:01 / 00:22:10 (0%) A-V:  0.000 Cache: 73s/56MB
AV: 00:00:00 / 00:22:10 (0%) A-V:  0.001 Cache: 16s/25MB
AV: 00:00:00 / 00:22:10 (0%) A-V:  0.004 Cache: 93s/26MB
AV: 00:00:00 / 00:22:10 (0%) A-V:  0.001 Cache: 12s/18MB
AV: 00:00:01 / 00:22:10 (0%) A-V:  0.000 Cache: 74s/56MB
AV: 00:00:01 / 00:22:10 (0%) A-V:  0.000 Cache: 74s/57MB
AV: 00:00:00 / 00:22:10 (0%) A-V:  0.004 Cache: 94s/27MB
AV: 00:00:01 / 00:22:10 (0%) A-V:  0.001 Cache: 16s/26MB
AV: 00:00:00 / 00:22:10 (0%) A-V:  0.001 Cache: 13s/18MB
AV: 00:00:01 / 00:22:10 (0%) A-V:  0.000 Cache: 75s/57MB
AV: 00:00:01 / 00:22:10 (0%) A-V:  0.000 Cache: 94s/60MB
AV: 00:00:01 / 00:22:10 (0%) A-V:  0.001 Cache: 17s/27MB
AV: 00:00:00 / 00:22:10 (0%) A-V:  0.003 Cache: 94s/27MB
AV: 00:00:00 / 00:22:10 (0%) A-V:  0.000 Cache: 13s/18MB
AV: 00:00:01 / 00:22:10 (0%) A-V:  0.000 Cache: 17s/27MB
AV: 00:00:00 / 00:22:10 (0%) A-V:  0.000 Cache: 13s/19MB
AV: 00:00:01 / 00:22:10 (0%) A-V:  0.000 Cache: 95s/60MB
AV: 00:00:01 / 00:22:10 (0%) A-V:  0.000 Cache: 97s/60MB
AV: 00:00:00 / 00:22:10 (0%) A-V:  0.003 Cache: 95s/28MB
AV: 00:00:01 / 00:22:10 (0%) A-V:  0.000 Cache: 17s/28MB
AV: 00:00:01 / 00:22:10 (0%) A-V:  0.000 Cache: 99s/61MB
AV: 00:00:01 / 00:22:10 (0%) A-V:  0.000 Cache: 18s/29MB
AV: 00:00:00 / 00:22:10 (0%) A-V:  0.002 Cache: 95s/29MB
AV: 00:00:01 / 00:22:10 (0%) A-V:  0.000 Cache: 100s/61MB
AV: 00:00:00 / 00:22:10 (0%) A-V:  0.000 Cache: 13s/20MB
AV: 00:00:01 / 00:22:10 (0%) A-V:  0.000 Cache: 104s/62MB
AV: 00:00:01 / 00:22:10 (0%) A-V:  0.000 Cache: 106s/62MB
AV: 00:00:00 / 00:22:10 (0%) A-V:  0.002 Cache: 96s/29MB
AV: 00:00:01 / 00:22:10 (0%) A-V:  0.000 Cache: 107s/62MB
AV: 00:00:00 / 00:22:10 (0%) A-V:  0.002 Cache: 96s/30MB
AV: 00:00:00 / 00:22:10 (0%) A-V:  0.000 Cache: 13s/21MB
AV: 00:00:01 / 00:22:10 (0%) A-V:  0.000 Cache: 110s/63MB
AV: 00:00:01 / 00:22:10 (0%) A-V:  0.000 Cache: 111s/63MB
AV: 00:00:01 / 00:22:10 (0%) A-V:  0.000 Cache: 112s/63MB
AV: 00:00:01 / 00:22:10 (0%) A-V:  0.000 Cache: 19s/30MB
AV: 00:00:00 / 00:22:10 (0%) A-V:  0.002 Cache: 97s/31MB
AV: 00:00:01 / 00:22:10 (0%) A-V:  0.000 Cache: 19s/31MB
AV: 00:00:00 / 00:22:10 (0%) A-V:  0.000 Cache: 14s/22MB
AV: 00:00:01 / 00:22:10 (0%) A-V:  0.000 Cache: 113s/64MB
AV: 00:00:01 / 00:22:10 (0%) A-V:  0.000 Cache: 20s/32MB
AV: 00:00:00 / 00:22:10 (0%) A-V:  0.001 Cache: 98s/32MB
AV: 00:00:01 / 00:22:10 (0%) A-V:  0.000 Cache: 115s/65MB
AV: 00:00:00 / 00:22:10 (0%) A-V:  0.000 Cache: 15s/23MB
AV: 00:00:01 / 00:22:10 (0%) A-V:  0.000 Cache: 119s/66MB
AV: 00:00:01 / 00:22:10 (0%) A-V:  0.000 Cache: 120s/66MB
AV: 00:00:00 / 00:22:10 (0%) A-V:  0.001 Cache: 99s/33MB
AV: 00:00:01 / 00:22:10 (0%) A-V:  0.000 Cache: 21s/33MB
AV: 00:00:01 / 00:22:10 (0%) A-V:  0.000 Cache: 122s/67MB
AV: 00:00:01 / 00:22:10 (0%) A-V:  0.000 Cache: 123s/68MB
AV: 00:00:00 / 00:22:10 (0%) A-V:  0.000 Cache: 16s/24MB
AV: 00:00:00 / 00:22:10 (0%) A-V:  0.001 Cache: 100s/34MB
AV: 00:00:01 / 00:22:10 (0%) A-V:  0.000 Cache: 21s/34MB
AV: 00:00:01 / 00:22:10 (0%) A-V:  0.000 Cache: 22s/34MB
AV: 00:00:00 / 00:22:10 (0%) A-V:  0.000 Cache: 17s/25MB
AV: 00:00:01 / 00:22:10 (0%) A-V:  0.000 Cache: 123s/69MB
AV: 00:00:01 / 00:22:10 (0%) A-V:  0.000 Cache: 124s/69MB
AV: 00:00:00 / 00:22:10 (0%) A-V:  0.001 Cache: 101s/35MB
AV: 00:00:01 / 00:22:10 (0%) A-V:  0.000 Cache: 22s/35MB
AV: 00:00:01 / 00:22:10 (0%) A-V:  0.000 Cache: 125s/69MB
AV: 00:00:00 / 00:22:10 (0%) A-V:  0.000 Cache: 17s/26MB
AV: 00:00:01 / 00:22:10 (0%) A-V:  0.000 Cache: 23s/35MB
AV: 00:00:00 / 00:22:10 (0%) A-V:  0.001 Cache: 102s/35MB
AV: 00:00:01 / 00:22:10 (0%) A-V:  0.000 Cache: 127s/70MB
AV: 00:00:00 / 00:22:10 (0%) A-V:  0.000 Cache: 18s/26MB
AV: 00:00:01 / 00:22:10 (0%) A-V:  0.000 Cache: 128s/70MB
AV: 00:00:01 / 00:22:10 (0%) A-V:  0.000 Cache: 129s/71MB
AV: 00:00:01 / 00:22:10 (0%) A-V:  0.000 Cache: 23s/36MB
AV: 00:00:00 / 00:22:10 (0%) A-V:  0.001 Cache: 102s/36MB
AV: 00:00:00 / 00:22:10 (0%) A-V:  0.000 Cache: 18s/27MB
AV: 00:00:01 / 00:22:10 (0%) A-V:  0.000 Cache: 131s/71MB
AV: 00:00:00 / 00:22:10 (0%) A-V:  0.001 Cache: 103s/36MB
AV: 00:00:01 / 00:22:10 (0%) A-V:  0.000 Cache: 132s/71MB
AV: 00:00:01 / 00:22:10 (0%) A-V:  0.000 Cache: 24s/36MB
AV: 00:00:00 / 00:22:10 (0%) A-V:  0.000 Cache: 19s/27MB
AV: 00:00:01 / 00:22:10 (0%) A-V:  0.000 Cache: 139s/81MB
AV: 00:00:01 / 00:22:10 (0%) A-V:  0.000 Cache: 24s/37MB
AV: 00:00:01 / 00:22:10 (0%) A-V:  0.001 Cache: 103s/37MB
AV: 00:00:01 / 00:22:10 (0%) A-V:  0.000 Cache: 140s/82MB
AV: 00:00:00 / 00:22:10 (0%) A-V:  0.000 Cache: 19s/28MB
AV: 00:00:01 / 00:22:10 (0%) A-V:  0.000 Cache: 20s/28MB
AV: 00:00:01 / 00:22:10 (0%) A-V:  0.001 Cache: 105s/38MB
AV: 00:00:01 / 00:22:10 (0%) A-V:  0.000 Cache: 25s/38MB
AV: 00:00:01 / 00:22:10 (0%) A-V:  0.000 Cache: 20s/29MB
AV: 00:00:01 / 00:22:10 (0%) A-V:  0.000 Cache: 26s/39MB
AV: 00:00:01 / 00:22:10 (0%) A-V:  0.000 Cache: 105s/39MB
AV: 00:00:01 / 00:22:10 (0%) A-V:  0.000 Cache: 141s/83MB
AV: 00:00:01 / 00:22:10 (0%) A-V:  0.000 Cache: 106s/40MB
AV: 00:00:01 / 00:22:10 (0%) A-V:  0.000 Cache: 28s/43MB
AV: 00:00:01 / 00:22:10 (0%) A-V:  0.000 Cache: 21s/30MB
AV: 00:00:01 / 00:22:10 (0%) A-V:  0.000 Cache: 107s/40MB
AV: 00:00:01 / 00:22:10 (0%) A-V:  0.000 Cache: 29s/43MB
AV: 00:00:01 / 00:22:10 (0%) A-V:  0.000 Cache: 141s/84MB
AV: 00:00:01 / 00:22:10 (0%) A-V:  0.000 Cache: 142s/84MB
AV: 00:00:01 / 00:22:10 (0%) A-V:  0.000 Cache: 22s/30MB
AV: 00:00:01 / 00:22:10 (0%) A-V:  0.000 Cache: 33s/44MB
AV: 00:00:01 / 00:22:10 (0%) A-V:  0.000 Cache: 108s/41MB
AV: 00:00:01 / 00:22:10 (0%) A-V:  0.000 Cache: 22s/31MB
AV: 00:00:01 / 00:22:10 (0%) A-V:  0.000 Cache: 34s/45MB
AV: 00:00:01 / 00:22:10 (0%) A-V:  0.000 Cache: 108s/42MB
AV: 00:00:01 / 00:22:10 (0%) A-V:  0.000 Cache: 142s/85MB
AV: 00:00:01 / 00:22:10 (0%) A-V:  0.000 Cache: 143s/85MB
AV: 00:00:01 / 00:22:10 (0%) A-V:  0.000 Cache: 118s/46MB
AV: 00:00:01 / 00:22:10 (0%) A-V:  0.000 Cache: 37s/46MB
AV: 00:00:01 / 00:22:10 (0%) A-V:  0.000 Cache: 143s/86MB
AV: 00:00:01 / 00:22:10 (0%) A-V:  0.000 Cache: 23s/32MB
AV: 00:00:01 / 00:22:10 (0%) A-V:  0.000 Cache: 120s/47MB
AV: 00:00:01 / 00:22:10 (0%) A-V:  0.000 Cache: 144s/87MB
AV: 00:00:01 / 00:22:10 (0%) A-V:  0.000 Cache: 24s/33MB
AV: 00:00:01 / 00:22:10 (0%) A-V:  0.000 Cache: 42s/48MB
AV: 00:00:01 / 00:22:10 (0%) A-V:  0.000 Cache: 44s/49MB
AV: 00:00:01 / 00:22:10 (0%) A-V:  0.000 Cache: 124s/49MB
AV: 00:00:01 / 00:22:10 (0%) A-V:  0.000 Cache: 145s/88MB
AV: 00:00:01 / 00:22:10 (0%) A-V:  0.000 Cache: 24s/34MB
AV: 00:00:02 / 00:22:10 (0%) A-V:  0.000 Cache: 145s/88MB
AV: 00:00:01 / 00:22:10 (0%) A-V:  0.000 Cache: 25s/34MB
AV: 00:00:01 / 00:22:10 (0%) A-V:  0.000 Cache: 125s/49MB
AV: 00:00:01 / 00:22:10 (0%) A-V:  0.000 Cache: 45s/50MB
AV: 00:00:01 / 00:22:10 (0%) A-V:  0.000 Cache: 25s/35MB
AV: 00:00:02 / 00:22:10 (0%) A-V:  0.000 Cache: 145s/89MB
AV: 00:00:01 / 00:22:10 (0%) A-V:  0.000 Cache: 25s/36MB
AV: 00:00:02 / 00:22:10 (0%) A-V:  0.000 Cache: 146s/89MB
AV: 00:00:01 / 00:22:10 (0%) A-V:  0.000 Cache: 126s/51MB
AV: 00:00:02 / 00:22:10 (0%) A-V:  0.000 Cache: 52s/52MB
AV: 00:00:01 / 00:22:10 (0%) A-V:  0.000 Cache: 26s/36MB
AV: 00:00:02 / 00:22:10 (0%) A-V:  0.000 Cache: 146s/90MB
AV: 00:00:02 / 00:22:10 (0%) A-V:  0.000 Cache: 52s/53MB
AV: 00:00:01 / 00:22:10 (0%) A-V:  0.000 Cache: 127s/52MB
AV: 00:00:02 / 00:22:10 (0%) A-V:  0.000 Cache: 147s/90MB
AV: 00:00:01 / 00:22:10 (0%) A-V:  0.000 Cache: 26s/37MB
AV: 00:00:01 / 00:22:10 (0%) A-V:  0.000 Cache: 128s/52MB
AV: 00:00:02 / 00:22:10 (0%) A-V:  0.000 Cache: 147s/91MB
AV: 00:00:01 / 00:22:10 (0%) A-V:  0.000 Cache: 27s/37MB
AV: 00:00:02 / 00:22:10 (0%) A-V:  0.000 Cache: 52s/54MB
AV: 00:00:01 / 00:22:10 (0%) A-V:  0.000 Cache: 129s/54MB
AV: 00:00:02 / 00:22:10 (0%) A-V:  0.000 Cache: 52s/55MB
AV: 00:00:01 / 00:22:10 (0%) A-V:  0.000 Cache: 27s/38MB
AV: 00:00:02 / 00:22:10 (0%) A-V:  0.000 Cache: 148s/91MB
AV: 00:00:02 / 00:22:10 (0%) A-V:  0.000 Cache: 148s/92MB
AV: 00:00:01 / 00:22:10 (0%) A-V:  0.000 Cache: 28s/38MB
AV: 00:00:02 / 00:22:10 (0%) A-V:  0.000 Cache: 156s/96MB
AV: 00:00:01 / 00:22:10 (0%) A-V:  0.000 Cache: 130s/55MB
AV: 00:00:02 / 00:22:10 (0%) A-V:  0.000 Cache: 52s/56MB
AV: 00:00:01 / 00:22:10 (0%) A-V:  0.000 Cache: 28s/39MB
AV: 00:00:01 / 00:22:10 (0%) A-V:  0.000 Cache: 29s/39MB
AV: 00:00:02 / 00:22:10 (0%) A-V:  0.000 Cache: 52s/57MB
AV: 00:00:01 / 00:22:10 (0%) A-V:  0.000 Cache: 30s/39MB
AV: 00:00:01 / 00:22:10 (0%) A-V:  0.000 Cache: 31s/40MB
AV: 00:00:02 / 00:22:10 (0%) A-V:  0.000 Cache: 156s/97MB
AV: 00:00:01 / 00:22:10 (0%) A-V:  0.000 Cache: 33s/40MB
AV: 00:00:01 / 00:22:10 (0%) A-V:  0.000 Cache: 131s/56MB
AV: 00:00:01 / 00:22:10 (0%) A-V:  0.000 Cache: 34s/40MB
AV: 00:00:01 / 00:22:10 (0%) A-V:  0.000 Cache: 131s/57MB
AV: 00:00:02 / 00:22:10 (0%) A-V:  0.000 Cache: 52s/58MB
AV: 00:00:01 / 00:22:10 (0%) A-V:  0.000 Cache: 35s/41MB
AV: 00:00:02 / 00:22:10 (0%) A-V:  0.000 Cache: 156s/98MB
AV: 00:00:01 / 00:22:10 (0%) A-V:  0.000 Cache: 36s/41MB
AV: 00:00:02 / 00:22:10 (0%) A-V:  0.000 Cache: 53s/58MB
AV: 00:00:01 / 00:22:10 (0%) A-V:  0.000 Cache: 132s/57MB
AV: 00:00:01 / 00:22:10 (0%) A-V:  0.000 Cache: 38s/41MB
AV: 00:00:01 / 00:22:10 (0%) A-V:  0.000 Cache: 132s/58MB
AV: 00:00:02 / 00:22:10 (0%) A-V:  0.000 Cache: 156s/99MB
AV: 00:00:02 / 00:22:10 (0%) A-V:  0.000 Cache: 54s/59MB
AV: 00:00:02 / 00:22:10 (0%) A-V:  0.000 Cache: 54s/60MB
AV: 00:00:01 / 00:22:10 (0%) A-V:  0.000 Cache: 133s/59MB
AV: 00:00:01 / 00:22:10 (0%) A-V:  0.000 Cache: 38s/42MB
AV: 00:00:02 / 00:22:10 (0%) A-V:  0.000 Cache: 156s/100MB
AV: 00:00:01 / 00:22:10 (0%) A-V:  0.000 Cache: 44s/42MB
AV: 00:00:01 / 00:22:10 (0%) A-V:  0.000 Cache: 46s/43MB
AV: 00:00:02 / 00:22:10 (0%) A-V:  0.000 Cache: 55s/61MB
AV: 00:00:01 / 00:22:10 (0%) A-V:  0.000 Cache: 53s/44MB
AV: 00:00:01 / 00:22:10 (0%) A-V:  0.000 Cache: 134s/60MB
AV: 00:00:02 / 00:22:10 (0%) A-V:  0.000 Cache: 156s/101MB
AV: 00:00:02 / 00:22:10 (0%) A-V:  0.000 Cache: 56s/61MB
AV: 00:00:02 / 00:22:10 (0%) A-V:  0.000 Cache: 56s/62MB
AV: 00:00:02 / 00:22:10 (0%) A-V:  0.000 Cache: 157s/101MB
AV: 00:00:02 / 00:22:10 (0%) A-V:  0.000 Cache: 135s/61MB
AV: 00:00:02 / 00:22:10 (0%) A-V:  0.000 Cache: 157s/102MB
AV: 00:00:02 / 00:22:10 (0%) A-V:  0.000 Cache: 53s/44MB
AV: 00:00:02 / 00:22:10 (0%) A-V:  0.000 Cache: 56s/63MB
AV: 00:00:02 / 00:22:10 (0%) A-V:  0.000 Cache: 158s/102MB
AV: 00:00:02 / 00:22:10 (0%) A-V:  0.000 Cache: 53s/45MB
AV: 00:00:02 / 00:22:10 (0%) A-V:  0.000 Cache: 57s/63MB
AV: 00:00:02 / 00:22:10 (0%) A-V:  0.000 Cache: 136s/62MB
AV: 00:00:02 / 00:22:10 (0%) A-V:  0.000 Cache: 53s/46MB
AV: 00:00:02 / 00:22:10 (0%) A-V:  0.000 Cache: 158s/103MB
AV: 00:00:02 / 00:22:10 (0%) A-V:  0.000 Cache: 136s/63MB
AV: 00:00:02 / 00:22:10 (0%) A-V:  0.000 Cache: 57s/64MB
AV: 00:00:02 / 00:22:10 (0%) A-V:  0.000 Cache: 159s/103MB
AV: 00:00:02 / 00:22:10 (0%) A-V:  0.000 Cache: 137s/63MB
AV: 00:00:02 / 00:22:10 (0%) A-V:  0.000 Cache: 58s/64MB
AV: 00:00:02 / 00:22:10 (0%) A-V:  0.000 Cache: 159s/104MB
AV: 00:00:02 / 00:22:10 (0%) A-V:  0.000 Cache: 53s/47MB
AV: 00:00:02 / 00:22:10 (0%) A-V:  0.000 Cache: 138s/64MB
AV: 00:00:02 / 00:22:10 (0%) A-V:  0.000 Cache: 58s/65MB
AV: 00:00:02 / 00:22:10 (0%) A-V:  0.000 Cache: 59s/66MB
AV: 00:00:02 / 00:22:10 (0%) A-V:  0.000 Cache: 160s/104MB
AV: 00:00:02 / 00:22:10 (0%) A-V:  0.000 Cache: 53s/48MB
AV: 00:00:02 / 00:22:10 (0%) A-V:  0.000 Cache: 160s/105MB
AV: 00:00:02 / 00:22:10 (0%) A-V:  0.000 Cache: 54s/48MB
AV: 00:00:02 / 00:22:10 (0%) A-V:  0.000 Cache: 139s/65MB
AV: 00:00:02 / 00:22:10 (0%) A-V:  0.000 Cache: 59s/67MB
AV: 00:00:02 / 00:22:10 (0%) A-V:  0.000 Cache: 161s/106MB
AV: 00:00:02 / 00:22:10 (0%) A-V:  0.000 Cache: 54s/49MB
AV: 00:00:02 / 00:22:10 (0%) A-V:  0.000 Cache: 139s/66MB
AV: 00:00:02 / 00:22:10 (0%) A-V:  0.000 Cache: 60s/67MB
AV: 00:00:02 / 00:22:10 (0%) A-V:  0.000 Cache: 55s/49MB
AV: 00:00:03 / 00:22:10 (0%) A-V:  0.000 Cache: 161s/106MB
AV: 00:00:03 / 00:22:10 (0%) A-V:  0.000 Cache: 161s/107MB
AV: 00:00:02 / 00:22:10 (0%) A-V:  0.000 Cache: 55s/50MB
AV: 00:00:02 / 00:22:10 (0%) A-V:  0.000 Cache: 61s/68MB
AV: 00:00:03 / 00:22:10 (0%) A-V:  0.000 Cache: 162s/107MB
AV: 00:00:02 / 00:22:10 (0%) A-V:  0.000 Cache: 140s/67MB
AV: 00:00:02 / 00:22:10 (0%) A-V:  0.000 Cache: 56s/50MB
AV: 00:00:02 / 00:22:10 (0%) A-V:  0.000 Cache: 56s/51MB
AV: 00:00:03 / 00:22:10 (0%) A-V:  0.000 Cache: 162s/108MB
AV: 00:00:02 / 00:22:10 (0%) A-V:  0.000 Cache: 141s/68MB
AV: 00:00:03 / 00:22:10 (0%) A-V:  0.000 Cache: 61s/69MB
AV: 00:00:03 / 00:22:10 (0%) A-V:  0.000 Cache: 62s/69MB
AV: 00:00:03 / 00:22:10 (0%) A-V:  0.000 Cache: 163s/108MB
AV: 00:00:02 / 00:22:10 (0%) A-V:  0.000 Cache: 57s/52MB
AV: 00:00:03 / 00:22:10 (0%) A-V:  0.000 Cache: 163s/109MB
AV: 00:00:03 / 00:22:10 (0%) A-V:  0.000 Cache: 62s/70MB
AV: 00:00:02 / 00:22:10 (0%) A-V:  0.000 Cache: 141s/69MB
AV: 00:00:02 / 00:22:10 (0%) A-V:  0.000 Cache: 58s/52MB
AV: 00:00:03 / 00:22:10 (0%) A-V:  0.000 Cache: 63s/71MB
AV: 00:00:02 / 00:22:10 (0%) A-V:  0.000 Cache: 142s/69MB
AV: 00:00:02 / 00:22:10 (0%) A-V:  0.000 Cache: 58s/53MB
AV: 00:00:03 / 00:22:10 (0%) A-V:  0.000 Cache: 164s/110MB
AV: 00:00:02 / 00:22:10 (0%) A-V:  0.000 Cache: 142s/70MB
AV: 00:00:02 / 00:22:10 (0%) A-V:  0.000 Cache: 59s/53MB
AV: 00:00:03 / 00:22:10 (0%) A-V:  0.000 Cache: 165s/111MB
AV: 00:00:02 / 00:22:10 (0%) A-V:  0.000 Cache: 59s/54MB
AV: 00:00:03 / 00:22:10 (0%) A-V:  0.000 Cache: 64s/72MB
AV: 00:00:02 / 00:22:10 (0%) A-V:  0.000 Cache: 60s/54MB
AV: 00:00:02 / 00:22:10 (0%) A-V:  0.000 Cache: 143s/70MB
AV: 00:00:02 / 00:22:10 (0%) A-V:  0.000 Cache: 153s/72MB
AV: 00:00:03 / 00:22:10 (0%) A-V:  0.000 Cache: 64s/73MB
AV: 00:00:02 / 00:22:10 (0%) A-V:  0.000 Cache: 60s/55MB
AV: 00:00:03 / 00:22:10 (0%) A-V:  0.000 Cache: 166s/111MB
AV: 00:00:02 / 00:22:10 (0%) A-V:  0.000 Cache: 155s/73MB
AV: 00:00:03 / 00:22:10 (0%) A-V:  0.000 Cache: 170s/111MB
AV: 00:00:03 / 00:22:10 (0%) A-V:  0.000 Cache: 65s/73MB
AV: 00:00:02 / 00:22:10 (0%) A-V:  0.000 Cache: 61s/55MB
AV: 00:00:03 / 00:22:10 (0%) A-V:  0.000 Cache: 173s/112MB
AV: 00:00:03 / 00:22:10 (0%) A-V:  0.000 Cache: 178s/112MB
AV: 00:00:03 / 00:22:10 (0%) A-V:  0.000 Cache: 65s/74MB
AV: 00:00:02 / 00:22:10 (0%) A-V:  0.000 Cache: 156s/74MB
AV: 00:00:03 / 00:22:10 (0%) A-V:  0.000 Cache: 181s/116MB
AV: 00:00:02 / 00:22:10 (0%) A-V:  0.000 Cache: 158s/74MB
AV: 00:00:02 / 00:22:10 (0%) A-V:  0.000 Cache: 61s/56MB
AV: 00:00:03 / 00:22:10 (0%) A-V:  0.000 Cache: 189s/126MB
AV: 00:00:03 / 00:22:10 (0%) A-V:  0.000 Cache: 189s/127MB
AV: 00:00:02 / 00:22:10 (0%) A-V:  0.000 Cache: 62s/56MB
AV: 00:00:03 / 00:22:10 (0%) A-V:  0.000 Cache: 66s/75MB
AV: 00:00:02 / 00:22:10 (0%) A-V:  0.000 Cache: 163s/75MB
AV: 00:00:03 / 00:22:10 (0%) A-V:  0.000 Cache: 190s/127MB
AV: 00:00:02 / 00:22:10 (0%) A-V:  0.000 Cache: 62s/57MB
AV: 00:00:02 / 00:22:10 (0%) A-V:  0.000 Cache: 165s/75MB
AV: 00:00:03 / 00:22:10 (0%) A-V:  0.000 Cache: 190s/128MB
AV: 00:00:03 / 00:22:10 (0%) A-V:  0.000 Cache: 67s/76MB
AV: 00:00:02 / 00:22:10 (0%) A-V:  0.000 Cache: 63s/57MB
AV: 00:00:02 / 00:22:10 (0%) A-V:  0.000 Cache: 169s/76MB
AV: 00:00:03 / 00:22:10 (0%) A-V:  0.000 Cache: 191s/128MB
AV: 00:00:02 / 00:22:10 (0%) A-V:  0.000 Cache: 63s/58MB
AV: 00:00:03 / 00:22:10 (0%) A-V:  0.000 Cache: 191s/129MB
AV: 00:00:02 / 00:22:10 (0%) A-V:  0.000 Cache: 64s/58MB
AV: 00:00:02 / 00:22:10 (0%) A-V:  0.000 Cache: 170s/76MB
AV: 00:00:02 / 00:22:10 (0%) A-V:  0.000 Cache: 173s/77MB
AV: 00:00:03 / 00:22:10 (0%) A-V:  0.000 Cache: 68s/77MB
AV: 00:00:03 / 00:22:10 (0%) A-V:  0.000 Cache: 192s/130MB
AV: 00:00:02 / 00:22:10 (0%) A-V:  0.000 Cache: 64s/59MB
AV: 00:00:03 / 00:22:10 (0%) A-V:  0.000 Cache: 69s/78MB
AV: 00:00:03 / 00:22:10 (0%) A-V:  0.000 Cache: 185s/80MB
AV: 00:00:03 / 00:22:10 (0%) A-V:  0.000 Cache: 64s/59MB
AV: 00:00:03 / 00:22:10 (0%) A-V:  0.000 Cache: 193s/130MB
AV: 00:00:03 / 00:22:10 (0%) A-V:  0.000 Cache: 193s/131MB
AV: 00:00:03 / 00:22:10 (0%) A-V:  0.000 Cache: 186s/80MB
AV: 00:00:03 / 00:22:10 (0%) A-V:  0.000 Cache: 69s/79MB
AV: 00:00:03 / 00:22:10 (0%) A-V:  0.000 Cache: 64s/60MB
AV: 00:00:03 / 00:22:10 (0%) A-V:  0.000 Cache: 196s/81MB
AV: 00:00:03 / 00:22:10 (0%) A-V:  0.000 Cache: 194s/131MB
AV: 00:00:03 / 00:22:10 (0%) A-V:  0.000 Cache: 194s/132MB
AV: 00:00:03 / 00:22:10 (0%) A-V:  0.000 Cache: 204s/82MB
AV: 00:00:03 / 00:22:10 (0%) A-V:  0.000 Cache: 79s/83MB
AV: 00:00:03 / 00:22:10 (0%) A-V:  0.000 Cache: 195s/133MB
AV: 00:00:03 / 00:22:10 (0%) A-V:  0.000 Cache: 64s/61MB
AV: 00:00:03 / 00:22:10 (0%) A-V:  0.000 Cache: 64s/62MB
AV: 00:00:03 / 00:22:10 (0%) A-V:  0.000 Cache: 215s/151MB
AV: 00:00:03 / 00:22:10 (0%) A-V:  0.000 Cache: 237s/165MB
AV: 00:00:03 / 00:22:10 (0%) A-V:  0.000 Cache: 64s/63MB
AV: 00:00:03 / 00:22:10 (0%) A-V:  0.000 Cache: 64s/64MB
AV: 00:00:03 / 00:22:10 (0%) A-V:  0.000 Cache: 79s/84MB
AV: 00:00:03 / 00:22:10 (0%) A-V:  0.000 Cache: 65s/65MB
AV: 00:00:03 / 00:22:10 (0%) A-V:  0.000 Cache: 65s/66MB
AV: 00:00:03 / 00:22:10 (0%) A-V:  0.000 Cache: 66s/67MB
AV: 00:00:03 / 00:22:10 (0%) A-V:  0.000 Cache: 205s/83MB
AV: 00:00:04 / 00:22:10 (0%) A-V:  0.000 Cache: 237s/165MB
AV: 00:00:03 / 00:22:10 (0%) A-V:  0.000 Cache: 67s/68MB
AV: 00:00:03 / 00:22:10 (0%) A-V:  0.000 Cache: 68s/70MB
AV: 00:00:03 / 00:22:10 (0%) A-V:  0.000 Cache: 69s/70MB
AV: 00:00:03 / 00:22:10 (0%) A-V:  0.000 Cache: 207s/83MB
AV: 00:00:03 / 00:22:10 (0%) A-V:  0.000 Cache: 70s/72MB
AV: 00:00:03 / 00:22:10 (0%) A-V:  0.000 Cache: 70s/73MB
AV: 00:00:04 / 00:22:10 (0%) A-V:  0.000 Cache: 237s/166MB
AV: 00:00:03 / 00:22:10 (0%) A-V:  0.000 Cache: 71s/74MB
AV: 00:00:04 / 00:22:10 (0%) A-V:  0.000 Cache: 80s/84MB
AV: 00:00:03 / 00:22:10 (0%) A-V:  0.000 Cache: 72s/75MB
AV: 00:00:04 / 00:22:10 (0%) A-V:  0.000 Cache: 81s/85MB
AV: 00:00:03 / 00:22:10 (0%) A-V:  0.000 Cache: 213s/84MB
AV: 00:00:03 / 00:22:10 (0%) A-V:  0.000 Cache: 73s/76MB
AV: 00:00:04 / 00:22:10 (0%) A-V:  0.000 Cache: 238s/167MB
AV: 00:00:04 / 00:22:10 (0%) A-V:  0.000 Cache: 240s/168MB
AV: 00:00:03 / 00:22:10 (0%) A-V:  0.000 Cache: 214s/84MB
AV: 00:00:04 / 00:22:10 (0%) A-V:  0.000 Cache: 84s/86MB
AV: 00:00:04 / 00:22:10 (0%) A-V:  0.000 Cache: 243s/168MB
AV: 00:00:04 / 00:22:10 (0%) A-V:  0.000 Cache: 86s/87MB
AV: 00:00:04 / 00:22:10 (0%) A-V:  0.000 Cache: 246s/169MB
AV: 00:00:03 / 00:22:10 (0%) A-V:  0.000 Cache: 74s/76MB
AV: 00:00:03 / 00:22:10 (0%) A-V:  0.000 Cache: 221s/85MB
AV: 00:00:04 / 00:22:10 (0%) A-V:  0.000 Cache: 248s/170MB
AV: 00:00:03 / 00:22:10 (0%) A-V:  0.000 Cache: 74s/77MB
AV: 00:00:04 / 00:22:10 (0%) A-V:  0.000 Cache: 88s/88MB
AV: 00:00:04 / 00:22:10 (0%) A-V:  0.000 Cache: 252s/178MB
AV: 00:00:03 / 00:22:10 (0%) A-V:  0.000 Cache: 75s/77MB
AV: 00:00:04 / 00:22:10 (0%) A-V:  0.000 Cache: 89s/89MB
AV: 00:00:03 / 00:22:10 (0%) A-V:  0.000 Cache: 230s/86MB
AV: 00:00:04 / 00:22:10 (0%) A-V:  0.000 Cache: 261s/186MB
AV: 00:00:03 / 00:22:10 (0%) A-V:  0.000 Cache: 74s/77MB
AV: 00:00:03 / 00:22:10 (0%) A-V:  0.000 Cache: 74s/78MB
AV: 00:00:03 / 00:22:10 (0%) A-V:  0.000 Cache: 229s/86MB
AV: 00:00:04 / 00:22:10 (0%) A-V:  0.000 Cache: 89s/90MB
AV: 00:00:04 / 00:22:10 (0%) A-V:  0.000 Cache: 92s/91MB
AV: 00:00:03 / 00:22:10 (0%) A-V:  0.000 Cache: 234s/87MB
AV: 00:00:04 / 00:22:10 (0%) A-V:  0.000 Cache: 261s/187MB
AV: 00:00:03 / 00:22:10 (0%) A-V:  0.000 Cache: 247s/88MB
AV: 00:00:04 / 00:22:10 (0%) A-V:  0.000 Cache: 93s/92MB
AV: 00:00:04 / 00:22:10 (0%) A-V:  0.000 Cache: 95s/92MB
AV: 00:00:04 / 00:22:10 (0%) A-V:  0.000 Cache: 261s/188MB
AV: 00:00:03 / 00:22:10 (0%) A-V:  0.000 Cache: 249s/88MB
AV: 00:00:04 / 00:22:10 (0%) A-V:  0.000 Cache: 96s/92MB
AV: 00:00:04 / 00:22:10 (0%) A-V:  0.000 Cache: 97s/92MB
AV: 00:00:03 / 00:22:10 (0%) A-V:  0.000 Cache: 249s/89MB
AV: 00:00:03 / 00:22:10 (0%) A-V:  0.000 Cache: 76s/79MB
AV: 00:00:04 / 00:22:10 (0%) A-V:  0.000 Cache: 261s/189MB
AV: 00:00:04 / 00:22:10 (0%) A-V:  0.000 Cache: 102s/93MB
AV: 00:00:03 / 00:22:10 (0%) A-V:  0.000 Cache: 250s/90MB
AV: 00:00:03 / 00:22:10 (0%) A-V:  0.000 Cache: 78s/80MB
AV: 00:00:03 / 00:22:10 (0%) A-V:  0.000 Cache: 79s/80MB
AV: 00:00:03 / 00:22:10 (0%) A-V:  0.000 Cache: 90s/85MB
AV: 00:00:03 / 00:22:10 (0%) A-V:  0.000 Cache: 252s/90MB
AV: 00:00:04 / 00:22:10 (0%) A-V:  0.000 Cache: 102s/94MB
AV: 00:00:03 / 00:22:10 (0%) A-V:  0.000 Cache: 253s/91MB
AV: 00:00:03 / 00:22:10 (0%) A-V:  0.000 Cache: 91s/85MB
AV: 00:00:03 / 00:22:10 (0%) A-V:  0.000 Cache: 93s/85MB
AV: 00:00:04 / 00:22:10 (0%) A-V:  0.000 Cache: 262s/190MB
AV: 00:00:03 / 00:22:10 (0%) A-V:  0.000 Cache: 95s/85MB
AV: 00:00:04 / 00:22:10 (0%) A-V:  0.000 Cache: 255s/91MB
AV: 00:00:04 / 00:22:10 (0%) A-V:  0.000 Cache: 104s/95MB
AV: 00:00:04 / 00:22:10 (0%) A-V:  0.000 Cache: 263s/190MB
AV: 00:00:03 / 00:22:10 (0%) A-V:  0.000 Cache: 98s/86MB
AV: 00:00:04 / 00:22:10 (0%) A-V:  0.000 Cache: 257s/92MB
AV: 00:00:04 / 00:22:10 (0%) A-V:  0.000 Cache: 106s/95MB
AV: 00:00:04 / 00:22:10 (0%) A-V:  0.000 Cache: 263s/191MB
AV: 00:00:04 / 00:22:10 (0%) A-V:  0.000 Cache: 100s/86MB
AV: 00:00:04 / 00:22:10 (0%) A-V:  0.000 Cache: 101s/87MB
AV: 00:00:04 / 00:22:10 (0%) A-V:  0.000 Cache: 264s/191MB
AV: 00:00:04 / 00:22:10 (0%) A-V:  0.000 Cache: 103s/87MB
AV: 00:00:04 / 00:22:10 (0%) A-V:  0.000 Cache: 109s/96MB
AV: 00:00:04 / 00:22:10 (0%) A-V:  0.000 Cache: 259s/93MB
AV: 00:00:04 / 00:22:10 (0%) A-V:  0.000 Cache: 104s/87MB
AV: 00:00:04 / 00:22:10 (0%) A-V:  0.000 Cache: 110s/97MB
AV: 00:00:04 / 00:22:10 (0%) A-V:  0.000 Cache: 261s/93MB
AV: 00:00:04 / 00:22:10 (0%) A-V:  0.000 Cache: 106s/88MB
AV: 00:00:04 / 00:22:10 (0%) A-V:  0.000 Cache: 264s/192MB
AV: 00:00:04 / 00:22:10 (0%) A-V:  0.000 Cache: 107s/88MB
AV: 00:00:04 / 00:22:10 (0%) A-V:  0.000 Cache: 265s/193MB
AV: 00:00:04 / 00:22:10 (0%) A-V:  0.000 Cache: 263s/94MB
AV: 00:00:04 / 00:22:10 (0%) A-V:  0.000 Cache: 113s/97MB
AV: 00:00:04 / 00:22:10 (0%) A-V:  0.000 Cache: 130s/97MB
AV: 00:00:04 / 00:22:10 (0%) A-V:  0.000 Cache: 265s/94MB
AV: 00:00:04 / 00:22:10 (0%) A-V:  0.000 Cache: 113s/98MB
AV: 00:00:04 / 00:22:10 (0%) A-V:  0.000 Cache: 265s/192MB
AV: 00:00:04 / 00:22:10 (0%) A-V:  0.000 Cache: 145s/100MB
AV: 00:00:04 / 00:22:10 (0%) A-V:  0.000 Cache: 149s/100MB
AV: 00:00:04 / 00:22:10 (0%) A-V:  0.000 Cache: 265s/193MB
AV: 00:00:04 / 00:22:10 (0%) A-V:  0.000 Cache: 266s/94MB
AV: 00:00:04 / 00:22:10 (0%) A-V:  0.000 Cache: 266s/193MB
AV: 00:00:04 / 00:22:10 (0%) A-V:  0.000 Cache: 267s/95MB
AV: 00:00:04 / 00:22:10 (0%) A-V:  0.000 Cache: 266s/194MB
AV: 00:00:04 / 00:22:10 (0%) A-V:  0.000 Cache: 149s/101MB
AV: 00:00:04 / 00:22:10 (0%) A-V:  0.000 Cache: 268s/95MB
AV: 00:00:04 / 00:22:10 (0%) A-V:  0.000 Cache: 114s/99MB
AV: 00:00:05 / 00:22:10 (0%) A-V:  0.000 Cache: 267s/194MB
AV: 00:00:04 / 00:22:10 (0%) A-V:  0.000 Cache: 149s/102MB
AV: 00:00:05 / 00:22:10 (0%) A-V:  0.000 Cache: 267s/195MB
AV: 00:00:05 / 00:22:10 (0%) A-V:  0.000 Cache: 268s/195MB
AV: 00:00:04 / 00:22:10 (0%) A-V:  0.000 Cache: 269s/96MB
AV: 00:00:04 / 00:22:10 (0%) A-V:  0.000 Cache: 115s/100MB
AV: 00:00:04 / 00:22:10 (0%) A-V:  0.000 Cache: 150s/103MB
AV: 00:00:05 / 00:22:10 (0%) A-V:  0.000 Cache: 116s/101MB
AV: 00:00:04 / 00:22:10 (0%) A-V:  0.000 Cache: 275s/97MB
AV: 00:00:05 / 00:22:10 (0%) A-V:  0.000 Cache: 268s/196MB
AV: 00:00:04 / 00:22:10 (0%) A-V:  0.000 Cache: 151s/103MB
AV: 00:00:04 / 00:22:10 (0%) A-V:  0.000 Cache: 151s/104MB
AV: 00:00:05 / 00:22:10 (0%) A-V:  0.000 Cache: 269s/196MB
AV: 00:00:05 / 00:22:10 (0%) A-V:  0.000 Cache: 116s/102MB
AV: 00:00:04 / 00:22:10 (0%) A-V:  0.000 Cache: 290s/102MB
AV: 00:00:04 / 00:22:10 (0%) A-V:  0.000 Cache: 152s/104MB
AV: 00:00:05 / 00:22:10 (0%) A-V:  0.000 Cache: 270s/197MB
AV: 00:00:04 / 00:22:10 (0%) A-V:  0.000 Cache: 292s/104MB
AV: 00:00:04 / 00:22:10 (0%) A-V:  0.000 Cache: 153s/105MB
AV: 00:00:05 / 00:22:10 (0%) A-V:  0.000 Cache: 118s/103MB
AV: 00:00:04 / 00:22:10 (0%) A-V:  0.000 Cache: 302s/105MB
AV: 00:00:05 / 00:22:10 (0%) A-V:  0.000 Cache: 271s/198MB
AV: 00:00:04 / 00:22:10 (0%) A-V:  0.000 Cache: 154s/105MB
AV: 00:00:04 / 00:22:10 (0%) A-V:  0.000 Cache: 154s/106MB
AV: 00:00:04 / 00:22:10 (0%) A-V:  0.000 Cache: 305s/106MB
AV: 00:00:05 / 00:22:10 (0%) A-V:  0.000 Cache: 272s/199MB
AV: 00:00:04 / 00:22:10 (0%) A-V:  0.000 Cache: 155s/106MB
AV: 00:00:05 / 00:22:10 (0%) A-V:  0.000 Cache: 119s/104MB
AV: 00:00:04 / 00:22:10 (0%) A-V:  0.000 Cache: 156s/106MB
AV: 00:00:04 / 00:22:10 (0%) A-V:  0.000 Cache: 156s/107MB
AV: 00:00:05 / 00:22:10 (0%) A-V:  0.000 Cache: 273s/199MB
AV: 00:00:04 / 00:22:10 (0%) A-V:  0.000 Cache: 157s/107MB
AV: 00:00:05 / 00:22:10 (0%) A-V:  0.000 Cache: 120s/105MB
AV: 00:00:04 / 00:22:10 (0%) A-V:  0.000 Cache: 307s/107MB
AV: 00:00:05 / 00:22:10 (0%) A-V:  0.000 Cache: 273s/200MB
AV: 00:00:04 / 00:22:10 (0%) A-V:  0.000 Cache: 309s/108MB
AV: 00:00:04 / 00:22:10 (0%) A-V:  0.000 Cache: 157s/108MB
AV: 00:00:05 / 00:22:10 (0%) A-V:  0.000 Cache: 274s/200MB
AV: 00:00:04 / 00:22:10 (0%) A-V:  0.000 Cache: 158s/108MB
AV: 00:00:05 / 00:22:10 (0%) A-V:  0.000 Cache: 274s/201MB
AV: 00:00:05 / 00:22:10 (0%) A-V:  0.000 Cache: 121s/106MB
AV: 00:00:04 / 00:22:10 (0%) A-V:  0.000 Cache: 313s/109MB
AV: 00:00:04 / 00:22:10 (0%) A-V:  0.000 Cache: 159s/109MB
AV: 00:00:04 / 00:22:10 (0%) A-V:  0.000 Cache: 315s/109MB
AV: 00:00:05 / 00:22:10 (0%) A-V:  0.000 Cache: 275s/201MB
AV: 00:00:05 / 00:22:10 (0%) A-V:  0.000 Cache: 122s/107MB
AV: 00:00:04 / 00:22:10 (0%) A-V:  0.000 Cache: 160s/109MB
AV: 00:00:04 / 00:22:10 (0%) A-V:  0.000 Cache: 318s/110MB
AV: 00:00:05 / 00:22:10 (0%) A-V:  0.000 Cache: 275s/202MB
AV: 00:00:04 / 00:22:10 (0%) A-V:  0.000 Cache: 161s/110MB
AV: 00:00:05 / 00:22:10 (0%) A-V:  0.000 Cache: 276s/202MB
AV: 00:00:04 / 00:22:10 (0%) A-V:  0.000 Cache: 322s/111MB
AV: 00:00:05 / 00:22:10 (0%) A-V:  0.000 Cache: 123s/108MB
AV: 00:00:05 / 00:22:10 (0%) A-V:  0.000 Cache: 276s/203MB
AV: 00:00:04 / 00:22:10 (0%) A-V:  0.000 Cache: 162s/110MB
AV: 00:00:04 / 00:22:10 (0%) A-V:  0.000 Cache: 163s/111MB
AV: 00:00:04 / 00:22:10 (0%) A-V:  0.000 Cache: 326s/111MB
AV: 00:00:05 / 00:22:10 (0%) A-V:  0.000 Cache: 302s/209MB
AV: 00:00:05 / 00:22:10 (0%) A-V:  0.000 Cache: 123s/109MB
AV: 00:00:04 / 00:22:10 (0%) A-V:  0.000 Cache: 330s/112MB
AV: 00:00:05 / 00:22:10 (0%) A-V:  0.000 Cache: 302s/210MB
AV: 00:00:04 / 00:22:10 (0%) A-V:  0.000 Cache: 164s/112MB
AV: 00:00:05 / 00:22:10 (0%) A-V:  0.000 Cache: 124s/109MB
AV: 00:00:04 / 00:22:10 (0%) A-V:  0.000 Cache: 340s/113MB
AV: 00:00:05 / 00:22:10 (0%) A-V:  0.000 Cache: 301s/210MB
AV: 00:00:04 / 00:22:10 (0%) A-V:  0.000 Cache: 165s/112MB
AV: 00:00:05 / 00:22:10 (0%) A-V:  0.000 Cache: 301s/211MB
AV: 00:00:04 / 00:22:10 (0%) A-V:  0.000 Cache: 166s/113MB
AV: 00:00:05 / 00:22:10 (0%) A-V:  0.000 Cache: 340s/114MB
AV: 00:00:05 / 00:22:10 (0%) A-V:  0.000 Cache: 123s/109MB
AV: 00:00:05 / 00:22:10 (0%) A-V:  0.000 Cache: 123s/110MB
AV: 00:00:05 / 00:22:10 (0%) A-V:  0.000 Cache: 166s/113MB
AV: 00:00:05 / 00:22:10 (0%) A-V:  0.000 Cache: 301s/212MB
AV: 00:00:05 / 00:22:10 (0%) A-V:  0.000 Cache: 169s/113MB
AV: 00:00:05 / 00:22:10 (0%) A-V:  0.000 Cache: 171s/114MB
AV: 00:00:05 / 00:22:10 (0%) A-V:  0.000 Cache: 340s/115MB
AV: 00:00:05 / 00:22:10 (0%) A-V:  0.000 Cache: 128s/111MB
AV: 00:00:05 / 00:22:10 (0%) A-V:  0.000 Cache: 302s/212MB
AV: 00:00:05 / 00:22:10 (0%) A-V:  0.000 Cache: 178s/114MB
AV: 00:00:05 / 00:22:10 (0%) A-V:  0.000 Cache: 128s/112MB
AV: 00:00:05 / 00:22:10 (0%) A-V:  0.000 Cache: 189s/118MB
AV: 00:00:05 / 00:22:10 (0%) A-V:  0.000 Cache: 302s/213MB
AV: 00:00:05 / 00:22:10 (0%) A-V:  0.000 Cache: 340s/116MB
AV: 00:00:05 / 00:22:10 (0%) A-V:  0.000 Cache: 132s/113MB
AV: 00:00:05 / 00:22:10 (0%) A-V:  0.000 Cache: 134s/113MB
AV: 00:00:05 / 00:22:10 (0%) A-V:  0.000 Cache: 189s/119MB
AV: 00:00:05 / 00:22:10 (0%) A-V:  0.000 Cache: 303s/213MB
AV: 00:00:05 / 00:22:10 (0%) A-V:  0.000 Cache: 303s/214MB
AV: 00:00:05 / 00:22:10 (0%) A-V:  0.000 Cache: 140s/114MB
AV: 00:00:05 / 00:22:10 (0%) A-V:  0.000 Cache: 190s/119MB
AV: 00:00:05 / 00:22:10 (0%) A-V:  0.000 Cache: 192s/120MB
AV: 00:00:05 / 00:22:10 (0%) A-V:  0.000 Cache: 340s/117MB
AV: 00:00:05 / 00:22:10 (0%) A-V:  0.000 Cache: 304s/214MB
AV: 00:00:05 / 00:22:10 (0%) A-V:  0.000 Cache: 194s/120MB
AV: 00:00:05 / 00:22:10 (0%) A-V:  0.000 Cache: 198s/167MB
AV: 00:00:05 / 00:22:10 (0%) A-V:  0.000 Cache: 304s/215MB
AV: 00:00:05 / 00:22:10 (0%) A-V:  0.000 Cache: 196s/121MB
AV: 00:00:05 / 00:22:10 (0%) A-V:  0.000 Cache: 340s/118MB
AV: 00:00:05 / 00:22:10 (0%) A-V:  0.000 Cache: 199s/121MB
AV: 00:00:05 / 00:22:10 (0%) A-V:  0.000 Cache: 305s/215MB
AV: 00:00:05 / 00:22:10 (0%) A-V:  0.000 Cache: 305s/216MB
AV: 00:00:05 / 00:22:10 (0%) A-V:  0.000 Cache: 202s/122MB
AV: 00:00:05 / 00:22:10 (0%) A-V:  0.000 Cache: 341s/119MB
AV: 00:00:05 / 00:22:10 (0%) A-V:  0.000 Cache: 202s/168MB
AV: 00:00:05 / 00:22:10 (0%) A-V:  0.000 Cache: 203s/122MB
AV: 00:00:06 / 00:22:10 (0%) A-V:  0.000 Cache: 305s/216MB
AV: 00:00:05 / 00:22:10 (0%) A-V:  0.000 Cache: 342s/119MB
AV: 00:00:05 / 00:22:10 (0%) A-V:  0.000 Cache: 203s/170MB
AV: 00:00:06 / 00:22:10 (0%) A-V:  0.000 Cache: 306s/216MB
AV: 00:00:05 / 00:22:10 (0%) A-V:  0.000 Cache: 230s/129MB
AV: 00:00:06 / 00:22:10 (0%) A-V:  0.000 Cache: 306s/217MB
AV: 00:00:06 / 00:22:10 (0%) A-V:  0.000 Cache: 307s/218MB
AV: 00:00:05 / 00:22:10 (0%) A-V:  0.000 Cache: 342s/121MB
AV: 00:00:05 / 00:22:10 (0%) A-V:  0.000 Cache: 343s/121MB
AV: 00:00:06 / 00:22:10 (0%) A-V:  0.000 Cache: 203s/170MB
AV: 00:00:06 / 00:22:10 (0%) A-V:  0.000 Cache: 308s/219MB
AV: 00:00:06 / 00:22:10 (0%) A-V:  0.000 Cache: 309s/219MB
AV: 00:00:05 / 00:22:10 (0%) A-V:  0.000 Cache: 231s/130MB
AV: 00:00:06 / 00:22:10 (0%) A-V:  0.000 Cache: 265s/199MB
AV: 00:00:06 / 00:22:10 (0%) A-V:  0.000 Cache: 309s/220MB
AV: 00:00:05 / 00:22:10 (0%) A-V:  0.000 Cache: 238s/132MB
AV: 00:00:05 / 00:22:10 (0%) A-V:  0.000 Cache: 344s/123MB
AV: 00:00:06 / 00:22:10 (0%) A-V:  0.000 Cache: 310s/221MB
AV: 00:00:05 / 00:22:10 (0%) A-V:  0.000 Cache: 248s/134MB
AV: 00:00:06 / 00:22:10 (0%) A-V:  0.000 Cache: 301s/242MB
AV: 00:00:05 / 00:22:10 (0%) A-V:  0.000 Cache: 345s/124MB
AV: 00:00:06 / 00:22:10 (0%) A-V:  0.000 Cache: 311s/221MB
AV: 00:00:05 / 00:22:10 (0%) A-V:  0.000 Cache: 248s/135MB
AV: 00:00:06 / 00:22:10 (0%) A-V:  0.000 Cache: 317s/244MB
AV: 00:00:05 / 00:22:10 (0%) A-V:  0.000 Cache: 346s/125MB
AV: 00:00:05 / 00:22:10 (0%) A-V:  0.000 Cache: 250s/136MB
AV: 00:00:06 / 00:22:10 (0%) A-V:  0.000 Cache: 312s/222MB
AV: 00:00:06 / 00:22:10 (0%) A-V:  0.000 Cache: 312s/223MB
AV: 00:00:05 / 00:22:10 (0%) A-V:  0.000 Cache: 251s/136MB
AV: 00:00:06 / 00:22:10 (0%) A-V:  0.000 Cache: 326s/257MB
AV: 00:00:06 / 00:22:10 (0%) A-V:  0.000 Cache: 313s/223MB
AV: 00:00:05 / 00:22:10 (0%) A-V:  0.000 Cache: 253s/137MB
AV: 00:00:05 / 00:22:10 (0%) A-V:  0.000 Cache: 347s/126MB
AV: 00:00:06 / 00:22:10 (0%) A-V:  0.000 Cache: 326s/258MB
AV: 00:00:06 / 00:22:10 (0%) A-V:  0.000 Cache: 314s/224MB
AV: 00:00:05 / 00:22:10 (0%) A-V:  0.000 Cache: 256s/138MB
AV: 00:00:06 / 00:22:10 (0%) A-V:  0.000 Cache: 315s/224MB
AV: 00:00:05 / 00:22:10 (0%) A-V:  0.000 Cache: 258s/139MB
AV: 00:00:06 / 00:22:10 (0%) A-V:  0.000 Cache: 315s/225MB
AV: 00:00:05 / 00:22:10 (0%) A-V:  0.000 Cache: 348s/128MB
AV: 00:00:06 / 00:22:10 (0%) A-V:  0.000 Cache: 328s/259MB
AV: 00:00:05 / 00:22:10 (0%) A-V:  0.000 Cache: 268s/156MB
AV: 00:00:05 / 00:22:10 (0%) A-V:  0.000 Cache: 267s/156MB
AV: 00:00:06 / 00:22:10 (0%) A-V:  0.000 Cache: 316s/226MB
AV: 00:00:05 / 00:22:10 (0%) A-V:  0.000 Cache: 280s/157MB
AV: 00:00:06 / 00:22:10 (0%) A-V:  0.000 Cache: 328s/260MB
AV: 00:00:05 / 00:22:10 (0%) A-V:  0.000 Cache: 349s/129MB
AV: 00:00:05 / 00:22:10 (0%) A-V:  0.000 Cache: 285s/158MB
AV: 00:00:06 / 00:22:10 (0%) A-V:  0.000 Cache: 329s/260MB
AV: 00:00:06 / 00:22:10 (0%) A-V:  0.000 Cache: 318s/227MB
AV: 00:00:05 / 00:22:10 (0%) A-V:  0.000 Cache: 300s/162MB
AV: 00:00:06 / 00:22:10 (0%) A-V:  0.000 Cache: 319s/227MB
AV: 00:00:05 / 00:22:10 (0%) A-V:  0.000 Cache: 350s/130MB
AV: 00:00:06 / 00:22:10 (0%) A-V:  0.000 Cache: 329s/261MB
AV: 00:00:06 / 00:22:10 (0%) A-V:  0.000 Cache: 319s/228MB
AV: 00:00:05 / 00:22:10 (0%) A-V:  0.000 Cache: 300s/163MB
AV: 00:00:06 / 00:22:10 (0%) A-V:  0.000 Cache: 320s/228MB
AV: 00:00:06 / 00:22:10 (0%) A-V:  0.000 Cache: 330s/262MB
AV: 00:00:06 / 00:22:10 (0%) A-V:  0.000 Cache: 320s/229MB
AV: 00:00:05 / 00:22:10 (0%) A-V:  0.000 Cache: 301s/164MB
AV: 00:00:05 / 00:22:10 (0%) A-V:  0.000 Cache: 351s/131MB
AV: 00:00:06 / 00:22:10 (0%) A-V:  0.000 Cache: 321s/229MB
AV: 00:00:06 / 00:22:10 (0%) A-V:  0.000 Cache: 321s/230MB
AV: 00:00:05 / 00:22:10 (0%) A-V:  0.000 Cache: 302s/164MB
AV: 00:00:06 / 00:22:10 (0%) A-V:  0.000 Cache: 322s/230MB
AV: 00:00:05 / 00:22:10 (0%) A-V:  0.000 Cache: 302s/165MB
AV: 00:00:05 / 00:22:10 (0%) A-V:  0.000 Cache: 352s/132MB
AV: 00:00:06 / 00:22:10 (0%) A-V:  0.000 Cache: 331s/263MB
AV: 00:00:05 / 00:22:10 (0%) A-V:  0.000 Cache: 303s/165MB
AV: 00:00:06 / 00:22:10 (0%) A-V:  0.000 Cache: 331s/264MB
AV: 00:00:05 / 00:22:10 (0%) A-V:  0.000 Cache: 352s/133MB
AV: 00:00:06 / 00:22:10 (0%) A-V:  0.000 Cache: 323s/231MB
AV: 00:00:05 / 00:22:10 (0%) A-V:  0.000 Cache: 303s/166MB
AV: 00:00:05 / 00:22:10 (0%) A-V:  0.000 Cache: 304s/166MB
AV: 00:00:06 / 00:22:10 (0%) A-V:  0.000 Cache: 324s/231MB
AV: 00:00:05 / 00:22:10 (0%) A-V:  0.000 Cache: 304s/167MB
AV: 00:00:05 / 00:22:10 (0%) A-V:  0.000 Cache: 353s/133MB
AV: 00:00:06 / 00:22:10 (0%) A-V:  0.000 Cache: 332s/265MB
AV: 00:00:05 / 00:22:10 (0%) A-V:  0.000 Cache: 305s/167MB
AV: 00:00:06 / 00:22:10 (0%) A-V:  0.000 Cache: 325s/232MB
AV: 00:00:05 / 00:22:10 (0%) A-V:  0.000 Cache: 353s/134MB
AV: 00:00:05 / 00:22:10 (0%) A-V:  0.000 Cache: 306s/168MB
AV: 00:00:06 / 00:22:10 (0%) A-V:  0.000 Cache: 326s/233MB
AV: 00:00:06 / 00:22:10 (0%) A-V:  0.000 Cache: 327s/233MB
AV: 00:00:06 / 00:22:10 (0%) A-V:  0.000 Cache: 333s/266MB
AV: 00:00:05 / 00:22:10 (0%) A-V:  0.000 Cache: 354s/134MB
AV: 00:00:05 / 00:22:10 (0%) A-V:  0.000 Cache: 307s/168MB
AV: 00:00:05 / 00:22:10 (0%) A-V:  0.000 Cache: 307s/169MB
AV: 00:00:06 / 00:22:10 (0%) A-V:  0.000 Cache: 354s/135MB
AV: 00:00:06 / 00:22:10 (1%) A-V:  0.000 Cache: 328s/234MB
AV: 00:00:05 / 00:22:10 (0%) A-V:  0.000 Cache: 308s/169MB
AV: 00:00:05 / 00:22:10 (0%) A-V:  0.000 Cache: 309s/169MB
AV: 00:00:06 / 00:22:10 (0%) A-V:  0.000 Cache: 334s/267MB
AV: 00:00:06 / 00:22:10 (1%) A-V:  0.000 Cache: 329s/235MB
AV: 00:00:06 / 00:22:10 (0%) A-V:  0.000 Cache: 309s/170MB
AV: 00:00:06 / 00:22:10 (0%) A-V:  0.000 Cache: 310s/170MB
AV: 00:00:06 / 00:22:10 (0%) A-V:  0.000 Cache: 355s/136MB
AV: 00:00:06 / 00:22:10 (0%) A-V:  0.000 Cache: 310s/171MB
AV: 00:00:06 / 00:22:10 (1%) A-V:  0.000 Cache: 330s/236MB
AV: 00:00:06 / 00:22:10 (1%) A-V:  0.000 Cache: 335s/267MB
AV: 00:00:06 / 00:22:10 (0%) A-V:  0.000 Cache: 311s/171MB
AV: 00:00:06 / 00:22:10 (1%) A-V:  0.000 Cache: 335s/268MB
AV: 00:00:06 / 00:22:10 (0%) A-V:  0.000 Cache: 356s/137MB
AV: 00:00:06 / 00:22:10 (1%) A-V:  0.000 Cache: 331s/236MB
AV: 00:00:06 / 00:22:10 (0%) A-V:  0.000 Cache: 312s/172MB
AV: 00:00:06 / 00:22:10 (1%) A-V:  0.000 Cache: 331s/237MB
AV: 00:00:06 / 00:22:10 (0%) A-V:  0.000 Cache: 313s/172MB
AV: 00:00:06 / 00:22:10 (1%) A-V:  0.000 Cache: 332s/237MB
AV: 00:00:06 / 00:22:10 (0%) A-V:  0.000 Cache: 356s/138MB
AV: 00:00:06 / 00:22:10 (1%) A-V:  0.000 Cache: 336s/269MB
AV: 00:00:06 / 00:22:10 (1%) A-V:  0.000 Cache: 359s/243MB
AV: 00:00:06 / 00:22:10 (0%) A-V:  0.000 Cache: 313s/173MB
AV: 00:00:06 / 00:22:10 (0%) A-V:  0.000 Cache: 357s/138MB
AV: 00:00:06 / 00:22:10 (0%) A-V:  0.000 Cache: 313s/177MB
AV: 00:00:06 / 00:22:10 (0%) A-V:  0.000 Cache: 337s/208MB
AV: 00:00:06 / 00:22:10 (1%) A-V:  0.000 Cache: 361s/244MB
AV: 00:00:06 / 00:22:10 (1%) A-V:  0.000 Cache: 364s/244MB
AV: 00:00:06 / 00:22:10 (0%) A-V:  0.000 Cache: 357s/139MB
AV: 00:00:06 / 00:22:10 (1%) A-V:  0.000 Cache: 337s/270MB
AV: 00:00:06 / 00:22:10 (0%) A-V:  0.000 Cache: 345s/218MB
AV: 00:00:06 / 00:22:10 (1%) A-V:  0.000 Cache: 367s/245MB
AV: 00:00:06 / 00:22:10 (0%) A-V:  0.000 Cache: 346s/219MB
AV: 00:00:06 / 00:22:10 (0%) A-V:  0.000 Cache: 358s/139MB
AV: 00:00:06 / 00:22:10 (1%) A-V:  0.000 Cache: 337s/271MB
AV: 00:00:06 / 00:22:10 (1%) A-V:  0.000 Cache: 371s/245MB
AV: 00:00:06 / 00:22:10 (0%) A-V:  0.000 Cache: 349s/220MB
AV: 00:00:06 / 00:22:10 (1%) A-V:  0.000 Cache: 373s/246MB
AV: 00:00:06 / 00:22:10 (0%) A-V:  0.000 Cache: 351s/220MB
AV: 00:00:06 / 00:22:10 (0%) A-V:  0.000 Cache: 358s/140MB
AV: 00:00:06 / 00:22:10 (1%) A-V:  0.000 Cache: 383s/256MB
AV: 00:00:06 / 00:22:10 (0%) A-V:  0.000 Cache: 353s/221MB
AV: 00:00:06 / 00:22:10 (1%) A-V:  0.000 Cache: 351s/288MB
AV: 00:00:07 / 00:22:10 (1%) A-V:  0.000 Cache: 444s/278MB
AV: 00:00:06 / 00:22:10 (0%) A-V:  0.000 Cache: 359s/222MB
AV: 00:00:06 / 00:22:10 (0%) A-V:  0.000 Cache: 370s/157MB
AV: 00:00:07 / 00:22:10 (1%) A-V:  0.000 Cache: 471s/303MB
Using hardware decoding (nvdec).
AV: 00:00:06 / 00:22:10 (1%) A-V:  0.000 Cache: 351s/288MB
AV: 00:00:07 / 00:22:10 (1%) A-V:  0.000 Cache: 471s/302MB
AV: 00:00:07 / 00:22:10 (1%) A-V:  0.000 Cache: 471s/303MB
AV: 00:00:06 / 00:22:10 (1%) A-V:  0.000 Cache: 352s/288MB
AV: 00:00:06 / 00:22:10 (0%) A-V:  0.000 Cache: 360s/222MB
AV: 00:00:06 / 00:22:10 (0%) A-V:  0.000 Cache: 370s/158MB
AV: 00:00:07 / 00:22:10 (1%) A-V:  0.000 Cache: 472s/304MB
AV: 00:00:06 / 00:22:10 (0%) A-V:  0.000 Cache: 360s/223MB
AV: 00:00:06 / 00:22:10 (0%) A-V:  0.000 Cache: 372s/158MB
AV: 00:00:07 / 00:22:10 (1%) A-V:  0.000 Cache: 473s/304MB
AV: 00:00:06 / 00:22:10 (0%) A-V:  0.000 Cache: 363s/223MB
AV: 00:00:07 / 00:22:10 (1%) A-V:  0.000 Cache: 474s/304MB
AV: 00:00:06 / 00:22:10 (0%) A-V:  0.000 Cache: 364s/223MB
AV: 00:00:06 / 00:22:10 (0%) A-V:  0.000 Cache: 377s/159MB
AV: 00:00:07 / 00:22:10 (1%) A-V:  0.000 Cache: 477s/305MB
AV: 00:00:06 / 00:22:10 (0%) A-V:  0.000 Cache: 366s/224MB
AV: 00:00:07 / 00:22:10 (1%) A-V:  0.000 Cache: 478s/305MB
AV: 00:00:06 / 00:22:10 (0%) A-V:  0.000 Cache: 379s/160MB
AV: 00:00:06 / 00:22:10 (0%) A-V:  0.000 Cache: 367s/225MB
AV: 00:00:07 / 00:22:10 (1%) A-V:  0.000 Cache: 479s/305MB
AV: 00:00:07 / 00:22:10 (1%) A-V:  0.000 Cache: 512s/321MB
AV: 00:00:07 / 00:22:10 (1%) A-V:  0.000 Cache: 521s/323MB
AV: 00:00:06 / 00:22:10 (0%) A-V:  0.000 Cache: 368s/225MB
AV: 00:00:06 / 00:22:10 (0%) A-V:  0.000 Cache: 385s/160MB
AV: 00:00:06 / 00:22:10 (0%) A-V:  0.000 Cache: 371s/226MB
AV: 00:00:06 / 00:22:10 (1%) A-V:  0.000 Cache: 396s/306MB
AV: 00:00:07 / 00:22:10 (1%) A-V:  0.000 Cache: 521s/324MB
AV: 00:00:06 / 00:22:10 (0%) A-V:  0.000 Cache: 382s/232MB
AV: 00:00:06 / 00:22:10 (0%) A-V:  0.000 Cache: 390s/164MB
AV: 00:00:07 / 00:22:10 (1%) A-V:  0.000 Cache: 521s/325MB
AV: 00:00:06 / 00:22:10 (0%) A-V:  0.000 Cache: 421s/264MB
AV: 00:00:06 / 00:22:10 (0%) A-V:  0.000 Cache: 436s/269MB
AV: 00:00:06 / 00:22:10 (0%) A-V:  0.000 Cache: 436s/268MB
AV: 00:00:06 / 00:22:10 (1%) A-V:  0.000 Cache: 390s/165MB
AV: 00:00:06 / 00:22:10 (0%) A-V:  0.000 Cache: 436s/269MB
AV: 00:00:07 / 00:22:10 (1%) A-V:  0.000 Cache: 521s/326MB
AV: 00:00:06 / 00:22:10 (1%) A-V:  0.000 Cache: 440s/270MB
AV: 00:00:07 / 00:22:10 (1%) A-V:  0.000 Cache: 521s/327MB
AV: 00:00:06 / 00:22:10 (1%) A-V:  0.000 Cache: 442s/270MB
AV: 00:00:06 / 00:22:10 (1%) A-V:  0.000 Cache: 444s/271MB
AV: 00:00:06 / 00:22:10 (1%) A-V:  0.000 Cache: 391s/166MB
AV: 00:00:06 / 00:22:10 (1%) A-V:  0.000 Cache: 447s/273MB
AV: 00:00:06 / 00:22:10 (1%) A-V:  0.000 Cache: 475s/279MB
AV: 00:00:07 / 00:22:10 (1%) A-V:  0.000 Cache: 521s/328MB
AV: 00:00:07 / 00:22:10 (1%) A-V:  0.000 Cache: 521s/329MB
AV: 00:00:07 / 00:22:10 (1%) A-V:  0.000 Cache: 522s/329MB
AV: 00:00:06 / 00:22:10 (1%) A-V:  0.000 Cache: 393s/168MB
AV: 00:00:06 / 00:22:10 (1%) A-V:  0.000 Cache: 478s/280MB
AV: 00:00:06 / 00:22:10 (1%) A-V:  0.000 Cache: 399s/308MB
AV: 00:00:07 / 00:22:10 (1%) A-V:  0.000 Cache: 522s/330MB
AV: 00:00:06 / 00:22:10 (1%) A-V:  0.000 Cache: 394s/168MB
AV: 00:00:07 / 00:22:10 (1%) A-V:  0.000 Cache: 523s/330MB
AV: 00:00:07 / 00:22:10 (1%) A-V:  0.000 Cache: 523s/331MB
AV: 00:00:06 / 00:22:10 (1%) A-V:  0.000 Cache: 481s/280MB
AV: 00:00:06 / 00:22:10 (1%) A-V:  0.000 Cache: 395s/170MB
AV: 00:00:07 / 00:22:10 (1%) A-V:  0.000 Cache: 524s/332MB
AV: 00:00:07 / 00:22:10 (1%) A-V:  0.000 Cache: 524s/333MB
AV: 00:00:06 / 00:22:10 (1%) A-V:  0.000 Cache: 481s/281MB
AV: 00:00:06 / 00:22:10 (1%) A-V:  0.000 Cache: 397s/171MB
AV: 00:00:07 / 00:22:10 (1%) A-V:  0.000 Cache: 525s/334MB
AV: 00:00:06 / 00:22:10 (1%) A-V:  0.000 Cache: 488s/282MB
AV: 00:00:06 / 00:22:10 (1%) A-V:  0.000 Cache: 398s/172MB
AV: 00:00:06 / 00:22:10 (1%) A-V:  0.000 Cache: 491s/282MB
AV: 00:00:07 / 00:22:10 (1%) A-V:  0.000 Cache: 526s/335MB
AV: 00:00:06 / 00:22:10 (1%) A-V:  0.000 Cache: 492s/282MB
AV: 00:00:07 / 00:22:10 (1%) A-V:  0.000 Cache: 399s/173MB
AV: 00:00:07 / 00:22:10 (1%) A-V:  0.000 Cache: 526s/336MB
AV: 00:00:06 / 00:22:10 (1%) A-V:  0.000 Cache: 492s/283MB
AV: 00:00:07 / 00:22:10 (1%) A-V:  0.000 Cache: 527s/336MB
AV: 00:00:07 / 00:22:10 (1%) A-V:  0.000 Cache: 492s/284MB

Audio/Video desynchronisation detected! Possible reasons include too slow
hardware, temporary CPU spikes, broken drivers, and broken files. Audio
position will not match to the video (see A-V status field).
Consider trying `--profile=fast` and/or `--hwdec=auto-safe` as they may help.

AV: 00:00:06 / 00:22:10 (1%) A-V:  0.000 Cache: 399s/308MB
AV: 00:00:06 / 00:22:10 (1%) A-V:  0.676 Cache: 406s/312MB
AV: 00:00:07 / 00:22:10 (1%) A-V:  0.000 Cache: 527s/337MB
VO: [gpu] 3840x2160 cuda[nv12]
AV: 00:00:06 / 00:22:10 (1%) A-V:  0.676 Cache: 406s/312MB
AV: 00:00:07 / 00:22:10 (1%) A-V:  0.000 Cache: 400s/174MB
AV: 00:00:06 / 00:22:10 (1%) A-V:  0.663 Cache: 406s/312MB
AV: 00:00:07 / 00:22:10 (1%) A-V:  0.648 Cache: 406s/312MB
[dbx] New chapter 1 
AV: 00:00:07 / 00:22:10 (1%) A-V:  0.648 Cache: 406s/312MB
[dbx] Metadata  
AV: 00:00:07 / 00:22:10 (1%) A-V:  0.648 Cache: 406s/312MB
[dbx] chapter time is  7 
AV: 00:00:07 / 00:22:10 (1%) A-V:  0.648 Cache: 406s/312MB
[dbx] Chapter Length is  -23 
AV: 00:00:07 / 00:22:10 (1%) A-V:  0.648 Cache: 406s/312MB
[dbx] record_number was  2 
AV: 00:00:07 / 00:22:10 (1%) A-V:  0.648 Cache: 406s/312MB
AV: 00:00:07 / 00:22:10 (1%) A-V:  0.000 Cache: 492s/285MB
AV: 00:00:07 / 00:22:10 (1%) A-V:  0.000 Cache: 528s/337MB
AV: 00:00:07 / 00:22:10 (1%) A-V:  0.643 Dropped: 1 Cache: 406s/313MB
AV: 00:00:07 / 00:22:10 (1%) A-V:  0.634 Dropped: 2 Cache: 406s/313MB
AV: 00:00:07 / 00:22:10 (1%) A-V:  0.621 Dropped: 3 Cache: 407s/313MB
AV: 00:00:07 / 00:22:10 (1%) A-V:  0.607 Dropped: 4 Cache: 407s/313MB
AV: 00:00:07 / 00:22:10 (1%) A-V:  0.591 Dropped: 5 Cache: 407s/313MB
AV: 00:00:07 / 00:22:10 (1%) A-V:  0.576 Dropped: 6 Cache: 407s/313MB
AV: 00:00:07 / 00:22:10 (1%) A-V:  0.000 Cache: 401s/175MB
AV: 00:00:07 / 00:22:10 (1%) A-V:  0.000 Cache: 492s/286MB
AV: 00:00:07 / 00:22:10 (1%) A-V:  0.000 Cache: 528s/338MB
AV: 00:00:07 / 00:22:10 (1%) A-V:  0.564 Dropped: 7 Cache: 407s/313MB
AV: 00:00:07 / 00:22:10 (1%) A-V:  0.551 Dropped: 8 Cache: 407s/313MB
AV: 00:00:07 / 00:22:10 (1%) A-V:  0.534 Dropped: 9 Cache: 407s/313MB
AV: 00:00:07 / 00:22:10 (1%) A-V:  0.520 Dropped: 10 Cache: 407s/313MB
AV: 00:00:07 / 00:22:10 (1%) A-V:  0.505 Dropped: 11 Cache: 407s/313MB
AV: 00:00:07 / 00:22:10 (1%) A-V:  0.490 Dropped: 12 Cache: 407s/313MB
AV: 00:00:07 / 00:22:10 (1%) A-V:  0.476 Dropped: 13 Cache: 407s/313MB
AV: 00:00:07 / 00:22:10 (1%) A-V:  0.460 Dropped: 14 Cache: 407s/313MB
AV: 00:00:07 / 00:22:10 (1%) A-V:  0.445 Dropped: 15 Cache: 407s/313MB
AV: 00:00:07 / 00:22:10 (1%) A-V:  0.000 Cache: 493s/286MB
AV: 00:00:07 / 00:22:10 (1%) A-V:  0.000 Cache: 402s/175MB
AV: 00:00:07 / 00:22:10 (1%) A-V:  0.433 Dropped: 16 Cache: 407s/313MB
AV: 00:00:07 / 00:22:10 (1%) A-V:  0.416 Dropped: 17 Cache: 407s/313MB
AV: 00:00:07 / 00:22:10 (1%) A-V:  0.407 Dropped: 18 Cache: 407s/313MB
AV: 00:00:07 / 00:22:10 (1%) A-V:  0.393 Dropped: 19 Cache: 407s/313MB
AV: 00:00:07 / 00:22:10 (1%) A-V:  0.378 Dropped: 20 Cache: 407s/313MB
AV: 00:00:07 / 00:22:10 (1%) A-V:  0.000 Cache: 529s/339MB
AV: 00:00:07 / 00:22:10 (1%) A-V:  0.362 Dropped: 21 Cache: 407s/313MB
AV: 00:00:07 / 00:22:10 (1%) A-V:  0.350 Dropped: 22 Cache: 407s/313MB
AV: 00:00:07 / 00:22:10 (1%) A-V:  0.335 Dropped: 23 Cache: 407s/313MB
AV: 00:00:07 / 00:22:10 (1%) A-V:  0.319 Dropped: 24 Cache: 407s/313MB
AV: 00:00:07 / 00:22:10 (1%) A-V:  0.304 Dropped: 25 Cache: 407s/313MB
AV: 00:00:07 / 00:22:10 (1%) A-V:  0.288 Dropped: 26 Cache: 407s/313MB
AV: 00:00:07 / 00:22:10 (1%) A-V:  0.273 Dropped: 27 Cache: 407s/313MB
AV: 00:00:07 / 00:22:10 (1%) A-V:  0.259 Dropped: 28 Cache: 408s/314MB
AV: 00:00:07 / 00:22:10 (1%) A-V:  0.244 Dropped: 29 Cache: 408s/314MB
AV: 00:00:07 / 00:22:10 (1%) A-V:  0.000 Cache: 493s/287MB
AV: 00:00:07 / 00:22:10 (1%) A-V:  0.230 Dropped: 30 Cache: 408s/314MB
AV: 00:00:07 / 00:22:10 (1%) A-V:  0.216 Dropped: 31 Cache: 408s/314MB
AV: 00:00:07 / 00:22:10 (1%) A-V:  0.201 Dropped: 32 Cache: 408s/314MB
AV: 00:00:07 / 00:22:10 (1%) A-V:  0.184 Dropped: 33 Cache: 408s/314MB
AV: 00:00:07 / 00:22:10 (1%) A-V:  0.173 Dropped: 34 Cache: 408s/314MB
AV: 00:00:07 / 00:22:10 (1%) A-V:  0.000 Cache: 403s/176MB
AV: 00:00:07 / 00:22:10 (1%) A-V:  0.158 Dropped: 35 Cache: 408s/314MB
AV: 00:00:07 / 00:22:10 (1%) A-V:  0.147 Dropped: 36 Cache: 408s/314MB
AV: 00:00:07 / 00:22:10 (1%) A-V:  0.000 Cache: 494s/287MB
AV: 00:00:07 / 00:22:10 (1%) A-V:  0.137 Dropped: 37 Cache: 408s/314MB
AV: 00:00:07 / 00:22:10 (1%) A-V:  0.124 Dropped: 38 Cache: 409s/314MB
AV: 00:00:07 / 00:22:10 (1%) A-V:  0.109 Dropped: 39 Cache: 409s/314MB
AV: 00:00:07 / 00:22:10 (1%) A-V:  0.000 Cache: 529s/340MB
AV: 00:00:07 / 00:22:10 (1%) A-V:  0.094 Dropped: 40 Cache: 409s/314MB
AV: 00:00:07 / 00:22:10 (1%) A-V:  0.078 Dropped: 40 Cache: 409s/314MB
AV: 00:00:07 / 00:22:10 (1%) A-V:  0.067 Dropped: 41 Cache: 409s/314MB
AV: 00:00:07 / 00:22:10 (1%) A-V:  0.053 Dropped: 42 Cache: 409s/314MB
AV: 00:00:07 / 00:22:10 (1%) A-V:  0.038 Dropped: 43 Cache: 409s/314MB
AV: 00:00:07 / 00:22:10 (1%) A-V:  0.023 Dropped: 44 Cache: 409s/314MB
AV: 00:00:07 / 00:22:10 (1%) A-V:  0.008 Dropped: 45 Cache: 409s/314MB
AV: 00:00:07 / 00:22:10 (1%) A-V:  0.000 Dropped: 46 Cache: 409s/314MB
AV: 00:00:07 / 00:22:10 (1%) A-V:  0.000 Cache: 530s/340MB
AV: 00:00:07 / 00:22:10 (1%) A-V:  0.000 Cache: 495s/288MB
AV: 00:00:07 / 00:22:10 (1%) A-V:  0.000 Cache: 404s/177MB
AV: 00:00:07 / 00:22:10 (1%) A-V:  0.000 Dropped: 46 Cache: 409s/315MB
AV: 00:00:07 / 00:22:10 (1%) A-V:  0.000 Cache: 530s/341MB
AV: 00:00:07 / 00:22:10 (1%) A-V:  0.000 Cache: 405s/178MB
AV: 00:00:07 / 00:22:10 (1%) A-V:  0.000 Dropped: 46 Cache: 410s/315MB
AV: 00:00:07 / 00:22:10 (1%) A-V:  0.000 Cache: 531s/342MB
AV: 00:00:07 / 00:22:10 (1%) A-V:  0.000 Cache: 496s/289MB
AV: 00:00:07 / 00:22:10 (1%) A-V:  0.000 Dropped: 46 Cache: 410s/316MB
AV: 00:00:08 / 00:22:10 (1%) A-V:  0.000 Cache: 531s/342MB
AV: 00:00:07 / 00:22:10 (1%) A-V:  0.000 Dropped: 46 Cache: 412s/316MB
AV: 00:00:07 / 00:22:10 (1%) A-V:  0.000 Cache: 496s/290MB
AV: 00:00:07 / 00:22:10 (1%) A-V:  0.000 Dropped: 46 Cache: 415s/316MB
AV: 00:00:07 / 00:22:10 (1%) A-V:  0.000 Cache: 497s/290MB
AV: 00:00:07 / 00:22:10 (1%) A-V:  0.000 Dropped: 46 Cache: 461s/328MB
AV: 00:00:08 / 00:22:10 (1%) A-V:  0.000 Cache: 532s/342MB
AV: 00:00:08 / 00:22:10 (1%) A-V:  0.000 Dropped: 46 Cache: 484s/359MB
AV: 00:00:07 / 00:22:10 (1%) A-V:  0.000 Cache: 410s/180MB
AV: 00:00:08 / 00:22:10 (1%) A-V:  0.000 Cache: 532s/343MB
AV: 00:00:08 / 00:22:10 (1%) A-V:  0.000 Dropped: 46 Cache: 517s/387MB
AV: 00:00:07 / 00:22:10 (1%) A-V:  0.000 Cache: 498s/291MB
AV: 00:00:08 / 00:22:10 (1%) A-V:  0.000 Cache: 532s/344MB
AV: 00:00:07 / 00:22:10 (1%) A-V:  0.000 Cache: 413s/180MB
AV: 00:00:08 / 00:22:10 (1%) A-V:  0.000 Dropped: 46 Cache: 530s/388MB
AV: 00:00:08 / 00:22:10 (1%) A-V:  0.000 Dropped: 46 Cache: 587s/403MB
AV: 00:00:07 / 00:22:10 (1%) A-V:  0.000 Cache: 417s/181MB
AV: 00:00:08 / 00:22:10 (1%) A-V:  0.000 Cache: 533s/344MB
AV: 00:00:07 / 00:22:10 (1%) A-V:  0.000 Cache: 498s/292MB
AV: 00:00:07 / 00:22:10 (1%) A-V:  0.000 Cache: 499s/292MB
AV: 00:00:08 / 00:22:10 (1%) A-V:  0.000 Cache: 533s/345MB
AV: 00:00:08 / 00:22:10 (1%) A-V:  0.000 Dropped: 46 Cache: 591s/403MB
AV: 00:00:07 / 00:22:10 (1%) A-V:  0.000 Cache: 420s/182MB
AV: 00:00:08 / 00:22:10 (1%) A-V:  0.000 Dropped: 46 Cache: 594s/404MB
AV: 00:00:08 / 00:22:10 (1%) A-V:  0.000 Cache: 534s/345MB
AV: 00:00:08 / 00:22:10 (1%) A-V:  0.000 Dropped: 46 Cache: 598s/404MB
AV: 00:00:07 / 00:22:10 (1%) A-V:  0.000 Cache: 422s/182MB
AV: 00:00:07 / 00:22:10 (1%) A-V:  0.000 Cache: 500s/293MB
AV: 00:00:08 / 00:22:10 (1%) A-V:  0.000 Dropped: 46 Cache: 615s/417MB
AV: 00:00:08 / 00:22:10 (1%) A-V:  0.000 Dropped: 46 Cache: 635s/447MB
AV: 00:00:08 / 00:22:10 (1%) A-V:  0.000 Cache: 534s/346MB
AV: 00:00:07 / 00:22:10 (1%) A-V:  0.000 Cache: 445s/218MB
AV: 00:00:07 / 00:22:10 (1%) A-V:  0.000 Cache: 501s/293MB
AV: 00:00:07 / 00:22:10 (1%) A-V:  0.000 Cache: 501s/294MB
AV: 00:00:07 / 00:22:10 (1%) A-V:  0.000 Cache: 525s/244MB
AV: 00:00:08 / 00:22:10 (1%) A-V:  0.000 Dropped: 46 Cache: 636s/448MB
AV: 00:00:08 / 00:22:10 (1%) A-V:  0.000 Cache: 535s/347MB
AV: 00:00:08 / 00:22:10 (1%) A-V:  0.000 Cache: 535s/348MB
AV: 00:00:07 / 00:22:10 (1%) A-V:  0.000 Cache: 502s/295MB
AV: 00:00:08 / 00:22:10 (1%) A-V:  0.000 Dropped: 46 Cache: 637s/449MB
AV: 00:00:07 / 00:22:10 (1%) A-V:  0.000 Cache: 608s/320MB
AV: 00:00:08 / 00:22:10 (1%) A-V:  0.000 Cache: 536s/348MB
AV: 00:00:07 / 00:22:10 (1%) A-V:  0.000 Cache: 503s/296MB
AV: 00:00:08 / 00:22:10 (1%) A-V:  0.000 Cache: 538s/352MB
AV: 00:00:07 / 00:22:10 (1%) A-V:  0.000 Cache: 504s/296MB
AV: 00:00:07 / 00:22:10 (1%) A-V:  0.000 Cache: 633s/326MB
AV: 00:00:08 / 00:22:10 (1%) A-V:  0.000 Dropped: 46 Cache: 674s/458MB
AV: 00:00:07 / 00:22:10 (1%) A-V:  0.000 Cache: 504s/297MB
AV: 00:00:08 / 00:22:10 (1%) A-V:  0.000 Cache: 549s/360MB
AV: 00:00:08 / 00:22:10 (1%) A-V:  0.000 Dropped: 46 Cache: 730s/477MB
AV: 00:00:07 / 00:22:10 (1%) A-V:  0.000 Cache: 505s/298MB
AV: 00:00:08 / 00:22:10 (1%) A-V:  0.000 Dropped: 46 Cache: 747s/488MB
AV: 00:00:07 / 00:22:10 (1%) A-V:  0.000 Cache: 637s/326MB
AV: 00:00:07 / 00:22:10 (1%) A-V:  0.000 Cache: 538s/304MB
AV: 00:00:08 / 00:22:10 (1%) A-V:  0.000 Cache: 549s/361MB
AV: 00:00:08 / 00:22:10 (1%) A-V:  0.000 Dropped: 46 Cache: 749s/488MB
AV: 00:00:08 / 00:22:10 (1%) A-V:  0.000 Cache: 551s/361MB
AV: 00:00:08 / 00:22:10 (1%) A-V:  0.000 Dropped: 46 Cache: 751s/488MB
AV: 00:00:08 / 00:22:10 (1%) A-V:  0.000 Cache: 554s/361MB
AV: 00:00:07 / 00:22:10 (1%) A-V:  0.000 Cache: 540s/305MB
AV: 00:00:07 / 00:22:10 (1%) A-V:  0.000 Cache: 642s/328MB
AV: 00:00:08 / 00:22:10 (1%) A-V:  0.000 Dropped: 46 Cache: 752s/489MB
AV: 00:00:08 / 00:22:10 (1%) A-V:  0.000 Cache: 557s/361MB
AV: 00:00:07 / 00:22:10 (1%) A-V:  0.000 Cache: 543s/306MB
AV: 00:00:08 / 00:22:10 (1%) A-V:  0.000 Dropped: 46 Cache: 772s/491MB
AV: 00:00:07 / 00:22:10 (1%) A-V:  0.000 Cache: 643s/328MB
AV: 00:00:08 / 00:22:10 (1%) A-V:  0.000 Cache: 583s/381MB
AV: 00:00:08 / 00:22:10 (1%) A-V:  0.000 Dropped: 46 Cache: 779s/493MB
AV: 00:00:08 / 00:22:10 (1%) A-V:  0.000 Cache: 619s/409MB
AV: 00:00:07 / 00:22:10 (1%) A-V:  0.000 Cache: 548s/307MB
AV: 00:00:08 / 00:22:10 (1%) A-V:  0.000 Dropped: 46 Cache: 783s/493MB
AV: 00:00:08 / 00:22:10 (1%) A-V:  0.000 Cache: 673s/432MB
AV: 00:00:07 / 00:22:10 (1%) A-V:  0.000 Cache: 645s/330MB
AV: 00:00:08 / 00:22:10 (1%) A-V:  0.000 Dropped: 46 Cache: 786s/494MB
AV: 00:00:08 / 00:22:10 (1%) A-V:  0.000 Cache: 704s/448MB
AV: 00:00:07 / 00:22:10 (1%) A-V:  0.000 Cache: 551s/308MB
AV: 00:00:07 / 00:22:10 (1%) A-V:  0.000 Cache: 648s/331MB
AV: 00:00:08 / 00:22:10 (1%) A-V:  0.000 Dropped: 46 Cache: 788s/494MB
AV: 00:00:07 / 00:22:10 (1%) A-V:  0.000 Cache: 553s/308MB
AV: 00:00:08 / 00:22:10 (1%) A-V:  0.000 Cache: 703s/448MB
AV: 00:00:08 / 00:22:10 (1%) A-V:  0.000 Dropped: 46 Cache: 789s/495MB
AV: 00:00:07 / 00:22:10 (1%) A-V:  0.000 Cache: 651s/332MB
AV: 00:00:08 / 00:22:10 (1%) A-V:  0.000 Cache: 704s/449MB
AV: 00:00:07 / 00:22:10 (1%) A-V:  0.000 Cache: 553s/309MB
AV: 00:00:08 / 00:22:10 (1%) A-V:  0.000 Cache: 705s/450MB
AV: 00:00:07 / 00:22:10 (1%) A-V:  0.000 Cache: 593s/332MB
AV: 00:00:08 / 00:22:10 (1%) A-V:  0.000 Dropped: 46 Cache: 807s/500MB
AV: 00:00:08 / 00:22:10 (1%) A-V:  0.000 Cache: 706s/451MB
AV: 00:00:07 / 00:22:10 (1%) A-V:  0.000 Cache: 622s/354MB
AV: 00:00:07 / 00:22:10 (1%) A-V:  0.000 Cache: 735s/374MB
AV: 00:00:07 / 00:22:10 (1%) A-V:  0.000 Cache: 645s/383MB
AV: 00:00:08 / 00:22:10 (1%) A-V:  0.000 Cache: 707s/453MB
AV: 00:00:08 / 00:22:10 (1%) A-V:  0.000 Cache: 772s/413MB
AV: 00:00:08 / 00:22:10 (1%) A-V:  0.000 Cache: 707s/454MB
AV: 00:00:07 / 00:22:10 (1%) A-V:  0.000 Cache: 715s/405MB
AV: 00:00:08 / 00:22:10 (1%) A-V:  0.000 Dropped: 46 Cache: 806s/500MB
AV: 00:00:08 / 00:22:10 (1%) A-V:  0.000 Cache: 707s/453MB
AV: 00:00:07 / 00:22:10 (1%) A-V:  0.000 Cache: 767s/430MB
AV: 00:00:08 / 00:22:10 (1%) A-V:  0.000 Cache: 708s/454MB
AV: 00:00:08 / 00:22:10 (1%) A-V:  0.000 Cache: 806s/458MB
AV: 00:00:08 / 00:22:10 (1%) A-V:  0.000 Cache: 845s/488MB
AV: 00:00:08 / 00:22:10 (1%) A-V:  0.000 Cache: 852s/500MB
AV: 00:00:08 / 00:22:10 (1%) A-V:  0.000 Cache: 708s/455MB
AV: 00:00:08 / 00:22:10 (1%) A-V:  0.000 Cache: 772s/414MB
AV: 00:00:08 / 00:22:10 (1%) A-V:  0.000 Cache: 772s/415MB
AV: 00:00:08 / 00:22:10 (1%) A-V:  0.000 Cache: 709s/456MB
AV: 00:00:08 / 00:22:10 (1%) A-V:  0.000 Dropped: 46 Cache: 808s/500MB
AV: 00:00:08 / 00:22:10 (1%) A-V:  0.000 Cache: 772s/416MB
AV: 00:00:08 / 00:22:10 (1%) A-V:  0.000 Cache: 710s/457MB
AV: 00:00:08 / 00:22:10 (1%) A-V:  0.000 Cache: 711s/458MB
AV: 00:00:08 / 00:22:10 (1%) A-V:  0.000 Cache: 772s/417MB
AV: 00:00:08 / 00:22:10 (1%) A-V:  0.000 Cache: 711s/459MB
AV: 00:00:08 / 00:22:10 (1%) A-V:  0.000 Cache: 774s/418MB
AV: 00:00:08 / 00:22:10 (1%) A-V:  0.000 Cache: 712s/459MB
AV: 00:00:08 / 00:22:10 (1%) A-V:  0.000 Cache: 712s/460MB
AV: 00:00:08 / 00:22:10 (1%) A-V:  0.000 Cache: 713s/460MB
AV: 00:00:08 / 00:22:10 (1%) A-V:  0.000 Cache: 775s/420MB
AV: 00:00:08 / 00:22:10 (1%) A-V:  0.000 Cache: 713s/461MB
AV: 00:00:08 / 00:22:10 (1%) A-V:  0.000 Cache: 775s/421MB
AV: 00:00:08 / 00:22:10 (1%) A-V:  0.000 Cache: 714s/462MB
AV: 00:00:09 / 00:22:10 (1%) A-V:  0.000 Cache: 714s/462MB
AV: 00:00:08 / 00:22:10 (1%) A-V:  0.000 Cache: 777s/422MB
AV: 00:00:09 / 00:22:10 (1%) A-V:  0.000 Cache: 715s/463MB
AV: 00:00:08 / 00:22:10 (1%) A-V:  0.000 Cache: 777s/423MB
AV: 00:00:09 / 00:22:10 (1%) A-V:  0.000 Cache: 716s/464MB
AV: 00:00:09 / 00:22:10 (1%) A-V:  0.000 Dropped: 46 Cache: 808s/500MB
AV: 00:00:08 / 00:22:10 (1%) A-V:  0.000 Cache: 778s/424MB
AV: 00:00:09 / 00:22:10 (1%) A-V:  0.000 Cache: 717s/465MB
AV: 00:00:09 / 00:22:10 (1%) A-V:  0.000 Dropped: 46 Cache: 810s/500MB
AV: 00:00:08 / 00:22:10 (1%) A-V:  0.000 Cache: 779s/425MB
AV: 00:00:09 / 00:22:10 (1%) A-V:  0.000 Cache: 717s/466MB
AV: 00:00:09 / 00:22:10 (1%) A-V:  0.000 Cache: 718s/466MB
AV: 00:00:08 / 00:22:10 (1%) A-V:  0.000 Cache: 780s/427MB
AV: 00:00:09 / 00:22:10 (1%) A-V:  0.000 Cache: 718s/467MB
AV: 00:00:09 / 00:22:10 (1%) A-V:  0.000 Cache: 719s/468MB
AV: 00:00:08 / 00:22:10 (1%) A-V:  0.000 Cache: 782s/428MB
AV: 00:00:09 / 00:22:10 (1%) A-V:  0.000 Cache: 720s/469MB
AV: 00:00:08 / 00:22:10 (1%) A-V:  0.000 Cache: 783s/429MB
AV: 00:00:09 / 00:22:10 (1%) A-V:  0.000 Cache: 721s/470MB
AV: 00:00:09 / 00:22:10 (1%) A-V:  0.000 Cache: 733s/475MB
AV: 00:00:09 / 00:22:10 (1%) A-V:  0.000 Dropped: 46 Cache: 811s/500MB
AV: 00:00:09 / 00:22:10 (1%) A-V:  0.000 Cache: 737s/476MB
AV: 00:00:08 / 00:22:10 (1%) A-V:  0.000 Cache: 784s/430MB
AV: 00:00:09 / 00:22:10 (1%) A-V:  0.000 Dropped: 46 Cache: 810s/500MB
AV: 00:00:09 / 00:22:10 (1%) A-V:  0.000 Cache: 743s/476MB
AV: 00:00:08 / 00:22:10 (1%) A-V:  0.000 Cache: 784s/431MB
AV: 00:00:09 / 00:22:10 (1%) A-V:  0.000 Cache: 780s/483MB
AV: 00:00:09 / 00:22:10 (1%) A-V:  0.000 Dropped: 46 Cache: 811s/500MB
AV: 00:00:09 / 00:22:10 (1%) A-V:  0.000 Cache: 831s/500MB
AV: 00:00:09 / 00:22:10 (1%) A-V:  0.000 Dropped: 46 Cache: 813s/500MB
AV: 00:00:08 / 00:22:10 (1%) A-V:  0.000 Cache: 787s/434MB
AV: 00:00:08 / 00:22:10 (1%) A-V:  0.000 Cache: 788s/435MB
AV: 00:00:08 / 00:22:10 (1%) A-V:  0.000 Cache: 872s/467MB
AV: 00:00:08 / 00:22:10 (1%) A-V:  0.000 Cache: 896s/500MB
AV: 00:00:09 / 00:22:10 (1%) A-V:  0.000 Dropped: 46 Cache: 815s/500MB
AV: 00:00:09 / 00:22:10 (1%) A-V:  0.000 Dropped: 46 Cache: 816s/500MB
AV: 00:00:09 / 00:22:10 (1%) A-V:  0.000 Cache: 896s/500MB
AV: 00:00:09 / 00:22:10 (1%) A-V:  0.000 Dropped: 46 Cache: 815s/500MB
AV: 00:00:09 / 00:22:10 (1%) A-V:  0.000 Dropped: 46 Cache: 816s/500MB
AV: 00:00:09 / 00:22:10 (1%) A-V:  0.000 Cache: 852s/500MB
AV: 00:00:09 / 00:22:10 (1%) A-V:  0.000 Cache: 832s/500MB
AV: 00:00:09 / 00:22:10 (1%) A-V:  0.000 Dropped: 46 Cache: 818s/500MB
AV: 00:00:10 / 00:22:10 (1%) A-V:  0.000 Cache: 832s/500MB
AV: 00:00:10 / 00:22:10 (1%) A-V:  0.000 Dropped: 46 Cache: 818s/500MB
AV: 00:00:10 / 00:22:10 (1%) A-V:  0.000 Dropped: 46 Cache: 818s/499MB
AV: 00:00:10 / 00:22:10 (1%) A-V:  0.000 Dropped: 46 Cache: 818s/500MB
AV: 00:00:10 / 00:22:10 (1%) A-V:  0.000 Cache: 833s/500MB
AV: 00:00:09 / 00:22:10 (1%) A-V:  0.000 Cache: 895s/500MB
AV: 00:00:10 / 00:22:10 (1%) A-V:  0.000 Cache: 832s/500MB
AV: 00:00:10 / 00:22:10 (1%) A-V:  0.000 Cache: 832s/499MB
Using hardware decoding (nvdec).
AV: 00:00:09 / 00:22:10 (1%) A-V:  0.000 Cache: 895s/500MB
AV: 00:00:10 / 00:22:10 (1%) A-V:  0.000 Dropped: 46 Cache: 817s/500MB
AV: 00:00:09 / 00:22:10 (1%) A-V:  0.000 Cache: 896s/500MB
AV: 00:00:10 / 00:22:10 (1%) A-V:  0.000 Cache: 832s/500MB
AV: 00:00:10 / 00:22:10 (1%) A-V:  0.000 Cache: 852s/500MB
AV: 00:00:10 / 00:22:10 (1%) A-V:  0.000 Cache: 853s/500MB
AV: 00:00:10 / 00:22:10 (1%) A-V:  0.000 Dropped: 46 Cache: 818s/500MB
AV: 00:00:09 / 00:22:10 (1%) A-V:  0.154 Cache: 907s/500MB
AV: 00:00:09 / 00:22:10 (1%) A-V:  0.107 Cache: 907s/500MB
AV: 00:00:10 / 00:22:10 (1%) A-V:  0.075 Dropped: 1 Cache: 907s/500MB
AV: 00:00:10 / 00:22:10 (1%) A-V:  0.043 Dropped: 2 Cache: 907s/500MB
AV: 00:00:10 / 00:22:10 (1%) A-V:  0.010 Dropped: 3 Cache: 907s/500MB
[dbx] New chapter 1 
AV: 00:00:10 / 00:22:10 (1%) A-V:  0.010 Dropped: 3 Cache: 907s/500MB
[dbx] Metadata  
AV: 00:00:10 / 00:22:10 (1%) A-V:  0.010 Dropped: 3 Cache: 907s/500MB
[dbx] chapter time is  10 
AV: 00:00:10 / 00:22:10 (1%) A-V:  0.010 Dropped: 3 Cache: 907s/500MB
[dbx] Chapter Length is  -20 
AV: 00:00:10 / 00:22:10 (1%) A-V:  0.010 Dropped: 3 Cache: 907s/500MB
[dbx] record_number was  2 
AV: 00:00:10 / 00:22:10 (1%) A-V:  0.010 Dropped: 3 Cache: 907s/500MB
AV: 00:00:10 / 00:22:10 (1%) A-V:  0.000 Dropped: 3 Cache: 907s/500MB
AV: 00:00:10 / 00:22:10 (1%) A-V:  0.000 Dropped: 3 Cache: 908s/500MB
AV: 00:00:11 / 00:22:10 (1%) A-V:  0.000 Cache: 832s/500MB
AV: 00:00:10 / 00:22:10 (1%) A-V:  0.000 Dropped: 46 Cache: 819s/500MB
AV: 00:00:11 / 00:22:10 (1%) A-V:  0.000 Dropped: 46 Cache: 819s/500MB
AV: 00:00:10 / 00:22:10 (1%) A-V:  0.000 Dropped: 3 Cache: 909s/500MB
AV: 00:00:11 / 00:22:10 (1%) A-V:  0.000 Dropped: 46 Cache: 820s/500MB
AV: 00:00:11 / 00:22:10 (1%) A-V:  0.000 Dropped: 46 Cache: 821s/500MB
AV: 00:00:10 / 00:22:10 (1%) A-V:  0.000 Dropped: 3 Cache: 910s/500MB
AV: 00:00:11 / 00:22:10 (1%) A-V:  0.000 Cache: 831s/500MB
AV: 00:00:11 / 00:22:10 (1%) A-V:  0.000 Dropped: 3 Cache: 911s/500MB
AV: 00:00:11 / 00:22:10 (1%) A-V:  0.000 Cache: 853s/500MB
AV: 00:00:11 / 00:22:10 (1%) A-V:  0.000 Dropped: 46 Cache: 822s/500MB
AV: 00:00:12 / 00:22:10 (1%) A-V:  0.000 Cache: 831s/500MB
AV: 00:00:11 / 00:22:10 (1%) A-V:  0.000 Dropped: 46 Cache: 823s/500MB
AV: 00:00:12 / 00:22:10 (1%) A-V:  0.000 Dropped: 46 Cache: 823s/500MB
AV: 00:00:11 / 00:22:10 (1%) A-V:  0.000 Dropped: 3 Cache: 912s/500MB
AV: 00:00:12 / 00:22:10 (1%) A-V:  0.000 Dropped: 46 Cache: 824s/500MB
AV: 00:00:11 / 00:22:10 (1%) A-V:  0.000 Dropped: 3 Cache: 913s/500MB
AV: 00:00:12 / 00:22:10 (1%) A-V:  0.000 Dropped: 46 Cache: 825s/500MB
AV: 00:00:12 / 00:22:10 (1%) A-V:  0.000 Dropped: 3 Cache: 913s/500MB
AV: 00:00:12 / 00:22:10 (1%) A-V:  0.000 Cache: 853s/500MB
AV: 00:00:13 / 00:22:10 (1%) A-V:  0.000 Cache: 831s/500MB
AV: 00:00:13 / 00:22:10 (1%) A-V:  0.000 Dropped: 46 Cache: 825s/500MB
AV: 00:00:12 / 00:22:10 (1%) A-V:  0.000 Dropped: 3 Cache: 912s/500MB
AV: 00:00:12 / 00:22:10 (1%) A-V:  0.000 Cache: 854s/500MB
AV: 00:00:12 / 00:22:10 (1%) A-V:  0.000 Dropped: 3 Cache: 913s/500MB
AV: 00:00:13 / 00:22:10 (1%) A-V:  0.000 Dropped: 3 Cache: 913s/500MB
AV: 00:00:13 / 00:22:10 (1%) A-V:  0.000 Cache: 854s/500MB
AV: 00:00:13 / 00:22:10 (1%) A-V:  0.000 Dropped: 46 Cache: 826s/500MB
AV: 00:00:14 / 00:22:10 (1%) A-V:  0.000 Cache: 831s/500MB
AV: 00:00:13 / 00:22:10 (1%) A-V:  0.000 Dropped: 3 Cache: 914s/500MB
AV: 00:00:14 / 00:22:10 (1%) A-V:  0.000 Dropped: 46 Cache: 827s/500MB
AV: 00:00:13 / 00:22:10 (1%) A-V:  0.000 Dropped: 3 Cache: 915s/500MB
AV: 00:00:13 / 00:22:10 (1%) A-V:  0.000 Dropped: 3 Cache: 914s/500MB
AV: 00:00:14 / 00:22:10 (1%) A-V:  0.000 Dropped: 46 Cache: 828s/500MB
AV: 00:00:14 / 00:22:10 (1%) A-V:  0.000 Cache: 832s/500MB
AV: 00:00:13 / 00:22:10 (1%) A-V:  0.000 Dropped: 3 Cache: 915s/500MB
AV: 00:00:14 / 00:22:10 (1%) A-V:  0.000 Dropped: 46 Cache: 829s/500MB
AV: 00:00:13 / 00:22:10 (1%) A-V:  0.000 Cache: 855s/500MB
AV: 00:00:14 / 00:22:10 (1%) A-V:  0.000 Dropped: 3 Cache: 915s/500MB
AV: 00:00:13 / 00:22:10 (1%) A-V:  0.000 Cache: 856s/500MB
AV: 00:00:14 / 00:22:10 (1%) A-V:  0.000 Dropped: 3 Cache: 916s/500MB
AV: 00:00:14 / 00:22:10 (1%) A-V:  0.000 Cache: 831s/500MB
AV: 00:00:14 / 00:22:10 (1%) A-V:  0.000 Cache: 832s/500MB
AV: 00:00:14 / 00:22:10 (1%) A-V:  0.000 Dropped: 46 Cache: 830s/500MB
AV: 00:00:15 / 00:22:10 (1%) A-V:  0.000 Cache: 832s/500MB
AV: 00:00:15 / 00:22:10 (1%) A-V:  0.000 Cache: 831s/500MB
AV: 00:00:13 / 00:22:10 (1%) A-V:  0.319 Cache: 857s/500MB
AV: 00:00:15 / 00:22:10 (1%) A-V:  0.000 Cache: 832s/500MB
AV: 00:00:13 / 00:22:10 (1%) A-V:  0.304 Cache: 857s/500MB
AV: 00:00:14 / 00:22:10 (1%) A-V:  0.289 Dropped: 1 Cache: 857s/500MB
AV: 00:00:14 / 00:22:10 (1%) A-V:  0.275 Dropped: 2 Cache: 857s/500MB
AV: 00:00:14 / 00:22:10 (1%) A-V:  0.258 Dropped: 3 Cache: 857s/500MB
AV: 00:00:14 / 00:22:10 (1%) A-V:  0.247 Dropped: 4 Cache: 857s/500MB
[dbx] New chapter 1 
AV: 00:00:14 / 00:22:10 (1%) A-V:  0.247 Dropped: 4 Cache: 857s/500MB
[dbx] Metadata  
AV: 00:00:14 / 00:22:10 (1%) A-V:  0.247 Dropped: 4 Cache: 857s/500MB
[dbx] chapter time is  14 
AV: 00:00:14 / 00:22:10 (1%) A-V:  0.247 Dropped: 4 Cache: 857s/500MB
[dbx] Chapter Length is  -16 
AV: 00:00:14 / 00:22:10 (1%) A-V:  0.247 Dropped: 4 Cache: 857s/500MB
[dbx] record_number was  2 
AV: 00:00:14 / 00:22:10 (1%) A-V:  0.247 Dropped: 4 Cache: 857s/500MB
AV: 00:00:14 / 00:22:10 (1%) A-V:  0.232 Dropped: 5 Cache: 857s/500MB
AV: 00:00:14 / 00:22:10 (1%) A-V:  0.217 Dropped: 6 Cache: 857s/500MB
AV: 00:00:14 / 00:22:10 (1%) A-V:  0.202 Dropped: 7 Cache: 857s/500MB
AV: 00:00:14 / 00:22:10 (1%) A-V:  0.188 Dropped: 8 Cache: 857s/500MB
AV: 00:00:15 / 00:22:10 (1%) A-V:  0.000 Cache: 831s/500MB
AV: 00:00:14 / 00:22:10 (1%) A-V:  0.173 Dropped: 9 Cache: 857s/500MB
AV: 00:00:14 / 00:22:10 (1%) A-V:  0.158 Dropped: 10 Cache: 857s/500MB
AV: 00:00:14 / 00:22:10 (1%) A-V:  0.142 Dropped: 11 Cache: 857s/500MB
AV: 00:00:14 / 00:22:10 (1%) A-V:  0.130 Dropped: 12 Cache: 857s/500MB
AV: 00:00:14 / 00:22:10 (1%) A-V:  0.119 Dropped: 13 Cache: 857s/500MB
AV: 00:00:14 / 00:22:10 (1%) A-V:  0.106 Dropped: 14 Cache: 857s/500MB
AV: 00:00:14 / 00:22:10 (1%) A-V:  0.091 Dropped: 15 Cache: 857s/500MB
AV: 00:00:15 / 00:22:10 (1%) A-V:  0.000 Dropped: 46 Cache: 830s/500MB
AV: 00:00:14 / 00:22:10 (1%) A-V:  0.076 Dropped: 16 Cache: 857s/500MB
AV: 00:00:14 / 00:22:10 (1%) A-V:  0.064 Dropped: 17 Cache: 857s/500MB
AV: 00:00:14 / 00:22:10 (1%) A-V:  0.047 Dropped: 18 Cache: 857s/500MB
AV: 00:00:14 / 00:22:10 (1%) A-V:  0.031 Dropped: 19 Cache: 857s/500MB
AV: 00:00:14 / 00:22:10 (1%) A-V:  0.017 Dropped: 20 Cache: 857s/500MB
AV: 00:00:14 / 00:22:10 (1%) A-V:  0.002 Dropped: 21 Cache: 857s/500MB
AV: 00:00:14 / 00:22:10 (1%) A-V:  0.000 Dropped: 21 Cache: 857s/500MB
AV: 00:00:15 / 00:22:10 (1%) A-V:  0.000 Cache: 832s/500MB
AV: 00:00:14 / 00:22:10 (1%) A-V:  0.000 Dropped: 21 Cache: 858s/500MB
AV: 00:00:15 / 00:22:10 (1%) A-V:  0.000 Dropped: 46 Cache: 831s/500MB
AV: 00:00:14 / 00:22:10 (1%) A-V:  0.000 Dropped: 3 Cache: 917s/500MB
AV: 00:00:14 / 00:22:10 (1%) A-V:  0.000 Dropped: 3 Cache: 916s/500MB
AV: 00:00:14 / 00:22:10 (1%) A-V:  0.000 Dropped: 21 Cache: 857s/500MB
AV: 00:00:15 / 00:22:10 (1%) A-V:  0.000 Cache: 831s/500MB
AV: 00:00:14 / 00:22:10 (1%) A-V:  0.000 Dropped: 21 Cache: 858s/500MB
AV: 00:00:15 / 00:22:10 (1%) A-V:  0.000 Dropped: 46 Cache: 832s/500MB
AV: 00:00:15 / 00:22:10 (1%) A-V:  0.000 Cache: 832s/500MB
AV: 00:00:15 / 00:22:10 (1%) A-V:  0.000 Cache: 831s/500MB
AV: 00:00:15 / 00:22:10 (1%) A-V:  0.000 Cache: 832s/500MB
AV: 00:00:15 / 00:22:10 (1%) A-V:  0.000 Dropped: 3 Cache: 916s/500MB
AV: 00:00:15 / 00:22:10 (1%) A-V:  0.000 Dropped: 21 Cache: 858s/500MB
AV: 00:00:15 / 00:22:10 (1%) A-V:  0.000 Dropped: 46 Cache: 833s/500MB
AV: 00:00:15 / 00:22:10 (1%) A-V:  0.000 Dropped: 46 Cache: 832s/500MB
AV: 00:00:15 / 00:22:10 (1%) A-V:  0.000 Dropped: 46 Cache: 833s/500MB
AV: 00:00:16 / 00:22:10 (1%) A-V:  0.000 Cache: 832s/500MB
AV: 00:00:16 / 00:22:10 (1%) A-V:  0.000 Dropped: 46 Cache: 834s/500MB
AV: 00:00:15 / 00:22:10 (1%) A-V:  0.000 Dropped: 3 Cache: 915s/500MB
AV: 00:00:16 / 00:22:10 (1%) A-V:  0.000 Dropped: 46 Cache: 834s/499MB
AV: 00:00:16 / 00:22:10 (1%) A-V:  0.000 Dropped: 46 Cache: 835s/500MB
AV: 00:00:16 / 00:22:10 (1%) A-V:  0.000 Cache: 833s/500MB
AV: 00:00:16 / 00:22:10 (1%) A-V:  0.000 Cache: 832s/500MB
AV: 00:00:16 / 00:22:10 (1%) A-V:  0.000 Dropped: 3 Cache: 915s/500MB
AV: 00:00:16 / 00:22:10 (1%) A-V:  0.000 Dropped: 46 Cache: 836s/500MB
AV: 00:00:16 / 00:22:10 (1%) A-V:  0.000 Dropped: 21 Cache: 858s/500MB
AV: 00:00:16 / 00:22:10 (1%) A-V:  0.000 Cache: 833s/500MB
AV: 00:00:16 / 00:22:10 (1%) A-V:  0.000 Dropped: 46 Cache: 837s/500MB
AV: 00:00:16 / 00:22:10 (1%) A-V:  0.000 Dropped: 46 Cache: 836s/500MB
AV: 00:00:16 / 00:22:10 (1%) A-V:  0.000 Dropped: 46 Cache: 838s/500MB
AV: 00:00:16 / 00:22:10 (1%) A-V:  0.000 Cache: 832s/500MB
AV: 00:00:17 / 00:22:10 (1%) A-V:  0.000 Cache: 833s/500MB
AV: 00:00:17 / 00:22:10 (1%) A-V:  0.000 Dropped: 46 Cache: 838s/500MB
AV: 00:00:17 / 00:22:10 (1%) A-V:  0.000 Dropped: 46 Cache: 839s/500MB
AV: 00:00:16 / 00:22:10 (1%) A-V:  0.000 Dropped: 3 Cache: 914s/500MB
AV: 00:00:16 / 00:22:10 (1%) A-V:  0.000 Dropped: 21 Cache: 857s/500MB
AV: 00:00:17 / 00:22:10 (1%) A-V:  0.000 Dropped: 46 Cache: 840s/500MB
AV: 00:00:17 / 00:22:10 (1%) A-V:  0.000 Dropped: 46 Cache: 839s/500MB
AV: 00:00:17 / 00:22:10 (1%) A-V:  0.000 Dropped: 3 Cache: 914s/500MB
AV: 00:00:17 / 00:22:10 (1%) A-V:  0.000 Dropped: 21 Cache: 857s/500MB
AV: 00:00:18 / 00:22:10 (1%) A-V:  0.000 Cache: 833s/500MB
AV: 00:00:17 / 00:22:10 (1%) A-V:  0.000 Dropped: 46 Cache: 841s/500MB
AV: 00:00:17 / 00:22:10 (1%) A-V:  0.436 Dropped: 46 Cache: 842s/500MB
AV: 00:00:17 / 00:22:10 (1%) A-V:  0.421 Dropped: 46 Cache: 842s/500MB
AV: 00:00:18 / 00:22:10 (1%) A-V:  0.405 Dropped: 47 Cache: 842s/500MB
AV: 00:00:18 / 00:22:10 (1%) A-V:  0.391 Dropped: 48 Cache: 842s/500MB
AV: 00:00:18 / 00:22:10 (1%) A-V:  0.382 Dropped: 49 Cache: 842s/500MB
AV: 00:00:18 / 00:22:10 (1%) A-V:  0.365 Dropped: 50 Cache: 842s/500MB
[dbx] New chapter 2 
AV: 00:00:18 / 00:22:10 (1%) A-V:  0.365 Dropped: 50 Cache: 842s/500MB
[dbx] Metadata  
AV: 00:00:18 / 00:22:10 (1%) A-V:  0.365 Dropped: 50 Cache: 842s/500MB
[dbx] chapter time is  18 
AV: 00:00:18 / 00:22:10 (1%) A-V:  0.365 Dropped: 50 Cache: 842s/500MB
[dbx] Chapter Length is  11 
AV: 00:00:18 / 00:22:10 (1%) A-V:  0.365 Dropped: 50 Cache: 842s/500MB
[dbx] record_number was  3 
AV: 00:00:18 / 00:22:10 (1%) A-V:  0.365 Dropped: 50 Cache: 842s/500MB
AV: 00:00:18 / 00:22:10 (1%) A-V:  0.358 Dropped: 51 Cache: 842s/500MB
AV: 00:00:18 / 00:22:10 (1%) A-V:  0.343 Dropped: 52 Cache: 842s/500MB
AV: 00:00:18 / 00:22:10 (1%) A-V:  0.328 Dropped: 53 Cache: 842s/500MB
AV: 00:00:18 / 00:22:10 (1%) A-V:  0.315 Dropped: 54 Cache: 842s/500MB
AV: 00:00:18 / 00:22:10 (1%) A-V:  0.302 Dropped: 55 Cache: 842s/500MB
AV: 00:00:18 / 00:22:10 (1%) A-V:  0.287 Dropped: 56 Cache: 842s/500MB
AV: 00:00:18 / 00:22:10 (1%) A-V:  0.273 Dropped: 57 Cache: 842s/500MB
AV: 00:00:18 / 00:22:10 (1%) A-V:  0.256 Dropped: 58 Cache: 842s/500MB
AV: 00:00:18 / 00:22:10 (1%) A-V:  0.241 Dropped: 59 Cache: 842s/500MB
AV: 00:00:18 / 00:22:10 (1%) A-V:  0.228 Dropped: 60 Cache: 842s/500MB
AV: 00:00:18 / 00:22:10 (1%) A-V:  0.215 Dropped: 61 Cache: 842s/500MB
AV: 00:00:18 / 00:22:10 (1%) A-V:  0.200 Dropped: 62 Cache: 842s/500MB
AV: 00:00:18 / 00:22:10 (1%) A-V:  0.185 Dropped: 63 Cache: 842s/500MB
AV: 00:00:18 / 00:22:10 (1%) A-V:  0.170 Dropped: 64 Cache: 842s/500MB
AV: 00:00:18 / 00:22:10 (1%) A-V:  0.155 Dropped: 65 Cache: 842s/500MB
AV: 00:00:18 / 00:22:10 (1%) A-V:  0.139 Dropped: 66 Cache: 842s/500MB
AV: 00:00:18 / 00:22:10 (1%) A-V:  0.000 Cache: 834s/500MB
AV: 00:00:18 / 00:22:10 (1%) A-V:  0.130 Dropped: 67 Cache: 843s/500MB
AV: 00:00:18 / 00:22:10 (1%) A-V:  0.116 Dropped: 68 Cache: 843s/500MB
AV: 00:00:18 / 00:22:10 (1%) A-V:  0.102 Dropped: 69 Cache: 843s/500MB
AV: 00:00:18 / 00:22:10 (1%) A-V:  0.087 Dropped: 70 Cache: 843s/500MB
AV: 00:00:18 / 00:22:10 (1%) A-V:  0.072 Dropped: 71 Cache: 843s/500MB
AV: 00:00:18 / 00:22:10 (1%) A-V:  0.058 Dropped: 72 Cache: 843s/500MB
AV: 00:00:18 / 00:22:10 (1%) A-V:  0.043 Dropped: 73 Cache: 843s/500MB
AV: 00:00:18 / 00:22:10 (1%) A-V:  0.026 Dropped: 74 Cache: 843s/500MB
AV: 00:00:18 / 00:22:10 (1%) A-V:  0.012 Dropped: 75 Cache: 843s/500MB
AV: 00:00:18 / 00:22:10 (1%) A-V:  0.000 Dropped: 76 Cache: 843s/500MB
AV: 00:00:18 / 00:22:10 (1%) A-V:  0.000 Dropped: 3 Cache: 914s/500MB
AV: 00:00:18 / 00:22:10 (1%) A-V:  0.000 Dropped: 21 Cache: 857s/500MB
AV: 00:00:18 / 00:22:10 (1%) A-V:  0.000 Cache: 833s/500MB
AV: 00:00:18 / 00:22:10 (1%) A-V:  0.000 Cache: 834s/500MB
Using hardware decoding (nvdec).
AV: 00:00:18 / 00:22:10 (1%) A-V:  0.000 Cache: 834s/500MB
AV: 00:00:18 / 00:22:10 (1%) A-V:  0.000 Cache: 835s/500MB
AV: 00:00:19 / 00:22:10 (1%) A-V:  0.000 Dropped: 76 Cache: 843s/500MB
AV: 00:00:18 / 00:22:10 (1%) A-V:  0.111 Cache: 835s/500MB
VO: [gpu] 1280x720 cuda[nv12]
AV: 00:00:18 / 00:22:10 (1%) A-V:  0.111 Cache: 835s/500MB
AV: 00:00:18 / 00:22:10 (1%) A-V:  0.119 Cache: 835s/500MB
AV: 00:00:19 / 00:22:10 (1%) A-V:  0.091 Cache: 835s/500MB
AV: 00:00:19 / 00:22:10 (1%) A-V:  0.057 Dropped: 1 Cache: 835s/500MB
AV: 00:00:19 / 00:22:10 (1%) A-V:  0.024 Dropped: 2 Cache: 835s/500MB
[dbx] New chapter 1 
AV: 00:00:19 / 00:22:10 (1%) A-V:  0.024 Dropped: 2 Cache: 835s/500MB
[dbx] Metadata  
AV: 00:00:19 / 00:22:10 (1%) A-V:  0.024 Dropped: 2 Cache: 835s/500MB
[dbx] chapter time is  19 
AV: 00:00:19 / 00:22:10 (1%) A-V:  0.024 Dropped: 2 Cache: 835s/500MB
[dbx] Chapter Length is  -11 
AV: 00:00:19 / 00:22:10 (1%) A-V:  0.024 Dropped: 2 Cache: 835s/500MB
[dbx] record_number was  2 
AV: 00:00:19 / 00:22:10 (1%) A-V:  0.024 Dropped: 2 Cache: 835s/500MB
AV: 00:00:19 / 00:22:10 (1%) A-V:  0.000 Dropped: 3 Cache: 835s/500MB
AV: 00:00:18 / 00:22:10 (1%) A-V:  0.000 Dropped: 3 Cache: 915s/500MB
AV: 00:00:19 / 00:22:10 (1%) A-V:  0.000 Dropped: 3 Cache: 834s/500MB
Using hardware decoding (nvdec).
AV: 00:00:18 / 00:22:10 (1%) A-V:  0.000 Dropped: 3 Cache: 915s/500MB
AV: 00:00:18 / 00:22:10 (1%) A-V:  0.000 Dropped: 3 Cache: 917s/500MB
AV: 00:00:19 / 00:22:10 (1%) A-V:  0.000 Dropped: 21 Cache: 857s/500MB
AV: 00:00:18 / 00:22:10 (1%) A-V:  0.077 Dropped: 3 Cache: 918s/500MB
AV: 00:00:18 / 00:22:10 (1%) A-V:  0.067 Dropped: 3 Cache: 918s/500MB
AV: 00:00:19 / 00:22:10 (1%) A-V:  0.035 Dropped: 4 Cache: 918s/500MB
AV: 00:00:19 / 00:22:10 (1%) A-V:  0.002 Dropped: 5 Cache: 918s/500MB
AV: 00:00:19 / 00:22:10 (1%) A-V:  0.000 Dropped: 5 Cache: 918s/500MB
[dbx] New chapter 2 
AV: 00:00:19 / 00:22:10 (1%) A-V:  0.000 Dropped: 5 Cache: 918s/500MB
[dbx] Metadata  
AV: 00:00:19 / 00:22:10 (1%) A-V:  0.000 Dropped: 5 Cache: 918s/500MB
[dbx] chapter time is  19 
AV: 00:00:19 / 00:22:10 (1%) A-V:  0.000 Dropped: 5 Cache: 918s/500MB
[dbx] Chapter Length is  9 
AV: 00:00:19 / 00:22:10 (1%) A-V:  0.000 Dropped: 5 Cache: 918s/500MB
[dbx] record_number was  3 
AV: 00:00:19 / 00:22:10 (1%) A-V:  0.000 Dropped: 5 Cache: 918s/500MB
AV: 00:00:19 / 00:22:10 (2%) A-V:  0.000 Dropped: 3 Cache: 834s/500MB
AV: 00:00:20 / 00:22:10 (2%) A-V:  0.000 Dropped: 3 Cache: 834s/500MB
AV: 00:00:19 / 00:22:10 (2%) A-V:  0.000 Dropped: 76 Cache: 843s/500MB
AV: 00:00:20 / 00:22:10 (2%) A-V:  0.000 Dropped: 76 Cache: 843s/500MB
AV: 00:00:20 / 00:22:10 (2%) A-V:  0.000 Dropped: 76 Cache: 844s/500MB
AV: 00:00:20 / 00:22:10 (2%) A-V:  0.000 Dropped: 76 Cache: 843s/500MB
AV: 00:00:20 / 00:22:10 (2%) A-V:  0.000 Dropped: 76 Cache: 844s/500MB
AV: 00:00:19 / 00:22:10 (1%) A-V:  0.000 Dropped: 5 Cache: 917s/500MB
AV: 00:00:19 / 00:22:10 (2%) A-V:  0.000 Dropped: 5 Cache: 917s/500MB
AV: 00:00:19 / 00:22:10 (2%) A-V:  0.000 Dropped: 21 Cache: 857s/500MB
AV: 00:00:20 / 00:22:10 (2%) A-V:  0.000 Dropped: 5 Cache: 917s/500MB
AV: 00:00:20 / 00:22:10 (2%) A-V:  0.000 Dropped: 21 Cache: 857s/500MB
AV: 00:00:20 / 00:22:10 (2%) A-V:  0.000 Dropped: 3 Cache: 833s/500MB
AV: 00:00:20 / 00:22:10 (2%) A-V:  0.000 Dropped: 76 Cache: 843s/500MB
AV: 00:00:20 / 00:22:10 (2%) A-V:  0.000 Dropped: 76 Cache: 844s/500MB
AV: 00:00:21 / 00:22:10 (2%) A-V:  0.000 Dropped: 3 Cache: 833s/500MB
AV: 00:00:21 / 00:22:10 (2%) A-V:  0.000 Dropped: 76 Cache: 844s/500MB
AV: 00:00:21 / 00:22:10 (2%) A-V:  0.000 Dropped: 5 Cache: 917s/500MB
AV: 00:00:21 / 00:22:10 (2%) A-V:  0.000 Dropped: 21 Cache: 857s/500MB
AV: 00:00:21 / 00:22:10 (2%) A-V:  0.000 Dropped: 3 Cache: 832s/500MB
AV: 00:00:21 / 00:22:10 (2%) A-V:  0.000 Dropped: 76 Cache: 844s/499MB
AV: 00:00:21 / 00:22:10 (2%) A-V:  0.000 Dropped: 76 Cache: 844s/500MB
AV: 00:00:22 / 00:22:10 (2%) A-V:  0.000 Dropped: 3 Cache: 833s/500MB
AV: 00:00:22 / 00:22:10 (2%) A-V:  0.000 Dropped: 3 Cache: 832s/500MB
AV: 00:00:21 / 00:22:10 (2%) A-V:  0.000 Dropped: 76 Cache: 845s/500MB
AV: 00:00:22 / 00:22:10 (2%) A-V:  0.000 Dropped: 76 Cache: 845s/500MB
AV: 00:00:22 / 00:22:10 (2%) A-V:  0.000 Dropped: 76 Cache: 844s/500MB
AV: 00:00:22 / 00:22:10 (2%) A-V:  0.000 Dropped: 76 Cache: 845s/500MB
AV: 00:00:21 / 00:22:10 (2%) A-V:  0.000 Dropped: 21 Cache: 856s/500MB
AV: 00:00:21 / 00:22:10 (2%) A-V:  0.000 Dropped: 21 Cache: 857s/500MB
AV: 00:00:22 / 00:22:10 (2%) A-V:  0.000 Dropped: 76 Cache: 844s/500MB
AV: 00:00:22 / 00:22:10 (2%) A-V:  0.000 Dropped: 76 Cache: 845s/500MB
AV: 00:00:22 / 00:22:10 (2%) A-V:  0.000 Dropped: 5 Cache: 917s/500MB
AV: 00:00:21 / 00:22:10 (2%) A-V:  0.000 Dropped: 21 Cache: 856s/500MB
AV: 00:00:22 / 00:22:10 (2%) A-V:  0.000 Dropped: 21 Cache: 856s/500MB
AV: 00:00:23 / 00:22:10 (2%) A-V:  0.000 Dropped: 3 Cache: 832s/500MB
AV: 00:00:23 / 00:22:10 (2%) A-V:  0.000 Dropped: 76 Cache: 845s/500MB
AV: 00:00:22 / 00:22:10 (2%) A-V:  0.000 Dropped: 21 Cache: 857s/500MB
AV: 00:00:22 / 00:22:10 (2%) A-V:  0.000 Dropped: 21 Cache: 856s/500MB
AV: 00:00:23 / 00:22:10 (2%) A-V:  0.000 Dropped: 3 Cache: 831s/500MB
AV: 00:00:23 / 00:22:10 (2%) A-V:  0.000 Dropped: 3 Cache: 832s/500MB
AV: 00:00:23 / 00:22:10 (2%) A-V:  0.000 Dropped: 3 Cache: 831s/500MB
AV: 00:00:22 / 00:22:10 (2%) A-V:  0.000 Dropped: 21 Cache: 857s/500MB
AV: 00:00:22 / 00:22:10 (2%) A-V:  0.000 Dropped: 21 Cache: 856s/500MB
AV: 00:00:23 / 00:22:10 (2%) A-V:  0.000 Dropped: 5 Cache: 917s/500MB
AV: 00:00:23 / 00:22:10 (2%) A-V:  0.000 Dropped: 21 Cache: 856s/500MB
AV: 00:00:23 / 00:22:10 (2%) A-V:  0.000 Dropped: 21 Cache: 857s/500MB
AV: 00:00:23 / 00:22:10 (2%) A-V:  0.000 Dropped: 21 Cache: 856s/500MB
AV: 00:00:24 / 00:22:10 (2%) A-V:  0.000 Dropped: 3 Cache: 831s/500MB
AV: 00:00:24 / 00:22:10 (2%) A-V:  0.000 Dropped: 76 Cache: 845s/500MB
AV: 00:00:23 / 00:22:10 (2%) A-V:  0.000 Dropped: 5 Cache: 916s/500MB
AV: 00:00:23 / 00:22:10 (2%) A-V:  0.000 Dropped: 5 Cache: 917s/500MB
AV: 00:00:23 / 00:22:10 (2%) A-V:  0.000 Dropped: 5 Cache: 916s/500MB
AV: 00:00:24 / 00:22:10 (2%) A-V:  0.000 Dropped: 76 Cache: 844s/500MB
AV: 00:00:24 / 00:22:10 (2%) A-V:  0.000 Dropped: 76 Cache: 845s/500MB
AV: 00:00:24 / 00:22:10 (2%) A-V:  0.000 Dropped: 3 Cache: 830s/500MB
AV: 00:00:24 / 00:22:10 (2%) A-V:  0.000 Dropped: 5 Cache: 916s/500MB
AV: 00:00:24 / 00:22:10 (2%) A-V:  0.000 Dropped: 76 Cache: 844s/500MB
AV: 00:00:24 / 00:22:10 (2%) A-V:  0.000 Dropped: 21 Cache: 856s/500MB
AV: 00:00:24 / 00:22:10 (2%) A-V:  0.000 Dropped: 76 Cache: 845s/500MB
AV: 00:00:24 / 00:22:10 (2%) A-V:  0.000 Dropped: 21 Cache: 857s/500MB
AV: 00:00:24 / 00:22:10 (2%) A-V:  0.000 Dropped: 21 Cache: 856s/500MB
AV: 00:00:25 / 00:22:10 (2%) A-V:  0.000 Dropped: 3 Cache: 830s/500MB
AV: 00:00:25 / 00:22:10 (2%) A-V:  0.000 Dropped: 76 Cache: 845s/500MB
AV: 00:00:24 / 00:22:10 (2%) A-V:  0.000 Dropped: 21 Cache: 857s/500MB
AV: 00:00:24 / 00:22:10 (2%) A-V:  0.000 Dropped: 21 Cache: 856s/500MB
AV: 00:00:25 / 00:22:10 (2%) A-V:  0.000 Dropped: 5 Cache: 916s/500MB
AV: 00:00:25 / 00:22:10 (2%) A-V:  0.000 Dropped: 21 Cache: 856s/500MB
AV: 00:00:25 / 00:22:10 (2%) A-V:  0.000 Dropped: 21 Cache: 857s/500MB
AV: 00:00:25 / 00:22:10 (2%) A-V:  0.000 Dropped: 21 Cache: 856s/500MB
AV: 00:00:26 / 00:22:10 (2%) A-V:  0.000 Dropped: 3 Cache: 829s/500MB
AV: 00:00:26 / 00:22:10 (2%) A-V:  0.000 Dropped: 76 Cache: 845s/500MB
AV: 00:00:25 / 00:22:10 (2%) A-V:  0.000 Dropped: 21 Cache: 857s/500MB
AV: 00:00:25 / 00:22:10 (2%) A-V:  0.000 Dropped: 21 Cache: 856s/500MB
AV: 00:00:25 / 00:22:10 (2%) A-V:  0.000 Dropped: 5 Cache: 915s/500MB
AV: 00:00:25 / 00:22:10 (2%) A-V:  0.000 Dropped: 21 Cache: 857s/500MB
AV: 00:00:25 / 00:22:10 (2%) A-V:  0.000 Dropped: 21 Cache: 856s/500MB
AV: 00:00:26 / 00:22:10 (2%) A-V:  0.000 Dropped: 5 Cache: 915s/500MB
AV: 00:00:26 / 00:22:10 (2%) A-V:  0.000 Dropped: 21 Cache: 856s/500MB
AV: 00:00:27 / 00:22:10 (2%) A-V:  0.000 Dropped: 3 Cache: 829s/500MB
AV: 00:00:27 / 00:22:10 (2%) A-V:  0.000 Dropped: 76 Cache: 845s/500MB
AV: 00:00:26 / 00:22:10 (2%) A-V:  0.000 Dropped: 5 Cache: 914s/500MB
AV: 00:00:27 / 00:22:10 (2%) A-V:  0.000 Dropped: 3 Cache: 828s/500MB
AV: 00:00:27 / 00:22:10 (2%) A-V:  0.000 Dropped: 5 Cache: 914s/500MB
AV: 00:00:27 / 00:22:10 (2%) A-V:  0.000 Dropped: 76 Cache: 845s/499MB
AV: 00:00:27 / 00:22:10 (2%) A-V:  0.000 Dropped: 21 Cache: 856s/500MB
AV: 00:00:27 / 00:22:10 (2%) A-V:  0.000 Dropped: 76 Cache: 845s/500MB
AV: 00:00:27 / 00:22:10 (2%) A-V:  0.000 Dropped: 76 Cache: 846s/500MB
AV: 00:00:27 / 00:22:10 (2%) A-V:  0.000 Dropped: 76 Cache: 845s/500MB
AV: 00:00:27 / 00:22:10 (2%) A-V:  0.000 Dropped: 76 Cache: 846s/500MB
AV: 00:00:28 / 00:22:10 (2%) A-V:  0.000 Dropped: 3 Cache: 828s/500MB
AV: 00:00:27 / 00:22:10 (2%) A-V:  0.000 Dropped: 76 Cache: 845s/500MB
AV: 00:00:27 / 00:22:10 (2%) A-V:  0.000 Dropped: 21 Cache: 857s/500MB
AV: 00:00:28 / 00:22:10 (2%) A-V:  0.000 Dropped: 76 Cache: 845s/500MB
AV: 00:00:28 / 00:22:10 (2%) A-V:  0.000 Dropped: 76 Cache: 846s/500MB
AV: 00:00:27 / 00:22:10 (2%) A-V:  0.000 Dropped: 21 Cache: 856s/500MB
AV: 00:00:27 / 00:22:10 (2%) A-V:  0.000 Dropped: 21 Cache: 857s/500MB
AV: 00:00:27 / 00:22:10 (2%) A-V:  0.000 Dropped: 5 Cache: 913s/500MB
AV: 00:00:28 / 00:22:10 (2%) A-V:  0.000 Dropped: 76 Cache: 845s/500MB
AV: 00:00:28 / 00:22:10 (2%) A-V:  0.000 Dropped: 76 Cache: 846s/500MB
AV: 00:00:28 / 00:22:10 (2%) A-V:  0.000 Dropped: 76 Cache: 845s/500MB
AV: 00:00:28 / 00:22:10 (2%) A-V:  0.000 Dropped: 76 Cache: 846s/500MB
AV: 00:00:28 / 00:22:10 (2%) A-V:  0.000 Dropped: 5 Cache: 913s/500MB
AV: 00:00:28 / 00:22:10 (2%) A-V:  0.000 Dropped: 3 Cache: 827s/500MB
AV: 00:00:28 / 00:22:10 (2%) A-V:  0.000 Dropped: 21 Cache: 856s/500MB
AV: 00:00:29 / 00:22:10 (2%) A-V:  0.000 Dropped: 3 Cache: 827s/500MB
AV: 00:00:29 / 00:22:10 (2%) A-V:  0.000 Dropped: 76 Cache: 846s/500MB
AV: 00:00:28 / 00:22:10 (2%) A-V:  0.000 Dropped: 5 Cache: 912s/500MB
AV: 00:00:29 / 00:22:10 (2%) A-V:  0.000 Dropped: 5 Cache: 912s/500MB
AV: 00:00:29 / 00:22:10 (2%) A-V:  0.000 Dropped: 76 Cache: 845s/500MB
AV: 00:00:29 / 00:22:10 (2%) A-V:  0.000 Dropped: 21 Cache: 856s/500MB
AV: 00:00:29 / 00:22:10 (2%) A-V:  0.000 Dropped: 3 Cache: 826s/500MB
AV: 00:00:30 / 00:22:10 (2%) A-V:  0.000 Dropped: 3 Cache: 826s/500MB
AV: 00:00:30 / 00:22:10 (2%) A-V:  0.000 Dropped: 76 Cache: 845s/500MB
AV: 00:00:29 / 00:22:10 (2%) A-V:  0.000 Dropped: 5 Cache: 911s/500MB
AV: 00:00:30 / 00:22:10 (2%) A-V:  0.000 Dropped: 76 Cache: 846s/500MB
AV: 00:00:30 / 00:22:10 (2%) A-V:  0.000 Dropped: 76 Cache: 847s/500MB
AV: 00:00:30 / 00:22:10 (2%) A-V:  0.000 Dropped: 5 Cache: 911s/500MB
Using hardware decoding (nvdec).
AV: 00:00:29 / 00:22:10 (2%) A-V:  0.000 Dropped: 21 Cache: 856s/500MB
AV: 00:00:29 / 00:22:10 (2%) A-V:  0.000 Dropped: 21 Cache: 857s/500MB
AV: 00:00:29 / 00:22:10 (2%) A-V:  0.077 Dropped: 21 Cache: 857s/500MB
VO: [gpu] 1920x1080 cuda[nv12]
AV: 00:00:29 / 00:22:10 (2%) A-V:  0.077 Dropped: 21 Cache: 857s/500MB
AV: 00:00:29 / 00:22:10 (2%) A-V:  0.102 Cache: 857s/500MB
AV: 00:00:30 / 00:22:10 (2%) A-V:  0.070 Cache: 857s/500MB
[dbx] New chapter 2 
AV: 00:00:30 / 00:22:10 (2%) A-V:  0.070 Cache: 857s/500MB
[dbx] Metadata  
AV: 00:00:30 / 00:22:10 (2%) A-V:  0.070 Cache: 857s/500MB
[dbx] chapter time is  30 
AV: 00:00:30 / 00:22:10 (2%) A-V:  0.070 Cache: 857s/500MB
[dbx] Chapter Length is  16 
AV: 00:00:30 / 00:22:10 (2%) A-V:  0.070 Cache: 857s/500MB
[dbx] record_number was  3 
AV: 00:00:30 / 00:22:10 (2%) A-V:  0.070 Cache: 857s/500MB
AV: 00:00:30 / 00:22:10 (2%) A-V:  0.038 Dropped: 1 Cache: 857s/500MB
AV: 00:00:30 / 00:22:10 (2%) A-V:  0.006 Dropped: 2 Cache: 857s/500MB
AV: 00:00:30 / 00:22:10 (2%) A-V:  0.000 Dropped: 2 Cache: 857s/500MB
AV: 00:00:30 / 00:22:10 (2%) A-V:  0.000 Dropped: 76 Cache: 848s/500MB
AV: 00:00:31 / 00:22:10 (2%) A-V:  0.000 Dropped: 3 Cache: 826s/500MB
Using hardware decoding (nvdec).
AV: 00:00:30 / 00:22:10 (2%) A-V:  0.000 Dropped: 76 Cache: 848s/500MB
AV: 00:00:30 / 00:22:10 (2%) A-V:  0.000 Dropped: 76 Cache: 850s/500MB
AV: 00:00:30 / 00:22:10 (2%) A-V:  0.075 Dropped: 76 Cache: 851s/500MB
VO: [gpu] 1920x1080 cuda[nv12]
AV: 00:00:30 / 00:22:10 (2%) A-V:  0.075 Dropped: 76 Cache: 851s/500MB
AV: 00:00:30 / 00:22:10 (2%) A-V:  0.093 Cache: 851s/500MB
AV: 00:00:31 / 00:22:10 (2%) A-V:  0.062 Cache: 851s/500MB
AV: 00:00:31 / 00:22:10 (2%) A-V:  0.029 Dropped: 1 Cache: 851s/500MB
AV: 00:00:31 / 00:22:10 (2%) A-V:  0.000 Dropped: 2 Cache: 851s/500MB
[dbx] New chapter 3 
AV: 00:00:31 / 00:22:10 (2%) A-V:  0.000 Dropped: 2 Cache: 851s/500MB
[dbx] Metadata  
AV: 00:00:31 / 00:22:10 (2%) A-V:  0.000 Dropped: 2 Cache: 851s/500MB
[dbx] chapter time is  31 
AV: 00:00:31 / 00:22:10 (2%) A-V:  0.000 Dropped: 2 Cache: 851s/500MB
[dbx] Chapter Length is  13 
AV: 00:00:31 / 00:22:10 (2%) A-V:  0.000 Dropped: 2 Cache: 851s/500MB
[dbx] record_number was  4 
AV: 00:00:31 / 00:22:10 (2%) A-V:  0.000 Dropped: 2 Cache: 851s/500MB
AV: 00:00:31 / 00:22:10 (2%) A-V:  0.000 Dropped: 3 Cache: 825s/500MB
AV: 00:00:30 / 00:22:10 (2%) A-V:  0.000 Dropped: 5 Cache: 912s/500MB
AV: 00:00:30 / 00:22:10 (2%) A-V:  0.000 Dropped: 5 Cache: 911s/500MB
AV: 00:00:30 / 00:22:10 (2%) A-V:  0.000 Dropped: 5 Cache: 912s/500MB
AV: 00:00:31 / 00:22:10 (2%) A-V:  0.000 Dropped: 5 Cache: 912s/500MB
AV: 00:00:30 / 00:22:10 (2%) A-V:  0.000 Dropped: 2 Cache: 856s/500MB
AV: 00:00:31 / 00:22:10 (2%) A-V:  0.000 Dropped: 2 Cache: 856s/500MB
AV: 00:00:31 / 00:22:10 (2%) A-V:  0.000 Dropped: 2 Cache: 852s/500MB
AV: 00:00:31 / 00:22:10 (2%) A-V:  0.000 Dropped: 2 Cache: 851s/500MB
AV: 00:00:31 / 00:22:10 (2%) A-V:  0.000 Dropped: 2 Cache: 852s/500MB
Using hardware decoding (nvdec).
AV: 00:00:31 / 00:22:10 (2%) A-V:  0.000 Dropped: 3 Cache: 825s/500MB
AV: 00:00:31 / 00:22:10 (2%) A-V:  0.000 Dropped: 3 Cache: 826s/500MB
AV: 00:00:31 / 00:22:10 (2%) A-V:  0.026 Dropped: 3 Cache: 826s/500MB
VO: [gpu] 1920x1080 cuda[nv12]
AV: 00:00:31 / 00:22:10 (2%) A-V:  0.026 Dropped: 3 Cache: 826s/500MB
AV: 00:00:31 / 00:22:10 (2%) A-V:  0.043 Cache: 826s/500MB
AV: 00:00:32 / 00:22:10 (2%) A-V:  0.012 Cache: 826s/500MB
AV: 00:00:32 / 00:22:10 (2%) A-V:  0.000 Cache: 826s/500MB
[dbx] New chapter 2 
AV: 00:00:32 / 00:22:10 (2%) A-V:  0.000 Cache: 826s/500MB
[dbx] Metadata  
AV: 00:00:32 / 00:22:10 (2%) A-V:  0.000 Cache: 826s/500MB
[dbx] chapter time is  32 
AV: 00:00:32 / 00:22:10 (2%) A-V:  0.000 Cache: 826s/500MB
[dbx] Chapter Length is  13 
AV: 00:00:32 / 00:22:10 (2%) A-V:  0.000 Cache: 826s/500MB
[dbx] record_number was  3 
AV: 00:00:32 / 00:22:10 (2%) A-V:  0.000 Cache: 826s/500MB
AV: 00:00:32 / 00:22:10 (2%) A-V:  0.000 Dropped: 2 Cache: 852s/500MB
AV: 00:00:32 / 00:22:10 (2%) A-V:  0.000 Dropped: 5 Cache: 912s/500MB
AV: 00:00:32 / 00:22:10 (2%) A-V:  0.000 Dropped: 2 Cache: 856s/500MB
AV: 00:00:32 / 00:22:10 (2%) A-V:  0.000 Cache: 825s/500MB
AV: 00:00:32 / 00:22:10 (2%) A-V:  0.000 Cache: 826s/500MB
AV: 00:00:32 / 00:22:10 (2%) A-V:  0.000 Dropped: 2 Cache: 855s/500MB
AV: 00:00:33 / 00:22:10 (2%) A-V:  0.000 Cache: 826s/500MB
AV: 00:00:33 / 00:22:10 (2%) A-V:  0.000 Dropped: 2 Cache: 852s/500MB
AV: 00:00:33 / 00:22:10 (2%) A-V:  0.000 Cache: 825s/500MB
AV: 00:00:33 / 00:22:10 (3%) A-V:  0.000 Cache: 825s/500MB
AV: 00:00:32 / 00:22:10 (2%) A-V:  0.000 Dropped: 5 Cache: 913s/500MB
AV: 00:00:33 / 00:22:10 (3%) A-V:  0.000 Dropped: 2 Cache: 852s/500MB
AV: 00:00:32 / 00:22:10 (2%) A-V:  0.000 Dropped: 5 Cache: 912s/500MB
AV: 00:00:32 / 00:22:10 (2%) A-V:  0.000 Dropped: 5 Cache: 914s/500MB
AV: 00:00:33 / 00:22:10 (3%) A-V:  0.000 Dropped: 2 Cache: 853s/500MB
Using hardware decoding (nvdec).
AV: 00:00:32 / 00:22:10 (2%) A-V:  0.000 Dropped: 5 Cache: 914s/500MB
AV: 00:00:33 / 00:22:10 (3%) A-V:  0.000 Dropped: 2 Cache: 852s/500MB
AV: 00:00:32 / 00:22:10 (2%) A-V:  0.000 Dropped: 5 Cache: 916s/500MB
AV: 00:00:33 / 00:22:10 (3%) A-V:  0.000 Dropped: 2 Cache: 853s/500MB
AV: 00:00:32 / 00:22:10 (2%) A-V:  0.058 Dropped: 5 Cache: 917s/500MB
AV: 00:00:32 / 00:22:10 (2%) A-V:  0.026 Dropped: 6 Cache: 917s/500MB
AV: 00:00:33 / 00:22:10 (2%) A-V:  0.000 Dropped: 7 Cache: 917s/500MB
[dbx] New chapter 3 
AV: 00:00:33 / 00:22:10 (2%) A-V:  0.000 Dropped: 7 Cache: 917s/500MB
[dbx] Metadata  
AV: 00:00:33 / 00:22:10 (2%) A-V:  0.000 Dropped: 7 Cache: 917s/500MB
[dbx] chapter time is  33 
AV: 00:00:33 / 00:22:10 (2%) A-V:  0.000 Dropped: 7 Cache: 917s/500MB
[dbx] Chapter Length is  14 
AV: 00:00:33 / 00:22:10 (2%) A-V:  0.000 Dropped: 7 Cache: 917s/500MB
[dbx] record_number was  4 
AV: 00:00:33 / 00:22:10 (2%) A-V:  0.000 Dropped: 7 Cache: 917s/500MB
AV: 00:00:33 / 00:22:10 (3%) A-V:  0.000 Dropped: 2 Cache: 852s/500MB
AV: 00:00:33 / 00:22:10 (2%) A-V:  0.000 Dropped: 2 Cache: 855s/500MB
AV: 00:00:33 / 00:22:10 (3%) A-V:  0.000 Dropped: 2 Cache: 853s/500MB
AV: 00:00:33 / 00:22:10 (2%) A-V:  0.000 Dropped: 7 Cache: 918s/500MB
AV: 00:00:33 / 00:22:10 (3%) A-V:  0.000 Dropped: 7 Cache: 918s/500MB
AV: 00:00:33 / 00:22:10 (3%) A-V:  0.000 Dropped: 2 Cache: 855s/500MB
AV: 00:00:34 / 00:22:10 (3%) A-V:  0.000 Cache: 825s/500MB
AV: 00:00:33 / 00:22:10 (3%) A-V:  0.000 Dropped: 7 Cache: 917s/500MB
AV: 00:00:34 / 00:22:10 (3%) A-V:  0.000 Dropped: 2 Cache: 853s/500MB
AV: 00:00:33 / 00:22:10 (3%) A-V:  0.000 Dropped: 7 Cache: 918s/500MB
AV: 00:00:33 / 00:22:10 (3%) A-V:  0.000 Dropped: 2 Cache: 854s/500MB
AV: 00:00:34 / 00:22:10 (3%) A-V:  0.000 Cache: 824s/500MB
AV: 00:00:34 / 00:22:10 (3%) A-V:  0.000 Dropped: 7 Cache: 918s/500MB
AV: 00:00:34 / 00:22:10 (3%) A-V:  0.000 Dropped: 2 Cache: 854s/500MB
AV: 00:00:34 / 00:22:10 (3%) A-V:  0.000 Dropped: 2 Cache: 854s/500MB
AV: 00:00:35 / 00:22:10 (3%) A-V:  0.000 Cache: 824s/500MB
AV: 00:00:35 / 00:22:10 (3%) A-V:  0.000 Dropped: 2 Cache: 854s/500MB
AV: 00:00:34 / 00:22:10 (3%) A-V:  0.000 Dropped: 2 Cache: 853s/500MB
AV: 00:00:35 / 00:22:10 (3%) A-V:  0.000 Dropped: 2 Cache: 853s/500MB
AV: 00:00:35 / 00:22:10 (3%) A-V:  0.000 Dropped: 2 Cache: 854s/500MB
AV: 00:00:35 / 00:22:10 (3%) A-V:  0.000 Dropped: 7 Cache: 918s/500MB
AV: 00:00:35 / 00:22:10 (3%) A-V:  0.000 Cache: 823s/500MB
AV: 00:00:35 / 00:22:10 (3%) A-V:  0.000 Dropped: 2 Cache: 853s/500MB
AV: 00:00:36 / 00:22:10 (3%) A-V:  0.000 Cache: 823s/500MB
AV: 00:00:36 / 00:22:10 (3%) A-V:  0.000 Dropped: 2 Cache: 854s/500MB
AV: 00:00:35 / 00:22:10 (3%) A-V:  0.000 Dropped: 2 Cache: 852s/500MB
AV: 00:00:36 / 00:22:10 (3%) A-V:  0.000 Dropped: 7 Cache: 918s/500MB
AV: 00:00:36 / 00:22:10 (3%) A-V:  0.000 Dropped: 2 Cache: 853s/500MB
AV: 00:00:36 / 00:22:10 (3%) A-V:  0.000 Dropped: 7 Cache: 919s/500MB
AV: 00:00:36 / 00:22:10 (3%) A-V:  0.000 Dropped: 2 Cache: 852s/500MB
AV: 00:00:37 / 00:22:10 (3%) A-V:  0.000 Cache: 823s/500MB
AV: 00:00:37 / 00:22:10 (3%) A-V:  0.000 Dropped: 2 Cache: 853s/500MB
AV: 00:00:37 / 00:22:10 (3%) A-V:  0.000 Cache: 822s/500MB
AV: 00:00:37 / 00:22:10 (3%) A-V:  0.000 Dropped: 7 Cache: 919s/500MB
AV: 00:00:37 / 00:22:10 (3%) A-V:  0.000 Dropped: 2 Cache: 852s/500MB
AV: 00:00:36 / 00:22:10 (3%) A-V:  0.000 Dropped: 2 Cache: 851s/500MB
AV: 00:00:37 / 00:22:10 (3%) A-V:  0.000 Dropped: 2 Cache: 851s/500MB
AV: 00:00:38 / 00:22:10 (3%) A-V:  0.000 Cache: 822s/500MB
AV: 00:00:38 / 00:22:10 (3%) A-V:  0.000 Dropped: 2 Cache: 852s/500MB
AV: 00:00:37 / 00:22:10 (3%) A-V:  0.000 Dropped: 7 Cache: 918s/500MB
AV: 00:00:38 / 00:22:10 (3%) A-V:  0.000 Cache: 821s/500MB
AV: 00:00:38 / 00:22:10 (3%) A-V:  0.000 Dropped: 7 Cache: 918s/500MB
AV: 00:00:38 / 00:22:10 (3%) A-V:  0.000 Dropped: 2 Cache: 851s/500MB
AV: 00:00:38 / 00:22:10 (3%) A-V:  0.000 Dropped: 2 Cache: 851s/500MB
AV: 00:00:38 / 00:22:10 (3%) A-V:  0.000 Dropped: 2 Cache: 850s/500MB
AV: 00:00:39 / 00:22:10 (3%) A-V:  0.000 Cache: 821s/500MB
AV: 00:00:39 / 00:22:10 (3%) A-V:  0.000 Dropped: 2 Cache: 851s/500MB
AV: 00:00:38 / 00:22:10 (3%) A-V:  0.000 Dropped: 7 Cache: 917s/500MB
AV: 00:00:39 / 00:22:10 (3%) A-V:  0.000 Dropped: 7 Cache: 917s/500MB
AV: 00:00:39 / 00:22:10 (3%) A-V:  0.000 Dropped: 2 Cache: 850s/500MB
AV: 00:00:39 / 00:22:10 (3%) A-V:  0.000 Dropped: 2 Cache: 850s/500MB
AV: 00:00:40 / 00:22:10 (3%) A-V:  0.000 Cache: 821s/500MB
AV: 00:00:40 / 00:22:10 (3%) A-V:  0.000 Cache: 820s/500MB
AV: 00:00:39 / 00:22:10 (3%) A-V:  0.000 Dropped: 2 Cache: 849s/500MB
AV: 00:00:40 / 00:22:10 (3%) A-V:  0.000 Dropped: 2 Cache: 850s/500MB
AV: 00:00:39 / 00:22:10 (3%) A-V:  0.000 Dropped: 7 Cache: 916s/500MB
AV: 00:00:40 / 00:22:10 (3%) A-V:  0.000 Dropped: 7 Cache: 916s/500MB
AV: 00:00:40 / 00:22:10 (3%) A-V:  0.000 Dropped: 2 Cache: 849s/500MB
AV: 00:00:40 / 00:22:10 (3%) A-V:  0.000 Dropped: 2 Cache: 849s/500MB
AV: 00:00:41 / 00:22:10 (3%) A-V:  0.000 Cache: 820s/500MB
AV: 00:00:41 / 00:22:10 (3%) A-V:  0.000 Dropped: 2 Cache: 849s/500MB
AV: 00:00:40 / 00:22:10 (3%) A-V:  0.000 Dropped: 2 Cache: 848s/500MB
AV: 00:00:40 / 00:22:10 (3%) A-V:  0.000 Dropped: 7 Cache: 915s/500MB
AV: 00:00:40 / 00:22:10 (3%) A-V:  0.000 Dropped: 2 Cache: 849s/500MB
AV: 00:00:40 / 00:22:10 (3%) A-V:  0.000 Dropped: 2 Cache: 848s/500MB
AV: 00:00:41 / 00:22:10 (3%) A-V:  0.000 Cache: 819s/500MB
AV: 00:00:41 / 00:22:10 (3%) A-V:  0.000 Cache: 820s/500MB
AV: 00:00:41 / 00:22:10 (3%) A-V:  0.000 Dropped: 7 Cache: 915s/500MB
Using hardware decoding (nvdec).
AV: 00:00:40 / 00:22:10 (3%) A-V:  0.000 Dropped: 2 Cache: 848s/500MB
AO: [pipewire] 44100Hz stereo 2ch floatp
AV: 00:00:41 / 00:22:10 (3%) A-V:  0.000 Cache: 820s/500MB
AV: 00:00:41 / 00:22:10 (3%) A-V:  0.200 Cache: 820s/500MB
AV: 00:00:41 / 00:22:10 (3%) A-V:  0.167 Dropped: 1 Cache: 819s/500MB
AV: 00:00:41 / 00:22:10 (3%) A-V:  0.133 Dropped: 2 Cache: 819s/500MB
AV: 00:00:41 / 00:22:10 (3%) A-V:  0.100 Dropped: 3 Cache: 819s/500MB
AV: 00:00:41 / 00:22:10 (3%) A-V:  0.067 Dropped: 4 Cache: 819s/500MB
AV: 00:00:40 / 00:22:10 (3%) A-V:  0.107 Dropped: 2 Cache: 849s/500MB
AV: 00:00:40 / 00:22:10 (3%) A-V:  0.074 Dropped: 2 Cache: 849s/500MB
AV: 00:00:41 / 00:22:10 (3%) A-V:  0.036 Dropped: 3 Cache: 849s/500MB
AV: 00:00:41 / 00:22:10 (3%) A-V:  0.000 Dropped: 4 Cache: 849s/500MB
[dbx] New chapter 3 
AV: 00:00:41 / 00:22:10 (3%) A-V:  0.000 Dropped: 4 Cache: 849s/500MB
[dbx] Metadata  
AV: 00:00:41 / 00:22:10 (3%) A-V:  0.000 Dropped: 4 Cache: 849s/500MB
[dbx] chapter time is  41 
AV: 00:00:41 / 00:22:10 (3%) A-V:  0.000 Dropped: 4 Cache: 849s/500MB
[dbx] Chapter Length is  11 
AV: 00:00:41 / 00:22:10 (3%) A-V:  0.000 Dropped: 4 Cache: 849s/500MB
[dbx] record_number was  4 
AV: 00:00:41 / 00:22:10 (3%) A-V:  0.000 Dropped: 4 Cache: 849s/500MB
Using hardware decoding (nvdec).
AV: 00:00:41 / 00:22:10 (3%) A-V:  0.067 Dropped: 4 Cache: 819s/500MB
AV: 00:00:41 / 00:22:10 (3%) A-V:  0.067 Dropped: 5 Cache: 819s/500MB
AV: 00:00:41 / 00:22:10 (3%) A-V:  0.000 Dropped: 4 Cache: 848s/500MB
AV: 00:00:41 / 00:22:10 (3%) A-V:  0.000 Dropped: 5 Cache: 819s/500MB
VO: [gpu] 640x360 cuda[nv12]
AV: 00:00:41 / 00:22:10 (3%) A-V:  0.000 Dropped: 5 Cache: 819s/500MB
AV: 00:00:41 / 00:22:10 (3%) A-V:  0.000 Cache: 819s/500MB
[dbx] New chapter 3 
AV: 00:00:41 / 00:22:10 (3%) A-V:  0.000 Cache: 819s/500MB
[dbx] Metadata  
AV: 00:00:41 / 00:22:10 (3%) A-V:  0.000 Cache: 819s/500MB
[dbx] chapter time is  42 
AV: 00:00:41 / 00:22:10 (3%) A-V:  0.000 Cache: 819s/500MB
[dbx] Chapter Length is  10 
AV: 00:00:41 / 00:22:10 (3%) A-V:  0.000 Cache: 819s/500MB
[dbx] record_number was  4 
AV: 00:00:41 / 00:22:10 (3%) A-V:  0.000 Cache: 819s/500MB
AV: 00:00:42 / 00:22:10 (3%) A-V:  0.000 Cache: 819s/500MB
AV: 00:00:42 / 00:22:10 (3%) A-V:  0.000 Dropped: 2 Cache: 849s/500MB
AV: 00:00:41 / 00:22:10 (3%) A-V:  0.000 Dropped: 7 Cache: 914s/500MB
AV: 00:00:42 / 00:22:10 (3%) A-V:  0.000 Cache: 818s/500MB
AV: 00:00:42 / 00:22:10 (3%) A-V:  0.000 Dropped: 7 Cache: 914s/500MB
AV: 00:00:42 / 00:22:10 (3%) A-V:  0.000 Dropped: 4 Cache: 848s/500MB
AV: 00:00:43 / 00:22:10 (3%) A-V:  0.000 Cache: 818s/500MB
AV: 00:00:42 / 00:22:10 (3%) A-V:  0.000 Dropped: 4 Cache: 847s/500MB
AV: 00:00:43 / 00:22:10 (3%) A-V:  0.000 Dropped: 2 Cache: 849s/500MB
AV: 00:00:43 / 00:22:10 (3%) A-V:  0.000 Cache: 819s/500MB
AV: 00:00:43 / 00:22:10 (3%) A-V:  0.000 Cache: 818s/500MB
AV: 00:00:42 / 00:22:10 (3%) A-V:  0.000 Dropped: 7 Cache: 913s/500MB
AV: 00:00:43 / 00:22:10 (3%) A-V:  0.000 Cache: 819s/500MB
AV: 00:00:43 / 00:22:10 (3%) A-V:  0.000 Cache: 818s/500MB
AV: 00:00:43 / 00:22:10 (3%) A-V:  0.000 Dropped: 7 Cache: 913s/500MB
AV: 00:00:43 / 00:22:10 (3%) A-V:  0.000 Dropped: 4 Cache: 847s/500MB
AV: 00:00:44 / 00:22:10 (3%) A-V:  0.000 Cache: 818s/500MB
AV: 00:00:43 / 00:22:10 (3%) A-V:  0.000 Dropped: 4 Cache: 846s/500MB
AV: 00:00:44 / 00:22:10 (3%) A-V:  0.000 Dropped: 2 Cache: 849s/500MB
AV: 00:00:43 / 00:22:10 (3%) A-V:  0.000 Dropped: 7 Cache: 912s/500MB
AV: 00:00:44 / 00:22:10 (3%) A-V:  0.000 Cache: 819s/500MB
AV: 00:00:44 / 00:22:10 (3%) A-V:  0.000 Cache: 818s/500MB
AV: 00:00:44 / 00:22:10 (3%) A-V:  0.000 Dropped: 7 Cache: 912s/500MB
AV: 00:00:44 / 00:22:10 (3%) A-V:  0.000 Dropped: 4 Cache: 846s/500MB
AV: 00:00:44 / 00:22:10 (3%) A-V:  0.000 Cache: 819s/500MB
AV: 00:00:45 / 00:22:10 (3%) A-V:  0.000 Cache: 819s/500MB
AV: 00:00:45 / 00:22:10 (3%) A-V:  0.000 Dropped: 2 Cache: 849s/500MB
AV: 00:00:44 / 00:22:10 (3%) A-V:  0.000 Dropped: 4 Cache: 845s/500MB
AV: 00:00:44 / 00:22:10 (3%) A-V:  0.000 Dropped: 7 Cache: 911s/500MB
Using hardware decoding (nvdec).
AV: 00:00:44 / 00:22:10 (3%) A-V:  0.000 Dropped: 7 Cache: 911s/500MB
AV: 00:00:44 / 00:22:10 (3%) A-V:  0.043 Dropped: 7 Cache: 911s/500MB
AV: 00:00:44 / 00:22:10 (3%) A-V:  0.012 Dropped: 8 Cache: 911s/500MB
AV: 00:00:45 / 00:22:10 (3%) A-V:  0.000 Dropped: 8 Cache: 911s/500MB
[dbx] New chapter 4 
AV: 00:00:45 / 00:22:10 (3%) A-V:  0.000 Dropped: 8 Cache: 911s/500MB
[dbx] Metadata  
AV: 00:00:45 / 00:22:10 (3%) A-V:  0.000 Dropped: 8 Cache: 911s/500MB
[dbx] chapter time is  45 
AV: 00:00:45 / 00:22:10 (3%) A-V:  0.000 Dropped: 8 Cache: 911s/500MB
[dbx] Chapter Length is  12 
AV: 00:00:45 / 00:22:10 (3%) A-V:  0.000 Dropped: 8 Cache: 911s/500MB
[dbx] record_number was  5 
AV: 00:00:45 / 00:22:10 (3%) A-V:  0.000 Dropped: 8 Cache: 911s/500MB
AV: 00:00:45 / 00:22:10 (3%) A-V:  0.000 Dropped: 4 Cache: 845s/500MB
AV: 00:00:46 / 00:22:10 (3%) A-V:  0.000 Cache: 819s/500MB
AV: 00:00:46 / 00:22:10 (3%) A-V:  0.000 Dropped: 2 Cache: 849s/500MB
AV: 00:00:45 / 00:22:10 (3%) A-V:  0.000 Dropped: 8 Cache: 910s/500MB
AV: 00:00:45 / 00:22:10 (3%) A-V:  0.000 Dropped: 4 Cache: 844s/500MB
AV: 00:00:46 / 00:22:10 (4%) A-V:  0.000 Cache: 819s/500MB
AV: 00:00:46 / 00:22:10 (4%) A-V:  0.000 Dropped: 2 Cache: 849s/500MB
Invalid audio PTS: 47.000000 -> 55.000000
AV: 00:00:46 / 00:22:10 (4%) A-V:  0.000 Dropped: 2 Cache: 849s/500MB
Reset playback due to audio timestamp reset.
AV: 00:00:46 / 00:22:10 (4%) A-V:  0.000 Dropped: 2 Cache: 849s/500MB
AV: 00:00:46 / 00:22:10 (3%) A-V:  0.000 Dropped: 8 Cache: 910s/500MB
[ffmpeg/video] h264: co located POCs unavailable
AV: 00:00:46 / 00:22:10 (4%) A-V:  0.000 Dropped: 2 Cache: 849s/500MB
[ffmpeg/video] h264: co located POCs unavailable
AV: 00:00:46 / 00:22:10 (4%) A-V:  0.000 Dropped: 2 Cache: 849s/500MB
[ffmpeg/video] h264: co located POCs unavailable
AV: 00:00:46 / 00:22:10 (4%) A-V:  0.000 Dropped: 2 Cache: 849s/500MB
AV: 00:00:46 / 00:22:10 (3%) A-V:  0.000 Dropped: 4 Cache: 844s/500MB
Using hardware decoding (nvdec).
AV: 00:00:46 / 00:22:10 (4%) A-V:  0.000 Dropped: 2 Cache: 849s/500MB
(...) AV: 00:00:00 / 00:22:10 (0%) A-V:  0.000 Cache: 844s/500MB
AV: 00:00:47 / 00:22:10 (4%) A-V:  0.000 Cache: 844s/500MB
[dbx] New chapter 4 
AV: 00:00:47 / 00:22:10 (4%) A-V:  0.000 Cache: 844s/500MB
[dbx] Metadata  
AV: 00:00:47 / 00:22:10 (4%) A-V:  0.000 Cache: 844s/500MB
[dbx] chapter time is  47 
AV: 00:00:47 / 00:22:10 (4%) A-V:  0.000 Cache: 844s/500MB
[dbx] Chapter Length is  16 
AV: 00:00:47 / 00:22:10 (4%) A-V:  0.000 Cache: 844s/500MB
[dbx] record_number was  5 
AV: 00:00:47 / 00:22:10 (4%) A-V:  0.000 Cache: 844s/500MB
[dbx] New chapter 4 
AV: 00:00:47 / 00:22:10 (4%) A-V:  0.000 Cache: 844s/500MB
[dbx] Metadata  
AV: 00:00:47 / 00:22:10 (4%) A-V:  0.000 Cache: 844s/500MB
[dbx] chapter time is  47 
AV: 00:00:47 / 00:22:10 (4%) A-V:  0.000 Cache: 844s/500MB
[dbx] Chapter Length is  0 
AV: 00:00:47 / 00:22:10 (4%) A-V:  0.000 Cache: 844s/500MB
[dbx] record_number was  5 
AV: 00:00:47 / 00:22:10 (4%) A-V:  0.000 Cache: 844s/500MB
AV: 00:00:46 / 00:22:10 (4%) A-V:  0.000 Cache: 820s/500MB
AV: 00:00:47 / 00:22:10 (4%) A-V:  0.000 ct:  0.064 Cache: 844s/500MB
AV: 00:00:46 / 00:22:10 (4%) A-V:  0.000 Cache: 819s/500MB
AV: 00:00:47 / 00:22:10 (4%) A-V:  0.000 ct:  0.080 Cache: 844s/500MB
AV: 00:00:47 / 00:22:10 (4%) A-V:  0.000 ct:  0.096 Cache: 844s/500MB
AV: 00:00:47 / 00:22:10 (4%) A-V:  0.000 Cache: 819s/500MB
AV: 00:00:47 / 00:22:10 (4%) A-V:  0.000 ct:  0.112 Cache: 844s/500MB
AV: 00:00:47 / 00:22:10 (4%) A-V:  0.000 ct:  0.128 Cache: 844s/500MB
AV: 00:00:47 / 00:22:10 (4%) A-V:  0.000 Cache: 820s/500MB
AV: 00:00:47 / 00:22:10 (4%) A-V:  0.000 ct:  0.144 Cache: 844s/500MB
AV: 00:00:47 / 00:22:10 (4%) A-V:  0.000 ct:  0.160 Cache: 844s/500MB
AV: 00:00:47 / 00:22:10 (4%) A-V:  0.000 ct:  0.176 Cache: 844s/500MB
AV: 00:00:47 / 00:22:10 (4%) A-V:  0.000 ct:  0.192 Cache: 844s/500MB
AV: 00:00:47 / 00:22:10 (4%) A-V:  0.000 ct:  0.208 Cache: 844s/500MB
AV: 00:00:46 / 00:22:10 (4%) A-V:  0.000 Dropped: 8 Cache: 910s/500MB
AV: 00:00:46 / 00:22:10 (4%) A-V:  0.000 Dropped: 4 Cache: 844s/500MB
AV: 00:00:47 / 00:22:10 (4%) A-V:  0.000 ct:  0.224 Cache: 844s/500MB
AV: 00:00:46 / 00:22:10 (4%) A-V:  0.000 Dropped: 8 Cache: 909s/500MB
AV: 00:00:47 / 00:22:10 (4%) A-V:  0.000 ct:  0.240 Cache: 844s/500MB
AV: 00:00:47 / 00:22:10 (4%) A-V:  0.000 ct:  0.256 Cache: 844s/500MB
AV: 00:00:47 / 00:22:10 (4%) A-V:  0.000 ct:  0.272 Cache: 844s/500MB
AV: 00:00:47 / 00:22:10 (4%) A-V:  0.000 ct:  0.288 Cache: 844s/500MB
AV: 00:00:47 / 00:22:10 (4%) A-V:  0.000 ct:  0.304 Cache: 844s/500MB
AV: 00:00:47 / 00:22:10 (4%) A-V:  0.000 ct:  0.320 Cache: 844s/500MB
AV: 00:00:47 / 00:22:10 (4%) A-V:  0.000 ct:  0.336 Cache: 844s/500MB
AV: 00:00:46 / 00:22:10 (4%) A-V:  0.000 Dropped: 4 Cache: 843s/500MB
AV: 00:00:47 / 00:22:10 (4%) A-V:  0.000 ct:  0.352 Cache: 844s/500MB
AV: 00:00:47 / 00:22:10 (4%) A-V:  0.000 ct:  0.368 Cache: 844s/500MB
AV: 00:00:47 / 00:22:10 (4%) A-V:  0.000 Dropped: 8 Cache: 909s/500MB
AV: 00:00:47 / 00:22:10 (4%) A-V:  0.000 ct:  0.384 Cache: 843s/500MB
AV: 00:00:47 / 00:22:10 (4%) A-V:  0.000 Dropped: 4 Cache: 843s/500MB
AV: 00:00:47 / 00:22:10 (4%) A-V:  0.000 ct:  0.400 Cache: 843s/500MB
AV: 00:00:48 / 00:22:10 (4%) A-V:  0.000 ct:  0.416 Cache: 843s/500MB
AV: 00:00:48 / 00:22:10 (4%) A-V:  0.000 ct:  0.432 Cache: 843s/500MB
AV: 00:00:48 / 00:22:10 (4%) A-V:  0.000 ct:  0.448 Cache: 843s/500MB
AV: 00:00:48 / 00:22:10 (4%) A-V:  0.000 ct:  0.464 Cache: 843s/500MB
AV: 00:00:48 / 00:22:10 (4%) A-V:  0.000 ct:  0.480 Cache: 843s/500MB
AV: 00:00:48 / 00:22:10 (4%) A-V:  0.000 ct:  0.496 Cache: 843s/500MB
AV: 00:00:48 / 00:22:10 (4%) A-V:  0.000 Cache: 820s/500MB
AV: 00:00:48 / 00:22:10 (4%) A-V:  0.000 ct:  0.512 Cache: 843s/500MB
AV: 00:00:48 / 00:22:10 (4%) A-V:  0.000 ct:  0.528 Cache: 843s/500MB
AV: 00:00:48 / 00:22:10 (4%) A-V:  0.000 ct:  0.544 Cache: 843s/500MB
AV: 00:00:48 / 00:22:10 (4%) A-V:  0.000 ct:  0.560 Cache: 843s/500MB
AV: 00:00:48 / 00:22:10 (4%) A-V:  0.000 ct:  0.576 Cache: 843s/500MB
AV: 00:00:48 / 00:22:10 (4%) A-V:  0.000 ct:  0.592 Cache: 843s/500MB
AV: 00:00:48 / 00:22:10 (4%) A-V:  0.000 ct:  0.608 Cache: 843s/500MB
AV: 00:00:48 / 00:22:10 (4%) A-V:  0.000 ct:  0.624 Cache: 843s/500MB
AV: 00:00:48 / 00:22:10 (4%) A-V:  0.000 ct:  0.640 Cache: 843s/500MB
AV: 00:00:48 / 00:22:10 (4%) A-V:  0.000 ct:  0.656 Cache: 843s/500MB
AV: 00:00:48 / 00:22:10 (4%) A-V:  0.000 Cache: 821s/500MB
AV: 00:00:47 / 00:22:10 (4%) A-V:  0.000 Dropped: 8 Cache: 908s/500MB
AV: 00:00:48 / 00:22:10 (4%) A-V:  0.000 ct:  0.672 Cache: 843s/500MB
AV: 00:00:48 / 00:22:10 (4%) A-V:  0.000 ct:  0.688 Cache: 843s/500MB
AV: 00:00:48 / 00:22:10 (4%) A-V:  0.000 ct:  0.704 Cache: 843s/500MB
AV: 00:00:48 / 00:22:10 (4%) A-V:  0.000 ct:  0.720 Cache: 843s/500MB
AV: 00:00:47 / 00:22:10 (4%) A-V:  0.000 Dropped: 4 Cache: 842s/500MB
AV: 00:00:48 / 00:22:10 (4%) A-V:  0.000 ct:  0.736 Cache: 843s/500MB
AV: 00:00:48 / 00:22:10 (4%) A-V:  0.000 ct:  0.752 Cache: 843s/500MB
AV: 00:00:48 / 00:22:10 (4%) A-V:  0.000 ct:  0.768 Cache: 843s/500MB
AV: 00:00:48 / 00:22:10 (4%) A-V:  0.000 Dropped: 8 Cache: 908s/500MB
AV: 00:00:48 / 00:22:10 (4%) A-V:  0.000 ct:  0.784 Cache: 842s/500MB
AV: 00:00:48 / 00:22:10 (4%) A-V:  0.000 Dropped: 4 Cache: 842s/500MB
AV: 00:00:48 / 00:22:10 (4%) A-V:  0.000 ct:  0.800 Cache: 842s/500MB
AV: 00:00:49 / 00:22:10 (4%) A-V:  0.000 ct:  0.816 Cache: 842s/500MB
AV: 00:00:49 / 00:22:10 (4%) A-V:  0.000 ct:  0.832 Cache: 842s/500MB
AV: 00:00:49 / 00:22:10 (4%) A-V:  0.000 ct:  0.848 Cache: 842s/500MB
AV: 00:00:49 / 00:22:10 (4%) A-V:  0.000 ct:  0.864 Cache: 842s/500MB
AV: 00:00:49 / 00:22:10 (4%) A-V:  0.000 ct:  0.880 Cache: 842s/500MB
AV: 00:00:49 / 00:22:10 (4%) A-V:  0.000 ct:  0.896 Cache: 842s/500MB
AV: 00:00:49 / 00:22:10 (4%) A-V:  0.000 Cache: 821s/500MB
AV: 00:00:49 / 00:22:10 (4%) A-V:  0.000 ct:  0.912 Cache: 842s/500MB
AV: 00:00:49 / 00:22:10 (4%) A-V:  0.000 ct:  0.928 Cache: 842s/500MB
AV: 00:00:49 / 00:22:10 (4%) A-V:  0.000 ct:  0.944 Cache: 842s/500MB
AV: 00:00:49 / 00:22:10 (4%) A-V:  0.000 ct:  0.960 Cache: 842s/500MB
AV: 00:00:49 / 00:22:10 (4%) A-V:  0.000 ct:  0.976 Cache: 842s/500MB
AV: 00:00:49 / 00:22:10 (4%) A-V:  0.000 ct:  0.992 Cache: 843s/500MB
AV: 00:00:49 / 00:22:10 (4%) A-V:  0.000 ct:  1.008 Cache: 843s/500MB
AV: 00:00:49 / 00:22:10 (4%) A-V:  0.000 ct:  1.024 Cache: 843s/500MB
AV: 00:00:49 / 00:22:10 (4%) A-V:  0.000 ct:  1.040 Cache: 843s/500MB
AV: 00:00:49 / 00:22:10 (4%) A-V:  0.000 ct:  1.056 Cache: 843s/500MB
AV: 00:00:49 / 00:22:10 (4%) A-V:  0.000 Cache: 822s/500MB
AV: 00:00:49 / 00:22:10 (4%) A-V:  0.000 ct:  1.072 Cache: 843s/500MB
AV: 00:00:49 / 00:22:10 (4%) A-V:  0.000 ct:  1.088 Cache: 843s/500MB
AV: 00:00:49 / 00:22:10 (4%) A-V:  0.000 ct:  1.104 Cache: 844s/500MB
AV: 00:00:49 / 00:22:10 (4%) A-V:  0.000 Cache: 821s/500MB
AV: 00:00:49 / 00:22:10 (4%) A-V:  0.000 ct:  1.120 Cache: 844s/500MB
AV: 00:00:48 / 00:22:10 (4%) A-V:  0.000 Dropped: 4 Cache: 841s/500MB
AV: 00:00:49 / 00:22:10 (4%) A-V:  0.000 ct:  1.136 Cache: 843s/500MB
AV: 00:00:49 / 00:22:10 (4%) A-V:  0.000 Cache: 822s/500MB
AV: 00:00:49 / 00:22:10 (4%) A-V:  0.000 ct:  1.152 Cache: 844s/500MB
AV: 00:00:48 / 00:22:10 (4%) A-V:  0.000 Dropped: 8 Cache: 907s/500MB
AV: 00:00:49 / 00:22:10 (4%) A-V:  0.000 ct:  1.168 Cache: 844s/500MB
AV: 00:00:49 / 00:22:10 (4%) A-V:  0.000 Dropped: 8 Cache: 907s/500MB
AV: 00:00:49 / 00:22:10 (4%) A-V:  0.000 ct:  1.184 Cache: 843s/500MB
AV: 00:00:49 / 00:22:10 (4%) A-V:  0.000 ct:  1.200 Cache: 844s/500MB
AV: 00:00:49 / 00:22:10 (4%) A-V:  0.000 Dropped: 4 Cache: 841s/500MB
AV: 00:00:50 / 00:22:10 (4%) A-V:  0.000 ct:  1.216 Cache: 844s/500MB
AV: 00:00:50 / 00:22:10 (4%) A-V:  0.000 ct:  1.232 Cache: 843s/500MB
AV: 00:00:50 / 00:22:10 (4%) A-V:  0.000 ct:  1.248 Cache: 843s/500MB
AV: 00:00:50 / 00:22:10 (4%) A-V:  0.000 ct:  1.264 Cache: 844s/500MB
AV: 00:00:50 / 00:22:10 (4%) A-V:  0.000 ct:  1.280 Cache: 843s/500MB
AV: 00:00:50 / 00:22:10 (4%) A-V:  0.000 ct:  1.296 Cache: 844s/500MB
AV: 00:00:50 / 00:22:10 (4%) A-V:  0.000 Cache: 822s/500MB
AV: 00:00:50 / 00:22:10 (4%) A-V:  0.000 ct:  1.312 Cache: 844s/500MB
AV: 00:00:50 / 00:22:10 (4%) A-V:  0.000 ct:  1.328 Cache: 844s/500MB
AV: 00:00:50 / 00:22:10 (4%) A-V:  0.000 ct:  1.344 Cache: 843s/500MB
AV: 00:00:50 / 00:22:10 (4%) A-V:  0.000 ct:  1.360 Cache: 843s/500MB
AV: 00:00:50 / 00:22:10 (4%) A-V:  0.000 ct:  1.376 Cache: 843s/500MB
AV: 00:00:50 / 00:22:10 (4%) A-V:  0.000 ct:  1.392 Cache: 843s/500MB
AV: 00:00:50 / 00:22:10 (4%) A-V:  0.000 ct:  1.408 Cache: 843s/500MB
AV: 00:00:50 / 00:22:10 (4%) A-V:  0.000 ct:  1.424 Cache: 843s/500MB
AV: 00:00:50 / 00:22:10 (4%) A-V:  0.000 ct:  1.440 Cache: 843s/500MB
AV: 00:00:50 / 00:22:10 (4%) A-V:  0.000 ct:  1.456 Cache: 843s/500MB
AV: 00:00:50 / 00:22:10 (4%) A-V:  0.000 ct:  1.472 Cache: 843s/500MB
AV: 00:00:50 / 00:22:10 (4%) A-V:  0.000 ct:  1.488 Cache: 843s/500MB
AV: 00:00:50 / 00:22:10 (4%) A-V:  0.000 ct:  1.504 Cache: 843s/500MB
AV: 00:00:50 / 00:22:10 (4%) A-V:  0.000 ct:  1.520 Cache: 843s/500MB
AV: 00:00:49 / 00:22:10 (4%) A-V:  0.000 Dropped: 4 Cache: 840s/500MB
AV: 00:00:50 / 00:22:10 (4%) A-V:  0.000 ct:  1.536 Cache: 843s/500MB
AV: 00:00:50 / 00:22:10 (4%) A-V:  0.000 ct:  1.552 Cache: 843s/500MB
AV: 00:00:50 / 00:22:10 (4%) A-V:  0.000 ct:  1.568 Cache: 843s/500MB
AV: 00:00:50 / 00:22:10 (4%) A-V:  0.000 Dropped: 8 Cache: 907s/500MB
AV: 00:00:50 / 00:22:10 (4%) A-V:  0.000 ct:  1.584 Cache: 843s/500MB
AV: 00:00:50 / 00:22:10 (4%) A-V:  0.000 Dropped: 4 Cache: 840s/500MB
AV: 00:00:50 / 00:22:10 (4%) A-V:  0.000 ct:  1.600 Cache: 843s/500MB
AV: 00:00:51 / 00:22:10 (4%) A-V:  0.000 ct:  1.616 Cache: 843s/500MB
AV: 00:00:51 / 00:22:10 (4%) A-V:  0.000 ct:  1.632 Cache: 843s/500MB
AV: 00:00:50 / 00:22:10 (4%) A-V:  0.000 Dropped: 8 Cache: 906s/500MB
AV: 00:00:51 / 00:22:10 (4%) A-V:  0.000 ct:  1.648 Cache: 843s/500MB
AV: 00:00:51 / 00:22:10 (4%) A-V:  0.000 ct:  1.664 Cache: 843s/500MB
AV: 00:00:50 / 00:22:10 (4%) A-V:  0.000 Cache: 822s/499MB
AV: 00:00:51 / 00:22:10 (4%) A-V:  0.000 ct:  1.680 Cache: 843s/500MB
AV: 00:00:50 / 00:22:10 (4%) A-V:  0.000 Cache: 822s/500MB
AV: 00:00:51 / 00:22:10 (4%) A-V:  0.000 ct:  1.696 Cache: 843s/500MB
AV: 00:00:51 / 00:22:10 (4%) A-V:  0.000 Cache: 822s/500MB
AV: 00:00:51 / 00:22:10 (4%) A-V:  0.000 ct:  1.712 Cache: 843s/500MB
AV: 00:00:51 / 00:22:10 (4%) A-V:  0.000 ct:  1.728 Cache: 843s/500MB
AV: 00:00:51 / 00:22:10 (4%) A-V:  0.000 ct:  1.744 Cache: 843s/500MB
AV: 00:00:51 / 00:22:10 (4%) A-V:  0.000 ct:  1.760 Cache: 843s/500MB
AV: 00:00:51 / 00:22:10 (4%) A-V:  0.000 ct:  1.776 Cache: 843s/500MB
AV: 00:00:51 / 00:22:10 (4%) A-V:  0.000 ct:  1.792 Cache: 843s/500MB
AV: 00:00:51 / 00:22:10 (4%) A-V:  0.000 ct:  1.808 Cache: 843s/500MB
AV: 00:00:51 / 00:22:10 (4%) A-V:  0.000 ct:  1.824 Cache: 843s/500MB
AV: 00:00:51 / 00:22:10 (4%) A-V:  0.000 ct:  1.840 Cache: 843s/500MB
AV: 00:00:51 / 00:22:10 (4%) A-V:  0.000 ct:  1.856 Cache: 843s/500MB
AV: 00:00:51 / 00:22:10 (4%) A-V:  0.000 ct:  1.872 Cache: 843s/500MB
AV: 00:00:51 / 00:22:10 (4%) A-V:  0.000 ct:  1.888 Cache: 843s/500MB
AV: 00:00:51 / 00:22:10 (4%) A-V:  0.000 ct:  1.904 Cache: 843s/500MB
AV: 00:00:51 / 00:22:10 (4%) A-V:  0.000 ct:  1.920 Cache: 843s/500MB
AV: 00:00:50 / 00:22:10 (4%) A-V:  0.000 Dropped: 4 Cache: 839s/500MB
AV: 00:00:51 / 00:22:10 (4%) A-V:  0.000 ct:  1.936 Cache: 843s/500MB
AV: 00:00:51 / 00:22:10 (4%) A-V:  0.000 ct:  1.952 Cache: 843s/500MB
AV: 00:00:51 / 00:22:10 (4%) A-V:  0.000 ct:  1.968 Cache: 843s/500MB
AV: 00:00:51 / 00:22:10 (4%) A-V:  0.000 Dropped: 8 Cache: 906s/500MB
AV: 00:00:51 / 00:22:10 (4%) A-V:  0.000 ct:  1.984 Cache: 843s/500MB
AV: 00:00:51 / 00:22:10 (4%) A-V:  0.000 Dropped: 4 Cache: 839s/500MB
AV: 00:00:51 / 00:22:10 (4%) A-V:  0.000 ct:  2.000 Cache: 843s/500MB
AV: 00:00:52 / 00:22:10 (4%) A-V:  0.000 ct:  2.016 Cache: 843s/500MB
AV: 00:00:52 / 00:22:10 (4%) A-V:  0.000 ct:  2.032 Cache: 843s/500MB
AV: 00:00:52 / 00:22:10 (4%) A-V:  0.000 ct:  2.048 Cache: 843s/500MB
AV: 00:00:52 / 00:22:10 (4%) A-V:  0.000 ct:  2.064 Cache: 843s/500MB
AV: 00:00:52 / 00:22:10 (4%) A-V:  0.000 ct:  2.080 Cache: 843s/500MB
AV: 00:00:52 / 00:22:10 (4%) A-V:  0.000 ct:  2.096 Cache: 843s/500MB
AV: 00:00:51 / 00:22:10 (4%) A-V:  0.000 Dropped: 8 Cache: 905s/500MB
AV: 00:00:52 / 00:22:10 (4%) A-V:  0.000 ct:  2.112 Cache: 843s/500MB
AV: 00:00:52 / 00:22:10 (4%) A-V:  0.000 Cache: 822s/500MB
AV: 00:00:52 / 00:22:10 (4%) A-V:  0.000 ct:  2.128 Cache: 843s/500MB
AV: 00:00:52 / 00:22:10 (4%) A-V:  0.000 ct:  2.144 Cache: 843s/500MB
AV: 00:00:52 / 00:22:10 (4%) A-V:  0.000 ct:  2.160 Cache: 843s/500MB
AV: 00:00:52 / 00:22:10 (4%) A-V:  0.000 ct:  2.176 Cache: 843s/500MB
AV: 00:00:52 / 00:22:10 (4%) A-V:  0.000 ct:  2.192 Cache: 843s/500MB
AV: 00:00:52 / 00:22:10 (4%) A-V:  0.000 ct:  2.208 Cache: 843s/500MB
AV: 00:00:52 / 00:22:10 (4%) A-V:  0.000 ct:  2.224 Cache: 843s/500MB
AV: 00:00:52 / 00:22:10 (4%) A-V:  0.000 ct:  2.240 Cache: 843s/500MB
AV: 00:00:52 / 00:22:10 (4%) A-V:  0.000 ct:  2.256 Cache: 843s/500MB
AV: 00:00:52 / 00:22:10 (4%) A-V:  0.000 ct:  2.272 Cache: 843s/500MB
AV: 00:00:52 / 00:22:10 (4%) A-V:  0.000 ct:  2.288 Cache: 843s/500MB
AV: 00:00:52 / 00:22:10 (4%) A-V:  0.000 ct:  2.304 Cache: 843s/500MB
AV: 00:00:52 / 00:22:10 (4%) A-V:  0.000 ct:  2.320 Cache: 843s/500MB
AV: 00:00:52 / 00:22:10 (4%) A-V:  0.000 ct:  2.336 Cache: 843s/500MB
AV: 00:00:52 / 00:22:10 (4%) A-V:  0.000 ct:  2.352 Cache: 843s/500MB
AV: 00:00:51 / 00:22:10 (4%) A-V:  0.000 Dropped: 4 Cache: 838s/500MB
AV: 00:00:52 / 00:22:10 (4%) A-V:  0.000 ct:  2.368 Cache: 843s/500MB
AV: 00:00:52 / 00:22:10 (4%) A-V:  0.000 Dropped: 8 Cache: 905s/500MB
AV: 00:00:52 / 00:22:10 (4%) A-V:  0.000 ct:  2.384 Cache: 843s/500MB
AV: 00:00:52 / 00:22:10 (4%) A-V:  0.000 Dropped: 4 Cache: 838s/500MB
AV: 00:00:52 / 00:22:10 (4%) A-V:  0.000 ct:  2.400 Cache: 843s/500MB
AV: 00:00:53 / 00:22:10 (4%) A-V:  0.000 ct:  2.416 Cache: 843s/500MB
AV: 00:00:53 / 00:22:10 (4%) A-V:  0.000 ct:  2.432 Cache: 843s/500MB
AV: 00:00:53 / 00:22:10 (4%) A-V:  0.000 ct:  2.448 Cache: 843s/500MB
AV: 00:00:53 / 00:22:10 (4%) A-V:  0.000 ct:  2.464 Cache: 843s/500MB
AV: 00:00:53 / 00:22:10 (4%) A-V:  0.000 ct:  2.480 Cache: 843s/500MB
AV: 00:00:53 / 00:22:10 (4%) A-V:  0.000 ct:  2.496 Cache: 843s/500MB
AV: 00:00:53 / 00:22:10 (4%) A-V:  0.000 Cache: 822s/500MB
AV: 00:00:53 / 00:22:10 (4%) A-V:  0.000 ct:  2.512 Cache: 843s/500MB
AV: 00:00:53 / 00:22:10 (4%) A-V:  0.000 ct:  2.528 Cache: 843s/500MB
AV: 00:00:53 / 00:22:10 (4%) A-V:  0.000 ct:  2.544 Cache: 843s/500MB
AV: 00:00:53 / 00:22:10 (4%) A-V:  0.000 ct:  2.560 Cache: 843s/500MB
AV: 00:00:53 / 00:22:10 (4%) A-V:  0.000 ct:  2.576 Cache: 843s/500MB
AV: 00:00:53 / 00:22:10 (4%) A-V:  0.000 ct:  2.592 Cache: 843s/500MB
AV: 00:00:53 / 00:22:10 (4%) A-V:  0.000 ct:  2.608 Cache: 843s/500MB
AV: 00:00:53 / 00:22:10 (4%) A-V:  0.000 ct:  2.624 Cache: 843s/500MB
AV: 00:00:52 / 00:22:10 (4%) A-V:  0.000 Dropped: 8 Cache: 904s/500MB
AV: 00:00:53 / 00:22:10 (4%) A-V:  0.000 Cache: 823s/500MB
AV: 00:00:53 / 00:22:10 (4%) A-V:  0.000 ct:  2.640 Cache: 843s/500MB
AV: 00:00:53 / 00:22:10 (4%) A-V:  0.000 ct:  2.656 Cache: 843s/500MB
AV: 00:00:53 / 00:22:10 (4%) A-V:  0.000 ct:  2.672 Cache: 843s/500MB
AV: 00:00:53 / 00:22:10 (4%) A-V:  0.000 ct:  2.688 Cache: 843s/500MB
AV: 00:00:53 / 00:22:10 (4%) A-V:  0.000 ct:  2.704 Cache: 843s/500MB
AV: 00:00:53 / 00:22:10 (4%) A-V:  0.000 ct:  2.720 Cache: 843s/500MB
AV: 00:00:53 / 00:22:10 (4%) A-V:  0.000 ct:  2.736 Cache: 843s/500MB
AV: 00:00:53 / 00:22:10 (4%) A-V:  0.000 ct:  2.752 Cache: 843s/500MB
AV: 00:00:53 / 00:22:10 (4%) A-V:  0.000 ct:  2.768 Cache: 843s/500MB
AV: 00:00:53 / 00:22:10 (4%) A-V:  0.000 Dropped: 8 Cache: 904s/500MB
AV: 00:00:53 / 00:22:10 (4%) A-V:  0.000 ct:  2.784 Cache: 843s/500MB
AV: 00:00:53 / 00:22:10 (4%) A-V:  0.000 Dropped: 4 Cache: 838s/500MB
AV: 00:00:53 / 00:22:10 (4%) A-V:  0.000 ct:  2.800 Cache: 843s/500MB
AV: 00:00:54 / 00:22:10 (4%) A-V:  0.000 ct:  2.816 Cache: 843s/500MB
AV: 00:00:54 / 00:22:10 (4%) A-V:  0.000 ct:  2.832 Cache: 843s/500MB
AV: 00:00:54 / 00:22:10 (4%) A-V:  0.000 ct:  2.848 Cache: 843s/500MB
AV: 00:00:54 / 00:22:10 (4%) A-V:  0.000 ct:  2.864 Cache: 843s/500MB
AV: 00:00:53 / 00:22:10 (4%) A-V:  0.000 Dropped: 4 Cache: 837s/500MB
AV: 00:00:54 / 00:22:10 (4%) A-V:  0.000 ct:  2.880 Cache: 843s/500MB
AV: 00:00:54 / 00:22:10 (4%) A-V:  0.000 ct:  2.896 Cache: 843s/500MB
AV: 00:00:54 / 00:22:10 (4%) A-V:  0.000 Cache: 823s/500MB
AV: 00:00:54 / 00:22:10 (4%) A-V:  0.000 ct:  2.912 Cache: 843s/500MB
AV: 00:00:54 / 00:22:10 (4%) A-V:  0.000 ct:  2.928 Cache: 843s/500MB
AV: 00:00:54 / 00:22:10 (4%) A-V:  0.000 ct:  2.944 Cache: 843s/500MB
AV: 00:00:54 / 00:22:10 (4%) A-V:  0.000 ct:  2.960 Cache: 843s/500MB
AV: 00:00:54 / 00:22:10 (4%) A-V:  0.000 ct:  2.976 Cache: 843s/500MB
AV: 00:00:54 / 00:22:10 (4%) A-V:  0.000 ct:  2.992 Cache: 843s/500MB
AV: 00:00:54 / 00:22:10 (4%) A-V:  0.000 ct:  3.008 Cache: 843s/500MB
AV: 00:00:54 / 00:22:10 (4%) A-V:  0.000 ct:  3.024 Cache: 843s/500MB
AV: 00:00:54 / 00:22:10 (4%) A-V:  0.000 ct:  3.040 Cache: 845s/500MB
AV: 00:00:54 / 00:22:10 (4%) A-V:  0.000 ct:  3.056 Cache: 845s/500MB
AV: 00:00:54 / 00:22:10 (4%) A-V:  0.000 ct:  3.072 Cache: 845s/500MB
AV: 00:00:54 / 00:22:10 (4%) A-V:  0.000 ct:  3.088 Cache: 845s/500MB
AV: 00:00:54 / 00:22:10 (4%) A-V:  0.000 ct:  3.104 Cache: 845s/500MB
AV: 00:00:54 / 00:22:10 (4%) A-V:  0.000 ct:  3.120 Cache: 845s/500MB
AV: 00:00:54 / 00:22:10 (4%) A-V:  0.000 ct:  3.136 Cache: 845s/500MB
AV: 00:00:54 / 00:22:10 (4%) A-V:  0.000 ct:  3.152 Cache: 845s/500MB
AV: 00:00:54 / 00:22:10 (4%) A-V:  0.000 ct:  3.168 Cache: 845s/500MB
AV: 00:00:54 / 00:22:10 (4%) A-V:  0.000 Dropped: 8 Cache: 904s/500MB
AV: 00:00:54 / 00:22:10 (4%) A-V:  0.000 Dropped: 4 Cache: 837s/500MB
AV: 00:00:54 / 00:22:10 (4%) A-V:  0.000 ct:  3.184 Cache: 847s/500MB
AV: 00:00:54 / 00:22:10 (4%) A-V:  0.000 Dropped: 8 Cache: 903s/500MB
Using hardware decoding (nvdec).
AV: 00:00:54 / 00:22:10 (4%) A-V:  0.000 ct:  3.184 Cache: 847s/500MB
AV: 00:00:54 / 00:22:10 (4%) A-V:  0.000 Dropped: 4 Cache: 836s/500MB
AV: 00:00:54 / 00:22:10 (4%) A-V:  0.000 ct:  3.184 Cache: 851s/500MB
AV: 00:00:55 / 00:22:10 (4%) A-V:  0.000 Cache: 823s/500MB
AV: 00:00:54 / 00:22:10 (4%) A-V:  0.000 ct:  3.184 Cache: 854s/500MB
VO: [gpu] 3840x2160 cuda[nv12]
AV: 00:00:54 / 00:22:10 (4%) A-V:  0.000 ct:  3.184 Cache: 854s/500MB
AV: 00:00:54 / 00:22:10 (4%) A-V:  0.000 ct:  3.200 Cache: 854s/500MB
AV: 00:00:55 / 00:22:10 (4%) A-V:  0.000 ct:  3.214 Cache: 854s/500MB
[dbx] New chapter 5 
AV: 00:00:55 / 00:22:10 (4%) A-V:  0.000 ct:  3.214 Cache: 854s/500MB
[dbx] Metadata  
AV: 00:00:55 / 00:22:10 (4%) A-V:  0.000 ct:  3.214 Cache: 854s/500MB
[dbx] chapter time is  55 
AV: 00:00:55 / 00:22:10 (4%) A-V:  0.000 ct:  3.214 Cache: 854s/500MB
[dbx] Chapter Length is  8 
AV: 00:00:55 / 00:22:10 (4%) A-V:  0.000 ct:  3.214 Cache: 854s/500MB
[dbx] record_number was  6 
AV: 00:00:55 / 00:22:10 (4%) A-V:  0.000 ct:  3.214 Cache: 854s/500MB
AV: 00:00:55 / 00:22:10 (4%) A-V:  0.000 ct:  3.227 Cache: 854s/500MB
AV: 00:00:55 / 00:22:10 (4%) A-V:  0.000 ct:  3.240 Cache: 854s/500MB
AV: 00:00:55 / 00:22:10 (4%) A-V:  0.000 ct:  3.254 Cache: 854s/500MB
AV: 00:00:55 / 00:22:10 (4%) A-V:  0.000 ct:  3.267 Cache: 854s/500MB
AV: 00:00:55 / 00:22:10 (4%) A-V:  0.000 ct:  3.280 Cache: 854s/500MB
AV: 00:00:55 / 00:22:10 (4%) A-V:  0.000 ct:  3.294 Cache: 854s/500MB
AV: 00:00:55 / 00:22:10 (4%) A-V:  0.000 ct:  3.307 Cache: 854s/500MB
AV: 00:00:55 / 00:22:10 (4%) A-V:  0.000 ct:  3.320 Cache: 854s/500MB
AV: 00:00:55 / 00:22:10 (4%) A-V:  0.000 ct:  3.334 Cache: 854s/500MB
AV: 00:00:55 / 00:22:10 (4%) A-V:  0.000 ct:  3.347 Cache: 854s/500MB
AV: 00:00:55 / 00:22:10 (4%) A-V:  0.000 ct:  3.360 Cache: 854s/500MB
AV: 00:00:55 / 00:22:10 (4%) A-V:  0.000 ct:  3.374 Cache: 854s/500MB
AV: 00:00:55 / 00:22:10 (4%) A-V:  0.000 ct:  3.387 Cache: 854s/500MB
AV: 00:00:55 / 00:22:10 (4%) A-V:  0.000 ct:  3.400 Cache: 854s/500MB
AV: 00:00:55 / 00:22:10 (4%) A-V:  0.000 ct:  3.414 Cache: 854s/500MB
AV: 00:00:55 / 00:22:10 (4%) A-V:  0.000 Dropped: 8 Cache: 903s/500MB
AV: 00:00:55 / 00:22:10 (4%) A-V:  0.000 ct:  3.427 Cache: 854s/500MB
AV: 00:00:55 / 00:22:10 (4%) A-V:  0.000 ct:  3.440 Cache: 854s/500MB
AV: 00:00:55 / 00:22:10 (4%) A-V:  0.000 Dropped: 4 Cache: 836s/500MB
AV: 00:00:55 / 00:22:10 (4%) A-V:  0.000 ct:  3.454 Cache: 854s/500MB
AV: 00:00:55 / 00:22:10 (4%) A-V:  0.000 ct:  3.467 Cache: 854s/500MB
AV: 00:00:55 / 00:22:10 (4%) A-V:  0.000 ct:  3.480 Cache: 854s/500MB
AV: 00:00:55 / 00:22:10 (4%) A-V:  0.000 ct:  3.494 Cache: 854s/500MB
AV: 00:00:55 / 00:22:10 (4%) A-V:  0.000 ct:  3.507 Cache: 854s/500MB
AV: 00:00:55 / 00:22:10 (4%) A-V:  0.000 ct:  3.520 Cache: 854s/500MB
AV: 00:00:55 / 00:22:10 (4%) A-V:  0.000 ct:  3.534 Cache: 854s/500MB
AV: 00:00:55 / 00:22:10 (4%) A-V:  0.000 ct:  3.547 Cache: 854s/500MB
AV: 00:00:56 / 00:22:10 (4%) A-V:  0.000 Cache: 823s/500MB
AV: 00:00:55 / 00:22:10 (4%) A-V:  0.000 ct:  3.560 Cache: 855s/500MB
AV: 00:00:55 / 00:22:10 (4%) A-V:  0.000 ct:  3.574 Cache: 855s/500MB
AV: 00:00:55 / 00:22:10 (4%) A-V:  0.000 Dropped: 8 Cache: 902s/500MB
AV: 00:00:55 / 00:22:10 (4%) A-V:  0.000 ct:  3.587 Cache: 855s/500MB
AV: 00:00:55 / 00:22:10 (4%) A-V:  0.000 Dropped: 4 Cache: 835s/500MB
AV: 00:00:55 / 00:22:10 (4%) A-V:  0.000 ct:  3.600 Cache: 855s/500MB
AV: 00:00:56 / 00:22:10 (4%) A-V:  0.000 ct:  3.614 Cache: 855s/500MB
AV: 00:00:56 / 00:22:10 (4%) A-V:  0.000 ct:  3.627 Cache: 855s/500MB
AV: 00:00:56 / 00:22:10 (4%) A-V:  0.000 ct:  3.640 Cache: 855s/500MB
AV: 00:00:56 / 00:22:10 (4%) A-V:  0.000 ct:  3.654 Cache: 855s/500MB
AV: 00:00:56 / 00:22:10 (4%) A-V:  0.000 ct:  3.667 Cache: 855s/500MB
AV: 00:00:56 / 00:22:10 (4%) A-V:  0.000 ct:  3.680 Cache: 855s/500MB
AV: 00:00:56 / 00:22:10 (4%) A-V:  0.000 ct:  3.694 Cache: 855s/500MB
AV: 00:00:56 / 00:22:10 (4%) A-V:  0.000 ct:  3.707 Cache: 855s/500MB
AV: 00:00:56 / 00:22:10 (4%) A-V:  0.000 ct:  3.720 Cache: 855s/500MB
AV: 00:00:56 / 00:22:10 (4%) A-V:  0.000 ct:  3.734 Cache: 855s/500MB
AV: 00:00:56 / 00:22:10 (4%) A-V:  0.000 ct:  3.747 Cache: 855s/500MB
AV: 00:00:56 / 00:22:10 (4%) A-V:  0.000 ct:  3.760 Cache: 855s/500MB
AV: 00:00:56 / 00:22:10 (4%) A-V:  0.000 ct:  3.774 Cache: 855s/500MB
AV: 00:00:56 / 00:22:10 (4%) A-V:  0.000 ct:  3.787 Cache: 855s/500MB
AV: 00:00:56 / 00:22:10 (4%) A-V:  0.000 Cache: 822s/500MB
AV: 00:00:56 / 00:22:10 (4%) A-V:  0.000 ct:  3.800 Cache: 855s/500MB
AV: 00:00:56 / 00:22:10 (4%) A-V:  0.000 ct:  3.814 Cache: 856s/500MB
AV: 00:00:56 / 00:22:10 (4%) A-V:  0.000 Dropped: 8 Cache: 902s/500MB
Using hardware decoding (nvdec).
AV: 00:00:55 / 00:22:10 (4%) A-V:  0.000 Dropped: 4 Cache: 835s/500MB
AV: 00:00:56 / 00:22:10 (4%) A-V:  0.000 ct:  3.827 Cache: 856s/500MB
AV: 00:00:55 / 00:22:10 (4%) A-V:  0.000 Dropped: 4 Cache: 836s/500MB
AV: 00:00:56 / 00:22:10 (4%) A-V:  0.000 ct:  3.840 Cache: 856s/500MB
AV: 00:00:56 / 00:22:10 (4%) A-V:  0.000 ct:  3.854 Cache: 856s/500MB
AV: 00:00:56 / 00:22:10 (4%) A-V:  0.000 ct:  3.867 Cache: 856s/500MB
AV: 00:00:56 / 00:22:10 (4%) A-V:  0.000 ct:  3.880 Cache: 856s/500MB
AV: 00:00:56 / 00:22:10 (4%) A-V:  0.000 ct:  3.894 Cache: 856s/500MB
AV: 00:00:56 / 00:22:10 (4%) A-V:  0.000 ct:  3.907 Cache: 856s/500MB
AV: 00:00:56 / 00:22:10 (4%) A-V:  0.000 ct:  3.920 Cache: 856s/500MB
AV: 00:00:56 / 00:22:10 (4%) A-V:  0.000 ct:  3.934 Cache: 856s/500MB
AV: 00:00:56 / 00:22:10 (4%) A-V:  0.000 ct:  3.947 Cache: 856s/500MB
AV: 00:00:57 / 00:22:10 (4%) A-V:  0.000 Cache: 822s/500MB
AV: 00:00:56 / 00:22:10 (4%) A-V:  0.000 ct:  3.960 Cache: 856s/500MB
AV: 00:00:55 / 00:22:10 (4%) A-V:  0.359 Dropped: 4 Cache: 867s/500MB
VO: [gpu] 3840x2160 cuda[nv12]
AV: 00:00:55 / 00:22:10 (4%) A-V:  0.359 Dropped: 4 Cache: 867s/500MB
AV: 00:00:56 / 00:22:10 (4%) A-V:  0.000 ct:  3.974 Cache: 856s/500MB
AV: 00:00:55 / 00:22:10 (4%) A-V:  0.349 Cache: 867s/500MB
AV: 00:00:56 / 00:22:10 (4%) A-V:  0.319 Cache: 867s/500MB
AV: 00:00:56 / 00:22:10 (4%) A-V:  0.288 Dropped: 1 Cache: 867s/500MB
AV: 00:00:56 / 00:22:10 (4%) A-V:  0.260 Dropped: 2 Cache: 868s/500MB
[dbx] New chapter 4 
AV: 00:00:56 / 00:22:10 (4%) A-V:  0.260 Dropped: 2 Cache: 868s/500MB
[dbx] Metadata  
AV: 00:00:56 / 00:22:10 (4%) A-V:  0.260 Dropped: 2 Cache: 868s/500MB
[dbx] chapter time is  56 
AV: 00:00:56 / 00:22:10 (4%) A-V:  0.260 Dropped: 2 Cache: 868s/500MB
[dbx] Chapter Length is  15 
AV: 00:00:56 / 00:22:10 (4%) A-V:  0.260 Dropped: 2 Cache: 868s/500MB
[dbx] record_number was  5 
AV: 00:00:56 / 00:22:10 (4%) A-V:  0.260 Dropped: 2 Cache: 868s/500MB
AV: 00:00:56 / 00:22:10 (4%) A-V:  0.229 Dropped: 3 Cache: 868s/500MB
AV: 00:00:56 / 00:22:10 (4%) A-V:  0.000 ct:  3.987 Cache: 856s/500MB
AV: 00:00:56 / 00:22:10 (4%) A-V:  0.199 Dropped: 4 Cache: 869s/500MB
AV: 00:00:56 / 00:22:10 (4%) A-V:  0.169 Dropped: 5 Cache: 869s/500MB
AV: 00:00:56 / 00:22:10 (4%) A-V:  0.138 Dropped: 6 Cache: 869s/500MB
AV: 00:00:56 / 00:22:10 (4%) A-V:  0.107 Dropped: 7 Cache: 869s/500MB
AV: 00:00:56 / 00:22:10 (4%) A-V:  0.075 Dropped: 8 Cache: 869s/500MB
AV: 00:00:56 / 00:22:10 (4%) A-V:  0.045 Dropped: 9 Cache: 870s/500MB
AV: 00:00:56 / 00:22:10 (4%) A-V:  0.015 Dropped: 10 Cache: 870s/500MB
AV: 00:00:56 / 00:22:10 (4%) A-V:  0.000 Dropped: 10 Cache: 870s/500MB
AV: 00:00:56 / 00:22:10 (4%) A-V:  0.000 ct:  4.000 Cache: 856s/500MB
AV: 00:00:57 / 00:22:10 (4%) A-V:  0.000 ct:  4.014 Cache: 856s/500MB
AV: 00:00:57 / 00:22:10 (4%) A-V:  0.000 ct:  4.027 Cache: 857s/500MB
AV: 00:00:57 / 00:22:10 (4%) A-V:  0.000 ct:  4.040 Cache: 857s/500MB
AV: 00:00:56 / 00:22:10 (4%) A-V:  0.000 Dropped: 10 Cache: 871s/500MB
AV: 00:00:57 / 00:22:10 (4%) A-V:  0.000 ct:  4.054 Cache: 857s/500MB
AV: 00:00:57 / 00:22:10 (4%) A-V:  0.000 ct:  4.067 Cache: 857s/500MB
AV: 00:00:57 / 00:22:10 (4%) A-V:  0.000 ct:  4.080 Cache: 857s/500MB
AV: 00:00:57 / 00:22:10 (4%) A-V:  0.000 ct:  4.094 Cache: 857s/500MB
AV: 00:00:56 / 00:22:10 (4%) A-V:  0.000 Dropped: 10 Cache: 872s/500MB
AV: 00:00:57 / 00:22:10 (4%) A-V:  0.000 ct:  4.107 Cache: 857s/500MB
AV: 00:00:57 / 00:22:10 (4%) A-V:  0.000 ct:  4.120 Cache: 857s/500MB
AV: 00:00:56 / 00:22:10 (4%) A-V:  0.000 Dropped: 8 Cache: 901s/500MB
AV: 00:00:57 / 00:22:10 (4%) A-V:  0.000 ct:  4.134 Cache: 857s/500MB
AV: 00:00:57 / 00:22:10 (4%) A-V:  0.000 ct:  4.147 Cache: 857s/500MB
AV: 00:00:57 / 00:22:10 (4%) A-V:  0.000 ct:  4.160 Cache: 857s/500MB
AV: 00:00:57 / 00:22:10 (4%) A-V:  0.000 ct:  4.174 Cache: 857s/500MB
AV: 00:00:57 / 00:22:10 (4%) A-V:  0.000 ct:  4.187 Cache: 857s/500MB
AV: 00:00:57 / 00:22:10 (4%) A-V:  0.000 Cache: 821s/500MB
AV: 00:00:57 / 00:22:10 (4%) A-V:  0.000 ct:  4.200 Cache: 857s/500MB
AV: 00:00:57 / 00:22:10 (4%) A-V:  0.000 ct:  4.214 Cache: 857s/500MB
AV: 00:00:57 / 00:22:10 (4%) A-V:  0.000 Dropped: 8 Cache: 901s/500MB
AV: 00:00:57 / 00:22:10 (4%) A-V:  0.000 ct:  4.227 Cache: 857s/500MB
AV: 00:00:57 / 00:22:10 (4%) A-V:  0.000 Dropped: 10 Cache: 872s/500MB
AV: 00:00:57 / 00:22:10 (4%) A-V:  0.000 ct:  4.240 Cache: 857s/500MB
AV: 00:00:57 / 00:22:10 (4%) A-V:  0.000 ct:  4.254 Cache: 857s/500MB
AV: 00:00:57 / 00:22:10 (4%) A-V:  0.000 ct:  4.267 Cache: 857s/500MB
AV: 00:00:57 / 00:22:10 (4%) A-V:  0.000 ct:  4.280 Cache: 857s/500MB
AV: 00:00:57 / 00:22:10 (4%) A-V:  0.000 ct:  4.294 Cache: 857s/500MB
AV: 00:00:57 / 00:22:10 (4%) A-V:  0.000 ct:  4.307 Cache: 857s/500MB
AV: 00:00:57 / 00:22:10 (4%) A-V:  0.000 ct:  4.320 Cache: 857s/500MB
AV: 00:00:57 / 00:22:10 (4%) A-V:  0.000 ct:  4.334 Cache: 857s/500MB
AV: 00:00:57 / 00:22:10 (4%) A-V:  0.000 ct:  4.347 Cache: 857s/500MB
AV: 00:00:58 / 00:22:10 (4%) A-V:  0.000 Cache: 821s/500MB
AV: 00:00:57 / 00:22:10 (4%) A-V:  0.000 ct:  4.360 Cache: 857s/500MB
AV: 00:00:57 / 00:22:10 (4%) A-V:  0.000 ct:  4.374 Cache: 857s/500MB
AV: 00:00:57 / 00:22:10 (4%) A-V:  0.000 ct:  4.387 Cache: 857s/500MB
AV: 00:00:57 / 00:22:10 (4%) A-V:  0.000 ct:  4.400 Cache: 857s/500MB
AV: 00:00:58 / 00:22:10 (4%) A-V:  0.000 ct:  4.414 Cache: 858s/500MB
AV: 00:00:58 / 00:22:10 (4%) A-V:  0.000 ct:  4.427 Cache: 858s/500MB
AV: 00:00:58 / 00:22:10 (4%) A-V:  0.000 ct:  4.440 Cache: 858s/500MB
AV: 00:00:58 / 00:22:10 (4%) A-V:  0.000 ct:  4.454 Cache: 858s/500MB
AV: 00:00:58 / 00:22:10 (4%) A-V:  0.000 ct:  4.467 Cache: 858s/500MB
AV: 00:00:58 / 00:22:10 (4%) A-V:  0.000 ct:  4.480 Cache: 858s/500MB
AV: 00:00:58 / 00:22:10 (4%) A-V:  0.000 ct:  4.494 Cache: 858s/500MB
AV: 00:00:58 / 00:22:10 (4%) A-V:  0.000 ct:  4.507 Cache: 858s/500MB
AV: 00:00:58 / 00:22:10 (4%) A-V:  0.000 ct:  4.520 Cache: 858s/500MB
AV: 00:00:58 / 00:22:10 (4%) A-V:  0.000 ct:  4.534 Cache: 858s/500MB
AV: 00:00:58 / 00:22:10 (4%) A-V:  0.000 ct:  4.547 Cache: 858s/500MB
AV: 00:00:58 / 00:22:10 (4%) A-V:  0.000 ct:  4.560 Cache: 858s/500MB
AV: 00:00:58 / 00:22:10 (4%) A-V:  0.000 ct:  4.574 Cache: 858s/500MB
AV: 00:00:58 / 00:22:10 (4%) A-V:  0.000 ct:  4.587 Cache: 858s/500MB
AV: 00:00:58 / 00:22:10 (4%) A-V:  0.000 Cache: 820s/500MB
AV: 00:00:58 / 00:22:10 (4%) A-V:  0.000 ct:  4.600 Cache: 858s/500MB
AV: 00:00:58 / 00:22:10 (4%) A-V:  0.000 ct:  4.614 Cache: 858s/500MB
AV: 00:00:58 / 00:22:10 (4%) A-V:  0.000 Dropped: 8 Cache: 901s/500MB
AV: 00:00:58 / 00:22:10 (4%) A-V:  0.000 ct:  4.627 Cache: 858s/500MB
AV: 00:00:58 / 00:22:10 (4%) A-V:  0.000 ct:  4.640 Cache: 858s/500MB
AV: 00:00:58 / 00:22:10 (4%) A-V:  0.000 Dropped: 10 Cache: 872s/500MB
AV: 00:00:58 / 00:22:10 (4%) A-V:  0.000 ct:  4.654 Cache: 859s/500MB
AV: 00:00:58 / 00:22:10 (4%) A-V:  0.000 ct:  4.667 Cache: 859s/500MB
AV: 00:00:58 / 00:22:10 (4%) A-V:  0.000 ct:  4.680 Cache: 859s/500MB
AV: 00:00:58 / 00:22:10 (4%) A-V:  0.000 Dropped: 8 Cache: 900s/500MB
AV: 00:00:58 / 00:22:10 (4%) A-V:  0.000 ct:  4.694 Cache: 859s/500MB
AV: 00:00:58 / 00:22:10 (4%) A-V:  0.000 Dropped: 8 Cache: 901s/500MB
AV: 00:00:58 / 00:22:10 (4%) A-V:  0.000 ct:  4.707 Cache: 859s/500MB
AV: 00:00:58 / 00:22:10 (4%) A-V:  0.000 Dropped: 8 Cache: 900s/500MB
AV: 00:00:58 / 00:22:10 (4%) A-V:  0.000 ct:  4.720 Cache: 859s/500MB
AV: 00:00:58 / 00:22:10 (4%) A-V:  0.000 ct:  4.734 Cache: 859s/500MB
AV: 00:00:58 / 00:22:10 (4%) A-V:  0.000 ct:  4.747 Cache: 859s/500MB
AV: 00:00:59 / 00:22:10 (4%) A-V:  0.000 Cache: 820s/500MB
AV: 00:00:58 / 00:22:10 (4%) A-V:  0.000 ct:  4.760 Cache: 859s/500MB
AV: 00:00:58 / 00:22:10 (4%) A-V:  0.000 ct:  4.774 Cache: 859s/500MB
AV: 00:00:58 / 00:22:10 (4%) A-V:  0.000 ct:  4.787 Cache: 859s/500MB
AV: 00:00:58 / 00:22:10 (4%) A-V:  0.000 ct:  4.800 Cache: 859s/500MB
AV: 00:00:59 / 00:22:10 (4%) A-V:  0.000 ct:  4.814 Cache: 859s/500MB
AV: 00:00:59 / 00:22:10 (4%) A-V:  0.000 ct:  4.827 Cache: 859s/500MB
AV: 00:00:59 / 00:22:10 (4%) A-V:  0.000 ct:  4.840 Cache: 859s/500MB
AV: 00:00:59 / 00:22:10 (4%) A-V:  0.000 ct:  4.854 Cache: 859s/500MB
AV: 00:00:59 / 00:22:10 (4%) A-V:  0.000 ct:  4.867 Cache: 859s/500MB
AV: 00:00:59 / 00:22:10 (4%) A-V:  0.000 ct:  4.880 Cache: 859s/500MB
AV: 00:00:59 / 00:22:10 (4%) A-V:  0.000 ct:  4.894 Cache: 860s/500MB
AV: 00:00:59 / 00:22:10 (4%) A-V:  0.000 ct:  4.907 Cache: 860s/500MB
AV: 00:00:59 / 00:22:10 (4%) A-V:  0.000 ct:  4.920 Cache: 860s/500MB
AV: 00:00:59 / 00:22:10 (4%) A-V:  0.000 ct:  4.934 Cache: 860s/500MB
AV: 00:00:59 / 00:22:10 (4%) A-V:  0.000 ct:  4.947 Cache: 860s/500MB
AV: 00:00:59 / 00:22:10 (4%) A-V:  0.000 ct:  4.960 Cache: 860s/500MB
AV: 00:00:59 / 00:22:10 (4%) A-V:  0.000 ct:  4.974 Cache: 860s/500MB
AV: 00:00:59 / 00:22:10 (4%) A-V:  0.000 ct:  4.987 Cache: 860s/500MB
AV: 00:00:59 / 00:22:10 (4%) A-V:  0.000 Cache: 819s/500MB
AV: 00:00:59 / 00:22:10 (4%) A-V:  0.000 ct:  5.000 Cache: 860s/500MB
AV: 00:00:59 / 00:22:10 (4%) A-V:  0.000 ct:  5.014 Cache: 860s/500MB
AV: 00:00:59 / 00:22:10 (4%) A-V:  0.000 Dropped: 8 Cache: 900s/500MB
AV: 00:00:59 / 00:22:10 (4%) A-V:  0.000 ct:  5.027 Cache: 860s/500MB
AV: 00:00:59 / 00:22:10 (4%) A-V:  0.000 ct:  5.040 Cache: 860s/500MB
AV: 00:00:59 / 00:22:10 (4%) A-V:  0.000 Dropped: 10 Cache: 872s/500MB
AV: 00:00:59 / 00:22:10 (4%) A-V:  0.000 ct:  5.054 Cache: 860s/500MB
AV: 00:00:59 / 00:22:10 (4%) A-V:  0.000 ct:  5.067 Cache: 860s/500MB
AV: 00:00:59 / 00:22:10 (4%) A-V:  0.000 ct:  5.080 Cache: 860s/500MB
AV: 00:00:59 / 00:22:10 (4%) A-V:  0.000 ct:  5.094 Cache: 860s/500MB
AV: 00:00:59 / 00:22:10 (5%) A-V:  0.000 Cache: 819s/500MB
AV: 00:00:59 / 00:22:10 (4%) A-V:  0.000 ct:  5.107 Cache: 860s/500MB
AV: 00:00:59 / 00:22:10 (4%) A-V:  0.000 ct:  5.120 Cache: 860s/500MB
AV: 00:00:59 / 00:22:10 (4%) A-V:  0.000 ct:  5.134 Cache: 860s/500MB
AV: 00:00:59 / 00:22:10 (4%) A-V:  0.000 ct:  5.147 Cache: 861s/500MB
AV: 00:01:00 / 00:22:10 (5%) A-V:  0.000 Cache: 819s/500MB
AV: 00:00:59 / 00:22:10 (5%) A-V:  0.000 ct:  5.160 Cache: 861s/500MB
AV: 00:00:59 / 00:22:10 (4%) A-V:  0.000 Dropped: 8 Cache: 899s/500MB
AV: 00:00:59 / 00:22:10 (5%) A-V:  0.000 ct:  5.174 Cache: 861s/500MB
AV: 00:00:59 / 00:22:10 (5%) A-V:  0.000 ct:  5.187 Cache: 861s/500MB
AV: 00:00:59 / 00:22:10 (5%) A-V:  0.000 ct:  5.200 Cache: 861s/500MB
AV: 00:01:00 / 00:22:10 (5%) A-V:  0.000 ct:  5.214 Cache: 861s/500MB
AV: 00:01:00 / 00:22:10 (5%) A-V:  0.000 ct:  5.227 Cache: 861s/500MB
AV: 00:01:00 / 00:22:10 (5%) A-V:  0.000 ct:  5.240 Cache: 861s/500MB
AV: 00:01:00 / 00:22:10 (5%) A-V:  0.000 ct:  5.254 Cache: 861s/500MB
AV: 00:01:00 / 00:22:10 (5%) A-V:  0.000 ct:  5.267 Cache: 861s/500MB
AV: 00:01:00 / 00:22:10 (5%) A-V:  0.000 ct:  5.280 Cache: 861s/500MB
AV: 00:01:00 / 00:22:10 (5%) A-V:  0.000 ct:  5.294 Cache: 861s/500MB
AV: 00:01:00 / 00:22:10 (5%) A-V:  0.000 ct:  5.307 Cache: 861s/500MB
AV: 00:01:00 / 00:22:10 (5%) A-V:  0.000 ct:  5.320 Cache: 861s/500MB
AV: 00:01:00 / 00:22:10 (5%) A-V:  0.000 ct:  5.334 Cache: 861s/500MB
AO: [pipewire] 44100Hz stereo 2ch floatp
AV: 00:00:59 / 00:22:10 (4%) A-V:  0.000 Dropped: 8 Cache: 899s/500MB
AV: 00:00:59 / 00:22:10 (4%) A-V:  0.167 Dropped: 8 Cache: 900s/500MB
AV: 00:00:59 / 00:22:10 (4%) A-V:  0.133 Dropped: 9 Cache: 899s/500MB
AV: 00:00:59 / 00:22:10 (5%) A-V:  0.100 Dropped: 10 Cache: 899s/500MB
AV: 00:00:59 / 00:22:10 (5%) A-V:  0.067 Dropped: 11 Cache: 899s/500MB
AV: 00:01:00 / 00:22:10 (5%) A-V:  0.000 ct:  5.347 Cache: 861s/500MB
AV: 00:01:00 / 00:22:10 (5%) A-V:  0.000 ct:  5.360 Cache: 861s/500MB
Using hardware decoding (nvdec).
AV: 00:00:59 / 00:22:10 (5%) A-V:  0.067 Dropped: 11 Cache: 899s/500MB
AV: 00:00:59 / 00:22:10 (5%) A-V:  0.067 Dropped: 12 Cache: 899s/500MB
AV: 00:01:00 / 00:22:10 (5%) A-V:  0.000 ct:  5.374 Cache: 861s/500MB
AV: 00:00:59 / 00:22:10 (5%) A-V:  0.000 Dropped: 10 Cache: 872s/500MB
AV: 00:01:00 / 00:22:10 (5%) A-V:  0.000 ct:  5.387 Cache: 861s/500MB
AV: 00:01:00 / 00:22:10 (5%) A-V:  0.000 Cache: 818s/500MB
AV: 00:01:00 / 00:22:10 (5%) A-V:  0.000 ct:  5.400 Cache: 861s/500MB
AV: 00:00:59 / 00:22:10 (5%) A-V:  0.000 Dropped: 12 Cache: 899s/500MB
AV: 00:01:00 / 00:22:10 (5%) A-V:  0.000 ct:  5.414 Cache: 861s/500MB
VO: [gpu] 640x360 cuda[nv12]
AV: 00:00:59 / 00:22:10 (5%) A-V:  0.000 Dropped: 12 Cache: 899s/500MB
AV: 00:01:00 / 00:22:10 (5%) A-V:  0.000 ct:  5.427 Cache: 861s/500MB
AV: 00:00:59 / 00:22:10 (5%) A-V:  0.000 Cache: 899s/500MB
AV: 00:01:00 / 00:22:10 (5%) A-V:  0.000 Cache: 899s/500MB
[dbx] New chapter 5 
AV: 00:01:00 / 00:22:10 (5%) A-V:  0.000 Cache: 899s/500MB
[dbx] Metadata  
AV: 00:01:00 / 00:22:10 (5%) A-V:  0.000 Cache: 899s/500MB
[dbx] chapter time is  60 
AV: 00:01:00 / 00:22:10 (5%) A-V:  0.000 Cache: 899s/500MB
[dbx] Chapter Length is  15 
AV: 00:01:00 / 00:22:10 (5%) A-V:  0.000 Cache: 899s/500MB
[dbx] record_number was  6 
AV: 00:01:00 / 00:22:10 (5%) A-V:  0.000 Cache: 899s/500MB
AV: 00:01:00 / 00:22:10 (5%) A-V:  0.000 ct:  5.440 Cache: 862s/500MB
AV: 00:01:00 / 00:22:10 (5%) A-V:  0.000 Dropped: 10 Cache: 872s/500MB
AV: 00:01:00 / 00:22:10 (5%) A-V:  0.000 ct:  5.454 Cache: 862s/500MB
AV: 00:01:00 / 00:22:10 (5%) A-V:  0.000 ct:  5.467 Cache: 862s/500MB
AV: 00:01:00 / 00:22:10 (5%) A-V:  0.000 ct:  5.480 Cache: 862s/500MB
AV: 00:01:00 / 00:22:10 (5%) A-V:  0.000 ct:  5.494 Cache: 862s/500MB
AV: 00:01:00 / 00:22:10 (5%) A-V:  0.000 ct:  5.507 Cache: 862s/500MB
AV: 00:01:00 / 00:22:10 (5%) A-V:  0.000 ct:  5.520 Cache: 862s/500MB
AV: 00:01:00 / 00:22:10 (5%) A-V:  0.000 ct:  5.534 Cache: 862s/500MB
AV: 00:01:00 / 00:22:10 (5%) A-V:  0.000 ct:  5.547 Cache: 862s/500MB
AV: 00:01:01 / 00:22:10 (5%) A-V:  0.000 Cache: 818s/500MB
AV: 00:01:00 / 00:22:10 (5%) A-V:  0.000 ct:  5.560 Cache: 862s/500MB
AV: 00:01:00 / 00:22:10 (5%) A-V:  0.000 ct:  5.574 Cache: 862s/500MB
AV: 00:01:00 / 00:22:10 (5%) A-V:  0.000 ct:  5.587 Cache: 862s/500MB
AV: 00:01:00 / 00:22:10 (5%) A-V:  0.000 ct:  5.600 Cache: 862s/500MB
AV: 00:01:01 / 00:22:10 (5%) A-V:  0.000 ct:  5.614 Cache: 862s/500MB
AV: 00:01:01 / 00:22:10 (5%) A-V:  0.000 ct:  5.627 Cache: 862s/500MB
AV: 00:01:01 / 00:22:10 (5%) A-V:  0.000 ct:  5.640 Cache: 862s/500MB
AV: 00:01:01 / 00:22:10 (5%) A-V:  0.000 ct:  5.654 Cache: 862s/500MB
AV: 00:01:01 / 00:22:10 (5%) A-V:  0.000 ct:  5.667 Cache: 862s/500MB
AV: 00:01:01 / 00:22:10 (5%) A-V:  0.000 ct:  5.680 Cache: 862s/500MB
AV: 00:01:01 / 00:22:10 (5%) A-V:  0.000 ct:  5.694 Cache: 862s/500MB
AV: 00:01:01 / 00:22:10 (5%) A-V:  0.000 ct:  5.707 Cache: 862s/500MB
AV: 00:01:01 / 00:22:10 (5%) A-V:  0.000 ct:  5.720 Cache: 862s/500MB
AV: 00:01:01 / 00:22:10 (5%) A-V:  0.000 ct:  5.734 Cache: 863s/500MB
AV: 00:01:01 / 00:22:10 (5%) A-V:  0.000 ct:  5.747 Cache: 863s/500MB
AV: 00:01:01 / 00:22:10 (5%) A-V:  0.000 ct:  5.760 Cache: 863s/500MB
AV: 00:01:01 / 00:22:10 (5%) A-V:  0.000 ct:  5.774 Cache: 863s/500MB
AV: 00:01:01 / 00:22:10 (5%) A-V:  0.000 ct:  5.787 Cache: 863s/500MB
AV: 00:01:01 / 00:22:10 (5%) A-V:  0.000 ct:  5.800 Cache: 863s/500MB
AV: 00:01:01 / 00:22:10 (5%) A-V:  0.000 ct:  5.814 Cache: 863s/500MB
AV: 00:01:01 / 00:22:10 (5%) A-V:  0.000 ct:  5.827 Cache: 863s/500MB
AV: 00:01:00 / 00:22:10 (5%) A-V:  0.000 Cache: 898s/500MB
AV: 00:01:01 / 00:22:10 (5%) A-V:  0.000 Cache: 898s/500MB
AV: 00:01:01 / 00:22:10 (5%) A-V:  0.000 Dropped: 10 Cache: 872s/500MB
AV: 00:01:01 / 00:22:10 (5%) A-V:  0.000 ct:  5.840 Cache: 863s/500MB
AV: 00:01:01 / 00:22:10 (5%) A-V:  0.000 ct:  5.854 Cache: 863s/500MB
AO: [pipewire] 48000Hz stereo 2ch floatp
AV: 00:01:01 / 00:22:10 (5%) A-V:  0.000 Cache: 818s/500MB
AV: 00:01:01 / 00:22:10 (5%) A-V:  0.000 ct:  5.867 Cache: 863s/500MB
AV: 00:01:01 / 00:22:10 (5%) A-V:  0.184 Cache: 818s/500MB
AV: 00:01:01 / 00:22:10 (5%) A-V:  0.150 Dropped: 1 Cache: 817s/500MB
AV: 00:01:01 / 00:22:10 (5%) A-V:  0.117 Dropped: 2 Cache: 818s/500MB
AV: 00:01:01 / 00:22:10 (5%) A-V:  0.083 Dropped: 3 Cache: 818s/500MB
AV: 00:01:01 / 00:22:10 (5%) A-V:  0.000 ct:  5.880 Cache: 863s/500MB
AV: 00:01:01 / 00:22:10 (5%) A-V:  0.083 Dropped: 4 Cache: 818s/500MB
AV: 00:01:01 / 00:22:10 (5%) A-V:  0.000 ct:  5.894 Cache: 863s/500MB
AV: 00:01:01 / 00:22:10 (5%) A-V:  0.000 ct:  5.907 Cache: 863s/500MB
AV: 00:01:01 / 00:22:10 (5%) A-V:  0.000 Dropped: 4 Cache: 817s/500MB
AV: 00:01:01 / 00:22:10 (5%) A-V:  0.000 ct:  5.920 Cache: 863s/500MB
AV: 00:01:01 / 00:22:10 (5%) A-V:  0.000 ct:  5.934 Cache: 864s/500MB
AV: 00:01:01 / 00:22:10 (5%) A-V:  0.000 ct:  5.947 Cache: 864s/500MB
Using hardware decoding (nvdec).
AV: 00:01:01 / 00:22:10 (5%) A-V:  0.000 Dropped: 4 Cache: 817s/500MB
AV: 00:01:01 / 00:22:10 (5%) A-V:  0.000 Dropped: 4 Cache: 819s/500MB
AV: 00:01:01 / 00:22:10 (5%) A-V:  0.000 ct:  5.960 Cache: 864s/500MB
AV: 00:01:01 / 00:22:10 (5%) A-V:  0.000 ct:  5.974 Cache: 864s/500MB
AV: 00:01:01 / 00:22:10 (5%) A-V:  0.000 ct:  5.987 Cache: 864s/500MB
AV: 00:01:01 / 00:22:10 (5%) A-V:  0.000 ct:  6.000 Cache: 864s/500MB
AV: 00:01:02 / 00:22:10 (5%) A-V:  0.000 ct:  6.014 Cache: 864s/500MB
AV: 00:01:02 / 00:22:10 (5%) A-V:  0.000 ct:  6.027 Cache: 864s/500MB
AV: 00:01:02 / 00:22:10 (5%) A-V:  0.000 ct:  6.040 Cache: 864s/500MB
AV: 00:01:02 / 00:22:10 (5%) A-V:  0.000 ct:  6.054 Cache: 864s/500MB
AV: 00:01:02 / 00:22:10 (5%) A-V:  0.000 ct:  6.067 Cache: 864s/500MB
AV: 00:01:02 / 00:22:10 (5%) A-V:  0.000 ct:  6.080 Cache: 864s/500MB
AV: 00:01:02 / 00:22:10 (5%) A-V:  0.000 ct:  6.094 Cache: 864s/500MB
AV: 00:01:02 / 00:22:10 (5%) A-V:  0.000 ct:  6.107 Cache: 864s/500MB
AV: 00:01:02 / 00:22:10 (5%) A-V:  0.000 ct:  6.120 Cache: 864s/500MB
AV: 00:01:02 / 00:22:10 (5%) A-V:  0.000 ct:  6.134 Cache: 864s/500MB
AV: 00:01:02 / 00:22:10 (5%) A-V:  0.000 ct:  6.147 Cache: 864s/500MB
AV: 00:01:02 / 00:22:10 (5%) A-V:  0.000 ct:  6.160 Cache: 864s/500MB

Audio/Video desynchronisation detected! Possible reasons include too slow
hardware, temporary CPU spikes, broken drivers, and broken files. Audio
position will not match to the video (see A-V status field).
Consider trying `--profile=fast` and/or `--hwdec=auto-safe` as they may help.

AV: 00:01:01 / 00:22:10 (5%) A-V:  0.000 Dropped: 4 Cache: 819s/500MB
AV: 00:01:01 / 00:22:10 (5%) A-V:  0.552 Dropped: 4 Cache: 829s/500MB
VO: [gpu] 3840x2160 cuda[nv12]
AV: 00:01:01 / 00:22:10 (5%) A-V:  0.552 Dropped: 4 Cache: 829s/500MB
AV: 00:01:02 / 00:22:10 (5%) A-V:  0.000 ct:  6.174 Cache: 864s/500MB
AV: 00:01:01 / 00:22:10 (5%) A-V:  0.555 Cache: 829s/500MB
AV: 00:01:02 / 00:22:10 (5%) A-V:  0.538 Cache: 829s/500MB
[dbx] New chapter 4 
AV: 00:01:02 / 00:22:10 (5%) A-V:  0.538 Cache: 829s/500MB
[dbx] Metadata  
AV: 00:01:02 / 00:22:10 (5%) A-V:  0.538 Cache: 829s/500MB
[dbx] chapter time is  62 
AV: 00:01:02 / 00:22:10 (5%) A-V:  0.538 Cache: 829s/500MB
[dbx] Chapter Length is  20 
AV: 00:01:02 / 00:22:10 (5%) A-V:  0.538 Cache: 829s/500MB
[dbx] record_number was  5 
AV: 00:01:02 / 00:22:10 (5%) A-V:  0.538 Cache: 829s/500MB
AV: 00:01:02 / 00:22:10 (5%) A-V:  0.528 Dropped: 1 Cache: 829s/500MB
AV: 00:01:02 / 00:22:10 (5%) A-V:  0.513 Dropped: 2 Cache: 829s/500MB
AV: 00:01:02 / 00:22:10 (5%) A-V:  0.498 Dropped: 3 Cache: 829s/500MB
AV: 00:01:02 / 00:22:10 (5%) A-V:  0.484 Dropped: 4 Cache: 829s/500MB
AV: 00:01:02 / 00:22:10 (5%) A-V:  0.469 Dropped: 5 Cache: 829s/500MB
AV: 00:01:02 / 00:22:10 (5%) A-V:  0.000 ct:  6.187 Cache: 864s/500MB
AV: 00:01:02 / 00:22:10 (5%) A-V:  0.456 Dropped: 6 Cache: 829s/500MB
AV: 00:01:02 / 00:22:10 (5%) A-V:  0.443 Dropped: 7 Cache: 829s/500MB
AV: 00:01:02 / 00:22:10 (5%) A-V:  0.427 Dropped: 8 Cache: 829s/500MB
AV: 00:01:02 / 00:22:10 (5%) A-V:  0.411 Dropped: 9 Cache: 829s/500MB
AV: 00:01:02 / 00:22:10 (5%) A-V:  0.397 Dropped: 10 Cache: 829s/500MB
AV: 00:01:02 / 00:22:10 (5%) A-V:  0.382 Dropped: 11 Cache: 829s/500MB
AV: 00:01:02 / 00:22:10 (5%) A-V:  0.367 Dropped: 12 Cache: 829s/500MB
AV: 00:01:02 / 00:22:10 (5%) A-V:  0.353 Dropped: 13 Cache: 829s/500MB
AV: 00:01:02 / 00:22:10 (5%) A-V:  0.337 Dropped: 14 Cache: 829s/500MB
AV: 00:01:02 / 00:22:10 (5%) A-V:  0.322 Dropped: 15 Cache: 829s/500MB
AV: 00:01:02 / 00:22:10 (5%) A-V:  0.306 Dropped: 16 Cache: 828s/500MB
AV: 00:01:02 / 00:22:10 (5%) A-V:  0.295 Dropped: 17 Cache: 828s/500MB
AV: 00:01:02 / 00:22:10 (5%) A-V:  0.280 Dropped: 18 Cache: 828s/500MB
AV: 00:01:02 / 00:22:10 (5%) A-V:  0.265 Dropped: 19 Cache: 828s/500MB
AV: 00:01:02 / 00:22:10 (5%) A-V:  0.250 Dropped: 20 Cache: 828s/500MB
AV: 00:01:02 / 00:22:10 (5%) A-V:  0.235 Dropped: 21 Cache: 828s/500MB
AV: 00:01:02 / 00:22:10 (5%) A-V:  0.221 Dropped: 22 Cache: 828s/500MB
AV: 00:01:02 / 00:22:10 (5%) A-V:  0.000 ct:  6.200 Cache: 864s/500MB
AV: 00:01:02 / 00:22:10 (5%) A-V:  0.206 Dropped: 23 Cache: 828s/500MB
AV: 00:01:02 / 00:22:10 (5%) A-V:  0.189 Dropped: 24 Cache: 828s/500MB
AV: 00:01:02 / 00:22:10 (5%) A-V:  0.176 Dropped: 25 Cache: 828s/500MB
AV: 00:01:02 / 00:22:10 (5%) A-V:  0.161 Dropped: 26 Cache: 828s/500MB
AV: 00:01:02 / 00:22:10 (5%) A-V:  0.148 Dropped: 27 Cache: 828s/500MB
AV: 00:01:02 / 00:22:10 (5%) A-V:  0.134 Dropped: 28 Cache: 828s/500MB
AV: 00:01:02 / 00:22:10 (5%) A-V:  0.119 Dropped: 29 Cache: 828s/500MB
AV: 00:01:02 / 00:22:10 (5%) A-V:  0.104 Dropped: 30 Cache: 828s/500MB
AV: 00:01:02 / 00:22:10 (5%) A-V:  0.089 Dropped: 31 Cache: 828s/500MB
AV: 00:01:02 / 00:22:10 (5%) A-V:  0.072 Dropped: 32 Cache: 828s/499MB
AV: 00:01:02 / 00:22:10 (5%) A-V:  0.059 Dropped: 33 Cache: 828s/500MB
AV: 00:01:02 / 00:22:10 (5%) A-V:  0.045 Dropped: 34 Cache: 828s/500MB
AV: 00:01:02 / 00:22:10 (5%) A-V:  0.028 Dropped: 35 Cache: 828s/500MB
AV: 00:01:02 / 00:22:10 (5%) A-V:  0.014 Dropped: 36 Cache: 829s/499MB
AV: 00:01:02 / 00:22:10 (5%) A-V:  0.000 ct:  6.214 Cache: 864s/500MB
AV: 00:01:02 / 00:22:10 (5%) A-V:  0.006 Dropped: 37 Cache: 829s/500MB
AV: 00:01:02 / 00:22:10 (5%) A-V:  0.000 Dropped: 37 Cache: 829s/500MB
AV: 00:01:02 / 00:22:10 (5%) A-V:  0.000 ct:  6.227 Cache: 864s/500MB
AV: 00:01:02 / 00:22:10 (5%) A-V:  0.000 Cache: 898s/500MB
AV: 00:01:02 / 00:22:10 (5%) A-V:  0.000 Dropped: 10 Cache: 872s/500MB
AV: 00:01:02 / 00:22:10 (5%) A-V:  0.000 ct:  6.240 Cache: 864s/500MB
AV: 00:01:02 / 00:22:10 (5%) A-V:  0.000 ct:  6.254 Cache: 864s/500MB
AV: 00:01:02 / 00:22:10 (5%) A-V:  0.000 Cache: 897s/500MB
AV: 00:01:02 / 00:22:10 (5%) A-V:  0.000 ct:  6.267 Cache: 864s/500MB
AV: 00:01:02 / 00:22:10 (5%) A-V:  0.000 ct:  6.280 Cache: 864s/500MB
AV: 00:01:02 / 00:22:10 (5%) A-V:  0.000 Dropped: 37 Cache: 828s/500MB
AV: 00:01:02 / 00:22:10 (5%) A-V:  0.000 ct:  6.294 Cache: 864s/500MB
AV: 00:01:02 / 00:22:10 (5%) A-V:  0.000 ct:  6.307 Cache: 864s/500MB
AV: 00:01:02 / 00:22:10 (5%) A-V:  0.000 Dropped: 37 Cache: 829s/500MB
AV: 00:01:02 / 00:22:10 (5%) A-V:  0.000 ct:  6.320 Cache: 864s/500MB
AV: 00:01:02 / 00:22:10 (5%) A-V:  0.000 ct:  6.334 Cache: 864s/500MB
AV: 00:01:02 / 00:22:10 (5%) A-V:  0.000 ct:  6.347 Cache: 864s/500MB
AV: 00:01:03 / 00:22:10 (5%) A-V:  0.000 Dropped: 37 Cache: 829s/500MB
AV: 00:01:02 / 00:22:10 (5%) A-V:  0.000 ct:  6.360 Cache: 864s/500MB
AV: 00:01:02 / 00:22:10 (5%) A-V:  0.000 ct:  6.374 Cache: 864s/500MB
AV: 00:01:02 / 00:22:10 (5%) A-V:  0.000 ct:  6.387 Cache: 864s/500MB
AV: 00:01:02 / 00:22:10 (5%) A-V:  0.000 ct:  6.400 Cache: 864s/500MB
AV: 00:01:03 / 00:22:10 (5%) A-V:  0.000 Dropped: 37 Cache: 831s/500MB
AV: 00:01:03 / 00:22:10 (5%) A-V:  0.000 ct:  6.414 Cache: 864s/500MB
AV: 00:01:03 / 00:22:10 (5%) A-V:  0.000 ct:  6.427 Cache: 864s/500MB
AV: 00:01:03 / 00:22:10 (5%) A-V:  0.000 ct:  6.440 Cache: 864s/500MB
AV: 00:01:03 / 00:22:10 (5%) A-V:  0.000 ct:  6.454 Cache: 864s/500MB
AV: 00:01:03 / 00:22:10 (5%) A-V:  0.000 ct:  6.467 Cache: 864s/500MB
AV: 00:01:03 / 00:22:10 (5%) A-V:  0.000 Dropped: 37 Cache: 832s/500MB
AV: 00:01:03 / 00:22:10 (5%) A-V:  0.000 Dropped: 37 Cache: 833s/500MB
AV: 00:01:03 / 00:22:10 (5%) A-V:  0.000 Dropped: 37 Cache: 832s/500MB
AV: 00:01:03 / 00:22:10 (5%) A-V:  0.000 Dropped: 37 Cache: 833s/500MB
AV: 00:01:03 / 00:22:10 (5%) A-V:  0.000 Dropped: 10 Cache: 872s/500MB
AV: 00:01:03 / 00:22:10 (5%) A-V:  0.000 Cache: 897s/500MB
AV: 00:01:03 / 00:22:10 (5%) A-V:  0.000 Cache: 896s/500MB
AV: 00:01:04 / 00:22:10 (5%) A-V:  0.000 Dropped: 37 Cache: 832s/500MB
AV: 00:01:04 / 00:22:10 (5%) A-V:  0.000 Dropped: 37 Cache: 833s/500MB
AV: 00:01:04 / 00:22:10 (5%) A-V:  0.000 Dropped: 37 Cache: 834s/500MB
AV: 00:01:04 / 00:22:10 (5%) A-V:  0.000 Dropped: 37 Cache: 835s/500MB
AV: 00:01:03 / 00:22:10 (5%) A-V:  0.000 ct:  6.467 Cache: 863s/500MB
AV: 00:01:04 / 00:22:10 (5%) A-V:  0.000 Dropped: 37 Cache: 836s/500MB
AV: 00:01:04 / 00:22:10 (5%) A-V:  0.000 Dropped: 37 Cache: 837s/500MB
AV: 00:01:04 / 00:22:10 (5%) A-V:  0.000 Cache: 896s/500MB
AV: 00:01:04 / 00:22:10 (5%) A-V:  0.000 Dropped: 10 Cache: 872s/500MB
AV: 00:01:04 / 00:22:10 (5%) A-V:  0.000 Cache: 895s/500MB
AV: 00:01:05 / 00:22:10 (5%) A-V:  0.000 Dropped: 37 Cache: 837s/500MB

Audio/Video desynchronisation detected! Possible reasons include too slow
hardware, temporary CPU spikes, broken drivers, and broken files. Audio
position will not match to the video (see A-V status field).
Consider trying `--profile=fast` and/or `--hwdec=auto-safe` as they may help.

AV: 00:01:03 / 00:22:10 (5%) A-V:  0.000 ct:  6.467 Cache: 863s/500MB
AV: 00:01:03 / 00:22:10 (5%) A-V:  1.554 ct:  6.467 Cache: 863s/500MB
AV: 00:01:03 / 00:22:10 (5%) A-V:  1.541 ct:  6.480 Cache: 863s/500MB
AV: 00:01:03 / 00:22:10 (5%) A-V:  1.527 ct:  6.494 Cache: 863s/500MB
AV: 00:01:03 / 00:22:10 (5%) A-V:  1.514 ct:  6.507 Cache: 863s/500MB
AV: 00:01:03 / 00:22:10 (5%) A-V:  1.501 ct:  6.520 Cache: 863s/500MB
AV: 00:01:03 / 00:22:10 (5%) A-V:  1.487 ct:  6.534 Cache: 863s/500MB
AV: 00:01:03 / 00:22:10 (5%) A-V:  1.474 ct:  6.547 Cache: 863s/500MB
AV: 00:01:05 / 00:22:10 (5%) A-V:  0.000 Dropped: 37 Cache: 838s/500MB
AV: 00:01:03 / 00:22:10 (5%) A-V:  1.461 ct:  6.560 Cache: 864s/500MB
AV: 00:01:03 / 00:22:10 (5%) A-V:  1.447 ct:  6.574 Cache: 864s/500MB
AV: 00:01:03 / 00:22:10 (5%) A-V:  1.434 ct:  6.587 Cache: 864s/500MB
AV: 00:01:03 / 00:22:10 (5%) A-V:  1.421 ct:  6.600 Cache: 864s/500MB
AV: 00:01:03 / 00:22:10 (5%) A-V:  1.407 ct:  6.614 Cache: 864s/500MB
AV: 00:01:03 / 00:22:10 (5%) A-V:  1.394 ct:  6.627 Cache: 864s/500MB
AV: 00:01:03 / 00:22:10 (5%) A-V:  1.381 ct:  6.640 Cache: 864s/500MB
AV: 00:01:03 / 00:22:10 (5%) A-V:  1.367 ct:  6.654 Cache: 864s/500MB
AV: 00:01:03 / 00:22:10 (5%) A-V:  1.354 ct:  6.667 Cache: 865s/500MB
AV: 00:01:03 / 00:22:10 (5%) A-V:  1.341 ct:  6.680 Cache: 865s/500MB
AV: 00:01:03 / 00:22:10 (5%) A-V:  1.327 ct:  6.694 Cache: 865s/500MB
AV: 00:01:03 / 00:22:10 (5%) A-V:  1.314 ct:  6.707 Cache: 865s/500MB
AV: 00:01:03 / 00:22:10 (5%) A-V:  1.301 ct:  6.720 Cache: 865s/500MB
AV: 00:01:03 / 00:22:10 (5%) A-V:  1.287 ct:  6.734 Cache: 865s/500MB
AV: 00:01:03 / 00:22:10 (5%) A-V:  1.274 ct:  6.747 Cache: 866s/500MB
AV: 00:01:05 / 00:22:10 (5%) A-V:  0.000 Dropped: 37 Cache: 838s/499MB
AV: 00:01:03 / 00:22:10 (5%) A-V:  1.261 ct:  6.760 Cache: 866s/500MB
AV: 00:01:05 / 00:22:10 (5%) A-V:  0.000 Dropped: 37 Cache: 838s/500MB
AV: 00:01:03 / 00:22:10 (5%) A-V:  1.247 ct:  6.774 Cache: 866s/500MB
AV: 00:01:03 / 00:22:10 (5%) A-V:  1.234 ct:  6.787 Cache: 866s/500MB
AV: 00:01:03 / 00:22:10 (5%) A-V:  1.221 ct:  6.800 Cache: 866s/500MB
AV: 00:01:04 / 00:22:10 (5%) A-V:  1.207 ct:  6.814 Cache: 866s/500MB
AV: 00:01:04 / 00:22:10 (5%) A-V:  1.194 ct:  6.827 Cache: 866s/500MB
AV: 00:01:04 / 00:22:10 (5%) A-V:  1.181 ct:  6.840 Cache: 866s/500MB
AV: 00:01:05 / 00:22:10 (5%) A-V:  0.000 Dropped: 37 Cache: 837s/500MB
AV: 00:01:04 / 00:22:10 (5%) A-V:  1.167 ct:  6.854 Cache: 866s/500MB
AV: 00:01:04 / 00:22:10 (5%) A-V:  1.154 ct:  6.867 Cache: 866s/500MB
AV: 00:01:04 / 00:22:10 (5%) A-V:  1.141 ct:  6.880 Cache: 867s/500MB
AV: 00:01:04 / 00:22:10 (5%) A-V:  1.127 ct:  6.894 Cache: 867s/500MB
AV: 00:01:04 / 00:22:10 (5%) A-V:  1.114 ct:  6.907 Cache: 867s/500MB
AV: 00:01:05 / 00:22:10 (5%) A-V:  0.000 Dropped: 10 Cache: 872s/500MB
AV: 00:01:05 / 00:22:10 (5%) A-V:  0.000 Cache: 895s/500MB
AV: 00:01:04 / 00:22:10 (5%) A-V:  1.101 ct:  6.920 Cache: 867s/500MB
AV: 00:01:04 / 00:22:10 (5%) A-V:  1.087 ct:  6.934 Cache: 867s/500MB
AV: 00:01:04 / 00:22:10 (5%) A-V:  1.074 ct:  6.947 Cache: 867s/500MB
AV: 00:01:04 / 00:22:10 (5%) A-V:  1.061 ct:  6.960 Cache: 868s/500MB
AV: 00:01:04 / 00:22:10 (5%) A-V:  1.047 ct:  6.974 Cache: 868s/500MB
AV: 00:01:04 / 00:22:10 (5%) A-V:  1.034 ct:  6.987 Cache: 868s/500MB
AV: 00:01:04 / 00:22:10 (5%) A-V:  1.021 ct:  7.000 Cache: 868s/500MB
AV: 00:01:04 / 00:22:10 (5%) A-V:  1.007 ct:  7.014 Cache: 868s/500MB
AV: 00:01:04 / 00:22:10 (5%) A-V:  0.994 ct:  7.027 Cache: 869s/500MB
AV: 00:01:04 / 00:22:10 (5%) A-V:  0.981 ct:  7.040 Cache: 868s/500MB
AV: 00:01:04 / 00:22:10 (5%) A-V:  0.967 ct:  7.054 Cache: 868s/500MB
AV: 00:01:04 / 00:22:10 (5%) A-V:  0.954 ct:  7.067 Cache: 868s/500MB
AV: 00:01:04 / 00:22:10 (5%) A-V:  0.941 ct:  7.080 Cache: 868s/500MB
AV: 00:01:04 / 00:22:10 (5%) A-V:  0.927 ct:  7.094 Cache: 868s/500MB
AV: 00:01:04 / 00:22:10 (5%) A-V:  0.914 ct:  7.107 Cache: 868s/500MB
AV: 00:01:06 / 00:22:10 (5%) A-V:  0.000 Dropped: 37 Cache: 837s/500MB
AV: 00:01:04 / 00:22:10 (5%) A-V:  0.901 ct:  7.120 Cache: 868s/500MB
AV: 00:01:04 / 00:22:10 (5%) A-V:  0.887 ct:  7.134 Cache: 868s/500MB
AV: 00:01:04 / 00:22:10 (5%) A-V:  0.874 ct:  7.147 Cache: 868s/500MB
AV: 00:01:04 / 00:22:10 (5%) A-V:  0.861 ct:  7.160 Cache: 868s/500MB
AV: 00:01:04 / 00:22:10 (5%) A-V:  0.847 ct:  7.174 Cache: 869s/500MB
AV: 00:01:04 / 00:22:10 (5%) A-V:  0.834 ct:  7.187 Cache: 869s/500MB
AV: 00:01:05 / 00:22:10 (5%) A-V:  0.000 Cache: 894s/500MB
AV: 00:01:04 / 00:22:10 (5%) A-V:  0.821 ct:  7.200 Cache: 869s/500MB
AV: 00:01:05 / 00:22:10 (5%) A-V:  0.807 ct:  7.214 Cache: 869s/500MB
AV: 00:01:05 / 00:22:10 (5%) A-V:  0.794 ct:  7.227 Cache: 869s/500MB
AV: 00:01:05 / 00:22:10 (5%) A-V:  0.781 ct:  7.240 Cache: 869s/500MB
AV: 00:01:05 / 00:22:10 (5%) A-V:  0.767 ct:  7.254 Cache: 869s/500MB
AV: 00:01:05 / 00:22:10 (5%) A-V:  0.754 ct:  7.267 Cache: 869s/500MB
AV: 00:01:05 / 00:22:10 (5%) A-V:  0.741 ct:  7.280 Cache: 869s/500MB
AV: 00:01:05 / 00:22:10 (5%) A-V:  0.727 ct:  7.294 Cache: 869s/500MB
AV: 00:01:05 / 00:22:10 (5%) A-V:  0.714 ct:  7.307 Cache: 869s/500MB
AV: 00:01:05 / 00:22:10 (5%) A-V:  0.701 ct:  7.320 Cache: 869s/500MB
AV: 00:01:05 / 00:22:10 (5%) A-V:  0.687 ct:  7.334 Cache: 869s/500MB
AV: 00:01:05 / 00:22:10 (5%) A-V:  0.674 ct:  7.347 Cache: 869s/500MB
AV: 00:01:05 / 00:22:10 (5%) A-V:  0.661 ct:  7.360 Cache: 869s/500MB
AV: 00:01:05 / 00:22:10 (5%) A-V:  0.647 ct:  7.374 Cache: 869s/500MB
AV: 00:01:05 / 00:22:10 (5%) A-V:  0.634 ct:  7.387 Cache: 869s/500MB
AV: 00:01:05 / 00:22:10 (5%) A-V:  0.621 ct:  7.400 Cache: 869s/500MB
AV: 00:01:05 / 00:22:10 (5%) A-V:  0.607 ct:  7.414 Cache: 869s/500MB
AV: 00:01:05 / 00:22:10 (5%) A-V:  0.594 ct:  7.427 Cache: 869s/500MB
AV: 00:01:05 / 00:22:10 (5%) A-V:  0.581 ct:  7.440 Cache: 869s/500MB
AV: 00:01:05 / 00:22:10 (5%) A-V:  0.567 ct:  7.454 Cache: 869s/500MB
AV: 00:01:05 / 00:22:10 (5%) A-V:  0.554 ct:  7.467 Cache: 869s/500MB
AV: 00:01:05 / 00:22:10 (5%) A-V:  0.541 ct:  7.480 Cache: 869s/500MB
AV: 00:01:05 / 00:22:10 (5%) A-V:  0.527 ct:  7.494 Cache: 869s/500MB
AV: 00:01:05 / 00:22:10 (5%) A-V:  0.514 ct:  7.507 Cache: 869s/500MB
AV: 00:01:06 / 00:22:10 (5%) A-V:  0.000 Dropped: 37 Cache: 836s/500MB
AV: 00:01:05 / 00:22:10 (5%) A-V:  0.501 ct:  7.520 Cache: 869s/500MB
AV: 00:01:05 / 00:22:10 (5%) A-V:  0.487 ct:  7.534 Cache: 869s/500MB
AV: 00:01:05 / 00:22:10 (5%) A-V:  0.474 ct:  7.547 Cache: 869s/500MB
AV: 00:01:05 / 00:22:10 (5%) A-V:  0.461 ct:  7.560 Cache: 869s/500MB
AV: 00:01:05 / 00:22:10 (5%) A-V:  0.447 ct:  7.574 Cache: 869s/500MB
AV: 00:01:05 / 00:22:10 (5%) A-V:  0.434 ct:  7.587 Cache: 869s/500MB
AV: 00:01:06 / 00:22:10 (5%) A-V:  0.000 Cache: 894s/500MB
AV: 00:01:06 / 00:22:10 (5%) A-V:  0.000 Dropped: 10 Cache: 872s/500MB
AV: 00:01:05 / 00:22:10 (5%) A-V:  0.421 ct:  7.600 Cache: 869s/500MB
AV: 00:01:06 / 00:22:10 (5%) A-V:  0.407 ct:  7.614 Cache: 869s/500MB
AV: 00:01:06 / 00:22:10 (5%) A-V:  0.394 ct:  7.627 Cache: 869s/500MB
AV: 00:01:06 / 00:22:10 (5%) A-V:  0.381 ct:  7.640 Cache: 869s/500MB
AV: 00:01:06 / 00:22:10 (5%) A-V:  0.367 ct:  7.654 Cache: 869s/500MB
AV: 00:01:06 / 00:22:10 (5%) A-V:  0.354 ct:  7.667 Cache: 869s/500MB
AV: 00:01:06 / 00:22:10 (5%) A-V:  0.341 ct:  7.680 Cache: 869s/500MB
AV: 00:01:06 / 00:22:10 (5%) A-V:  0.327 ct:  7.694 Cache: 869s/500MB
AV: 00:01:06 / 00:22:10 (5%) A-V:  0.314 ct:  7.707 Cache: 869s/500MB
AV: 00:01:06 / 00:22:10 (5%) A-V:  0.301 ct:  7.720 Cache: 869s/500MB
AV: 00:01:06 / 00:22:10 (5%) A-V:  0.287 ct:  7.734 Cache: 868s/500MB
AV: 00:01:06 / 00:22:10 (5%) A-V:  0.284 ct:  7.737 Cache: 868s/500MB
AV: 00:01:06 / 00:22:10 (5%) A-V:  0.281 ct:  7.740 Cache: 868s/500MB
AV: 00:01:07 / 00:22:10 (5%) A-V:  0.000 Dropped: 37 Cache: 836s/500MB
AV: 00:01:06 / 00:22:10 (5%) A-V:  0.277 ct:  7.744 Cache: 868s/500MB
AV: 00:01:06 / 00:22:10 (5%) A-V:  0.274 ct:  7.747 Cache: 868s/500MB
AV: 00:01:06 / 00:22:10 (5%) A-V:  0.271 ct:  7.750 Cache: 868s/500MB
AV: 00:01:06 / 00:22:10 (5%) A-V:  0.267 ct:  7.754 Cache: 868s/500MB
AV: 00:01:06 / 00:22:10 (5%) A-V:  0.000 Cache: 893s/500MB
AV: 00:01:06 / 00:22:10 (5%) A-V:  0.264 ct:  7.757 Cache: 868s/500MB
AV: 00:01:06 / 00:22:10 (5%) A-V:  0.261 ct:  7.760 Cache: 868s/500MB
AV: 00:01:06 / 00:22:10 (5%) A-V:  0.257 ct:  7.764 Cache: 868s/500MB
AV: 00:01:06 / 00:22:10 (5%) A-V:  0.254 ct:  7.767 Cache: 868s/500MB
AV: 00:01:06 / 00:22:10 (5%) A-V:  0.251 ct:  7.770 Cache: 868s/500MB
AV: 00:01:06 / 00:22:10 (5%) A-V:  0.247 ct:  7.774 Cache: 868s/500MB
AV: 00:01:06 / 00:22:10 (5%) A-V:  0.244 ct:  7.777 Cache: 868s/500MB
AV: 00:01:06 / 00:22:10 (5%) A-V:  0.241 ct:  7.780 Cache: 868s/500MB
AV: 00:01:06 / 00:22:10 (5%) A-V:  0.237 ct:  7.784 Cache: 868s/500MB
AV: 00:01:06 / 00:22:10 (5%) A-V:  0.234 ct:  7.787 Cache: 868s/500MB
AV: 00:01:06 / 00:22:10 (5%) A-V:  0.231 ct:  7.790 Cache: 868s/500MB
AV: 00:01:06 / 00:22:10 (5%) A-V:  0.227 ct:  7.794 Cache: 868s/500MB
AV: 00:01:06 / 00:22:10 (5%) A-V:  0.224 ct:  7.797 Cache: 868s/500MB
AV: 00:01:06 / 00:22:10 (5%) A-V:  0.221 ct:  7.800 Cache: 868s/500MB
AV: 00:01:07 / 00:22:10 (5%) A-V:  0.217 ct:  7.804 Cache: 868s/500MB
AV: 00:01:07 / 00:22:10 (5%) A-V:  0.214 ct:  7.807 Cache: 868s/500MB
AV: 00:01:07 / 00:22:10 (5%) A-V:  0.000 Dropped: 37 Cache: 835s/500MB
AV: 00:01:07 / 00:22:10 (5%) A-V:  0.211 ct:  7.810 Cache: 868s/500MB
AV: 00:01:07 / 00:22:10 (5%) A-V:  0.207 ct:  7.814 Cache: 868s/500MB
AV: 00:01:07 / 00:22:10 (5%) A-V:  0.204 ct:  7.817 Cache: 868s/500MB
AV: 00:01:07 / 00:22:10 (5%) A-V:  0.000 Cache: 893s/500MB
AV: 00:01:07 / 00:22:10 (5%) A-V:  0.201 ct:  7.820 Cache: 868s/500MB
AV: 00:01:07 / 00:22:10 (5%) A-V:  0.000 Dropped: 10 Cache: 872s/500MB
AV: 00:01:07 / 00:22:10 (5%) A-V:  0.197 ct:  7.824 Cache: 868s/500MB
AV: 00:01:07 / 00:22:10 (5%) A-V:  0.194 ct:  7.827 Cache: 868s/500MB
AV: 00:01:07 / 00:22:10 (5%) A-V:  0.191 ct:  7.830 Cache: 868s/500MB
AV: 00:01:07 / 00:22:10 (5%) A-V:  0.187 ct:  7.834 Cache: 868s/500MB
AV: 00:01:07 / 00:22:10 (5%) A-V:  0.184 ct:  7.837 Cache: 868s/500MB
AV: 00:01:07 / 00:22:10 (5%) A-V:  0.181 ct:  7.840 Cache: 868s/500MB
AV: 00:01:07 / 00:22:10 (5%) A-V:  0.177 ct:  7.844 Cache: 868s/500MB
AV: 00:01:07 / 00:22:10 (5%) A-V:  0.174 ct:  7.847 Cache: 867s/500MB
AV: 00:01:07 / 00:22:10 (5%) A-V:  0.171 ct:  7.850 Cache: 867s/500MB
AV: 00:01:08 / 00:22:10 (5%) A-V:  0.000 Dropped: 37 Cache: 835s/500MB
AV: 00:01:07 / 00:22:10 (5%) A-V:  0.167 ct:  7.854 Cache: 867s/500MB
AV: 00:01:07 / 00:22:10 (5%) A-V:  0.164 ct:  7.857 Cache: 867s/500MB
AV: 00:01:07 / 00:22:10 (5%) A-V:  0.161 ct:  7.860 Cache: 867s/500MB
AV: 00:01:07 / 00:22:10 (5%) A-V:  0.157 ct:  7.864 Cache: 867s/500MB
AV: 00:01:07 / 00:22:10 (5%) A-V:  0.154 ct:  7.867 Cache: 867s/500MB
AV: 00:01:07 / 00:22:10 (5%) A-V:  0.151 ct:  7.870 Cache: 867s/500MB
AV: 00:01:07 / 00:22:10 (5%) A-V:  0.000 Cache: 892s/500MB
AV: 00:01:07 / 00:22:10 (5%) A-V:  0.147 ct:  7.874 Cache: 867s/500MB
AV: 00:01:07 / 00:22:10 (5%) A-V:  0.144 ct:  7.877 Cache: 867s/500MB
AV: 00:01:07 / 00:22:10 (5%) A-V:  0.141 ct:  7.880 Cache: 867s/500MB
AV: 00:01:07 / 00:22:10 (5%) A-V:  0.137 ct:  7.884 Cache: 867s/500MB
AV: 00:01:07 / 00:22:10 (5%) A-V:  0.134 ct:  7.887 Cache: 867s/500MB
AV: 00:01:07 / 00:22:10 (5%) A-V:  0.131 ct:  7.890 Cache: 867s/500MB
AV: 00:01:07 / 00:22:10 (5%) A-V:  0.127 ct:  7.894 Cache: 867s/500MB
AV: 00:01:07 / 00:22:10 (5%) A-V:  0.124 ct:  7.897 Cache: 867s/500MB
AV: 00:01:07 / 00:22:10 (5%) A-V:  0.121 ct:  7.900 Cache: 867s/500MB
AV: 00:01:08 / 00:22:10 (5%) A-V:  0.117 ct:  7.904 Cache: 867s/500MB
AV: 00:01:08 / 00:22:10 (5%) A-V:  0.114 ct:  7.907 Cache: 867s/500MB
AV: 00:01:08 / 00:22:10 (5%) A-V:  0.111 ct:  7.910 Cache: 867s/500MB
AV: 00:01:08 / 00:22:10 (5%) A-V:  0.107 ct:  7.914 Cache: 867s/500MB
AV: 00:01:08 / 00:22:10 (5%) A-V:  0.104 ct:  7.917 Cache: 867s/500MB
AV: 00:01:08 / 00:22:10 (5%) A-V:  0.101 ct:  7.920 Cache: 867s/500MB
AV: 00:01:08 / 00:22:10 (5%) A-V:  0.097 ct:  7.924 Cache: 867s/500MB
AV: 00:01:08 / 00:22:10 (5%) A-V:  0.094 ct:  7.927 Cache: 867s/500MB
AV: 00:01:08 / 00:22:10 (5%) A-V:  0.091 ct:  7.930 Cache: 867s/500MB
Using hardware decoding (nvdec).
AV: 00:01:07 / 00:22:10 (5%) A-V:  0.000 Dropped: 10 Cache: 872s/500MB
AV: 00:01:08 / 00:22:10 (5%) A-V:  0.087 ct:  7.934 Cache: 867s/500MB
AV: 00:01:08 / 00:22:10 (5%) A-V:  0.000 Cache: 892s/500MB
AV: 00:01:08 / 00:22:10 (5%) A-V:  0.084 ct:  7.937 Cache: 867s/500MB
AV: 00:01:08 / 00:22:10 (5%) A-V:  0.081 ct:  7.940 Cache: 867s/500MB
AV: 00:01:08 / 00:22:10 (5%) A-V:  0.077 ct:  7.944 Cache: 867s/500MB
AV: 00:01:08 / 00:22:10 (5%) A-V:  0.074 ct:  7.947 Cache: 867s/500MB
AV: 00:01:08 / 00:22:10 (5%) A-V:  0.071 ct:  7.950 Cache: 867s/500MB
AV: 00:01:08 / 00:22:10 (5%) A-V:  0.067 ct:  7.954 Cache: 867s/500MB
AV: 00:01:08 / 00:22:10 (5%) A-V:  0.064 ct:  7.957 Cache: 867s/500MB
AV: 00:01:08 / 00:22:10 (5%) A-V:  0.061 ct:  7.960 Cache: 866s/500MB
AV: 00:01:09 / 00:22:10 (5%) A-V:  0.000 Dropped: 37 Cache: 835s/500MB
AV: 00:01:08 / 00:22:10 (5%) A-V:  0.057 ct:  7.964 Cache: 866s/500MB
AV: 00:01:08 / 00:22:10 (5%) A-V:  0.054 ct:  7.967 Cache: 866s/500MB
AV: 00:01:08 / 00:22:10 (5%) A-V:  0.051 ct:  7.970 Cache: 866s/500MB
AV: 00:01:08 / 00:22:10 (5%) A-V:  0.047 ct:  7.974 Cache: 866s/500MB
AV: 00:01:08 / 00:22:10 (5%) A-V:  0.044 ct:  7.977 Cache: 866s/500MB
AV: 00:01:08 / 00:22:10 (5%) A-V:  0.041 ct:  7.980 Cache: 866s/500MB
AV: 00:01:08 / 00:22:10 (5%) A-V:  0.037 ct:  7.984 Cache: 866s/500MB
AV: 00:01:08 / 00:22:10 (5%) A-V:  0.034 ct:  7.987 Cache: 866s/500MB
AV: 00:01:08 / 00:22:10 (5%) A-V:  0.031 ct:  7.990 Cache: 866s/500MB
AV: 00:01:08 / 00:22:10 (5%) A-V:  0.000 Cache: 891s/500MB
AV: 00:01:08 / 00:22:10 (5%) A-V:  0.028 ct:  7.993 Cache: 866s/500MB
AV: 00:01:08 / 00:22:10 (5%) A-V:  0.025 ct:  7.996 Cache: 866s/500MB

Audio/Video desynchronisation detected! Possible reasons include too slow
hardware, temporary CPU spikes, broken drivers, and broken files. Audio
position will not match to the video (see A-V status field).
Consider trying `--profile=fast` and/or `--hwdec=auto-safe` as they may help.

AV: 00:01:07 / 00:22:10 (5%) A-V:  0.000 Dropped: 10 Cache: 872s/500MB
AV: 00:01:07 / 00:22:10 (5%) A-V:  0.651 Dropped: 10 Cache: 899s/500MB
AV: 00:01:07 / 00:22:10 (5%) A-V:  0.619 Dropped: 10 Cache: 899s/500MB
AV: 00:01:08 / 00:22:10 (5%) A-V:  0.604 Dropped: 11 Cache: 899s/500MB
AV: 00:01:08 / 00:22:10 (5%) A-V:  0.022 ct:  7.999 Cache: 866s/500MB
AV: 00:01:08 / 00:22:10 (5%) A-V:  0.590 Dropped: 12 Cache: 899s/500MB
AV: 00:01:08 / 00:22:10 (5%) A-V:  0.573 Dropped: 13 Cache: 899s/500MB
[dbx] New chapter 5 
AV: 00:01:08 / 00:22:10 (5%) A-V:  0.573 Dropped: 13 Cache: 899s/500MB
[dbx] Metadata  
AV: 00:01:08 / 00:22:10 (5%) A-V:  0.573 Dropped: 13 Cache: 899s/500MB
[dbx] chapter time is  68 
AV: 00:01:08 / 00:22:10 (5%) A-V:  0.573 Dropped: 13 Cache: 899s/500MB
[dbx] Chapter Length is  12 
AV: 00:01:08 / 00:22:10 (5%) A-V:  0.573 Dropped: 13 Cache: 899s/500MB
[dbx] record_number was  6 
AV: 00:01:08 / 00:22:10 (5%) A-V:  0.573 Dropped: 13 Cache: 899s/500MB
AV: 00:01:08 / 00:22:10 (5%) A-V:  0.564 Dropped: 14 Cache: 900s/500MB
AV: 00:01:08 / 00:22:10 (5%) A-V:  0.550 Dropped: 15 Cache: 900s/500MB
AV: 00:01:08 / 00:22:10 (5%) A-V:  0.535 Dropped: 16 Cache: 900s/500MB
AV: 00:01:08 / 00:22:10 (5%) A-V:  0.520 Dropped: 17 Cache: 900s/500MB
AV: 00:01:08 / 00:22:10 (5%) A-V:  0.506 Dropped: 18 Cache: 900s/500MB
AV: 00:01:08 / 00:22:10 (5%) A-V:  0.491 Dropped: 19 Cache: 900s/500MB
AV: 00:01:08 / 00:22:10 (5%) A-V:  0.475 Dropped: 20 Cache: 900s/500MB
AV: 00:01:08 / 00:22:10 (5%) A-V:  0.460 Dropped: 21 Cache: 900s/500MB
AV: 00:01:09 / 00:22:10 (5%) A-V:  0.020 ct:  8.001 Cache: 866s/500MB
AV: 00:01:08 / 00:22:10 (5%) A-V:  0.446 Dropped: 22 Cache: 900s/500MB
AV: 00:01:08 / 00:22:10 (5%) A-V:  0.434 Dropped: 23 Cache: 900s/500MB
AV: 00:01:08 / 00:22:10 (5%) A-V:  0.420 Dropped: 24 Cache: 901s/500MB
AV: 00:01:08 / 00:22:10 (5%) A-V:  0.405 Dropped: 25 Cache: 901s/500MB
AV: 00:01:08 / 00:22:10 (5%) A-V:  0.390 Dropped: 26 Cache: 901s/500MB
AV: 00:01:08 / 00:22:10 (5%) A-V:  0.376 Dropped: 27 Cache: 901s/500MB
AV: 00:01:08 / 00:22:10 (5%) A-V:  0.361 Dropped: 28 Cache: 901s/500MB
AV: 00:01:08 / 00:22:10 (5%) A-V:  0.344 Dropped: 29 Cache: 901s/500MB
AV: 00:01:08 / 00:22:10 (5%) A-V:  0.334 Dropped: 30 Cache: 901s/500MB
AV: 00:01:08 / 00:22:10 (5%) A-V:  0.320 Dropped: 31 Cache: 901s/500MB
AV: 00:01:08 / 00:22:10 (5%) A-V:  0.305 Dropped: 32 Cache: 901s/500MB
AV: 00:01:08 / 00:22:10 (5%) A-V:  0.291 Dropped: 33 Cache: 901s/500MB
AV: 00:01:08 / 00:22:10 (5%) A-V:  0.276 Dropped: 34 Cache: 901s/500MB
AV: 00:01:08 / 00:22:10 (5%) A-V:  0.261 Dropped: 35 Cache: 901s/500MB
AV: 00:01:08 / 00:22:10 (5%) A-V:  0.247 Dropped: 36 Cache: 901s/500MB
AV: 00:01:08 / 00:22:10 (5%) A-V:  0.230 Dropped: 37 Cache: 901s/500MB
AV: 00:01:08 / 00:22:10 (5%) A-V:  0.214 Dropped: 38 Cache: 902s/500MB
AV: 00:01:08 / 00:22:10 (5%) A-V:  0.200 Dropped: 39 Cache: 902s/500MB
AV: 00:01:09 / 00:22:10 (5%) A-V:  0.018 ct:  8.003 Cache: 866s/500MB
AV: 00:01:08 / 00:22:10 (5%) A-V:  0.185 Dropped: 40 Cache: 902s/500MB
AV: 00:01:08 / 00:22:10 (5%) A-V:  0.170 Dropped: 41 Cache: 902s/500MB
AV: 00:01:08 / 00:22:10 (5%) A-V:  0.160 Dropped: 42 Cache: 902s/500MB
AV: 00:01:08 / 00:22:10 (5%) A-V:  0.146 Dropped: 43 Cache: 902s/500MB
AV: 00:01:08 / 00:22:10 (5%) A-V:  0.131 Dropped: 44 Cache: 902s/500MB
AV: 00:01:08 / 00:22:10 (5%) A-V:  0.115 Dropped: 45 Cache: 902s/500MB
AV: 00:01:08 / 00:22:10 (5%) A-V:  0.104 Dropped: 46 Cache: 902s/500MB
AV: 00:01:08 / 00:22:10 (5%) A-V:  0.089 Dropped: 47 Cache: 902s/500MB
AV: 00:01:09 / 00:22:10 (5%) A-V:  0.016 ct:  8.005 Cache: 866s/500MB
AV: 00:01:08 / 00:22:10 (5%) A-V:  0.075 Dropped: 48 Cache: 903s/500MB
AV: 00:01:08 / 00:22:10 (5%) A-V:  0.061 Dropped: 49 Cache: 903s/500MB
AV: 00:01:08 / 00:22:10 (5%) A-V:  0.046 Dropped: 50 Cache: 903s/500MB
AV: 00:01:08 / 00:22:10 (5%) A-V:  0.032 Dropped: 51 Cache: 903s/500MB
AV: 00:01:08 / 00:22:10 (5%) A-V:  0.017 Dropped: 52 Cache: 903s/500MB
AV: 00:01:08 / 00:22:10 (5%) A-V:  0.000 Dropped: 53 Cache: 903s/500MB
AV: 00:01:09 / 00:22:10 (5%) A-V:  0.015 ct:  8.006 Cache: 866s/500MB
AV: 00:01:09 / 00:22:10 (5%) A-V:  0.013 ct:  8.008 Cache: 866s/500MB
AV: 00:01:09 / 00:22:10 (5%) A-V:  0.012 ct:  8.009 Cache: 866s/500MB
AV: 00:01:09 / 00:22:10 (5%) A-V:  0.011 ct:  8.010 Cache: 866s/500MB
AV: 00:01:08 / 00:22:10 (5%) A-V:  0.000 Dropped: 53 Cache: 904s/500MB
AV: 00:01:09 / 00:22:10 (5%) A-V:  0.010 ct:  8.011 Cache: 866s/500MB
AV: 00:01:09 / 00:22:10 (5%) A-V:  0.000 Dropped: 37 Cache: 835s/499MB
AV: 00:01:09 / 00:22:10 (5%) A-V:  0.000 Dropped: 37 Cache: 835s/500MB
AV: 00:01:09 / 00:22:10 (5%) A-V:  0.009 ct:  8.012 Cache: 866s/500MB
AV: 00:01:09 / 00:22:10 (5%) A-V:  0.008 ct:  8.013 Cache: 866s/500MB
AV: 00:01:09 / 00:22:10 (5%) A-V:  0.007 ct:  8.014 Cache: 866s/500MB
AV: 00:01:09 / 00:22:10 (5%) A-V:  0.000 Cache: 891s/500MB
AV: 00:01:09 / 00:22:10 (5%) A-V:  0.006 ct:  8.015 Cache: 866s/500MB
AV: 00:01:09 / 00:22:10 (5%) A-V:  0.000 Dropped: 53 Cache: 904s/499MB
AV: 00:01:09 / 00:22:10 (5%) A-V:  0.000 Dropped: 53 Cache: 905s/500MB
AV: 00:01:09 / 00:22:10 (5%) A-V:  0.005 ct:  8.016 Cache: 866s/500MB
AV: 00:01:09 / 00:22:10 (5%) A-V:  0.004 ct:  8.017 Cache: 866s/500MB
AV: 00:01:09 / 00:22:10 (5%) A-V:  0.003 ct:  8.018 Cache: 866s/500MB
AV: 00:01:09 / 00:22:10 (5%) A-V:  0.000 Dropped: 53 Cache: 906s/500MB
AV: 00:01:10 / 00:22:10 (5%) A-V:  0.000 Dropped: 37 Cache: 835s/500MB
AV: 00:01:09 / 00:22:10 (5%) A-V:  0.000 Dropped: 53 Cache: 907s/500MB
AV: 00:01:09 / 00:22:10 (5%) A-V:  0.002 ct:  8.019 Cache: 866s/500MB
AV: 00:01:09 / 00:22:10 (5%) A-V:  0.000 Dropped: 53 Cache: 908s/500MB
AV: 00:01:09 / 00:22:10 (5%) A-V:  0.001 ct:  8.020 Cache: 866s/500MB
AV: 00:01:09 / 00:22:10 (5%) A-V:  0.000 Dropped: 53 Cache: 909s/500MB
AV: 00:01:10 / 00:22:10 (5%) A-V:  0.001 ct:  8.020 Cache: 866s/500MB
AV: 00:01:09 / 00:22:10 (5%) A-V:  0.000 Cache: 890s/500MB
AV: 00:01:09 / 00:22:10 (5%) A-V:  0.000 Dropped: 53 Cache: 910s/500MB
AV: 00:01:10 / 00:22:10 (5%) A-V:  0.000 ct:  8.021 Cache: 866s/500MB
AV: 00:01:09 / 00:22:10 (5%) A-V:  0.000 Dropped: 53 Cache: 911s/500MB
AV: 00:01:10 / 00:22:10 (5%) A-V:  0.000 Dropped: 53 Cache: 911s/500MB
AV: 00:01:10 / 00:22:10 (5%) A-V:  0.000 Cache: 890s/500MB
AV: 00:01:11 / 00:22:10 (5%) A-V:  0.000 Dropped: 37 Cache: 835s/500MB
AV: 00:01:10 / 00:22:10 (5%) A-V:  0.000 Dropped: 53 Cache: 910s/500MB
AV: 00:01:11 / 00:22:10 (5%) A-V:  0.000 ct:  8.021 Cache: 866s/500MB
AV: 00:01:10 / 00:22:10 (5%) A-V:  0.000 Cache: 889s/500MB
AV: 00:01:10 / 00:22:10 (5%) A-V:  0.000 Dropped: 53 Cache: 911s/500MB
AV: 00:01:10 / 00:22:10 (5%) A-V:  0.000 Dropped: 53 Cache: 910s/500MB
AV: 00:01:11 / 00:22:10 (5%) A-V:  0.000 Dropped: 53 Cache: 910s/500MB
AV: 00:01:11 / 00:22:10 (5%) A-V:  0.000 Cache: 889s/500MB
AV: 00:01:11 / 00:22:10 (5%) A-V:  0.000 Dropped: 53 Cache: 911s/500MB
AV: 00:01:12 / 00:22:10 (5%) A-V:  0.000 Dropped: 37 Cache: 835s/500MB
AV: 00:01:12 / 00:22:10 (5%) A-V:  0.000 ct:  8.021 Cache: 866s/500MB
AO: [pipewire] 48000Hz stereo 2ch floatp
AV: 00:01:11 / 00:22:10 (5%) A-V:  0.000 Cache: 889s/500MB
AV: 00:01:11 / 00:22:10 (5%) A-V:  0.181 Cache: 889s/500MB
AV: 00:01:11 / 00:22:10 (5%) A-V:  0.148 Dropped: 1 Cache: 889s/500MB
AV: 00:01:11 / 00:22:10 (5%) A-V:  0.148 Dropped: 2 Cache: 888s/500MB
AV: 00:01:11 / 00:22:10 (5%) A-V:  0.000 Dropped: 2 Cache: 888s/500MB
Using hardware decoding (nvdec).
AV: 00:01:11 / 00:22:10 (5%) A-V:  0.000 Dropped: 2 Cache: 888s/500MB
AV: 00:01:11 / 00:22:10 (5%) A-V:  0.000 Dropped: 2 Cache: 889s/500MB
AV: 00:01:12 / 00:22:10 (5%) A-V:  0.000 Dropped: 37 Cache: 836s/500MB
VO: [gpu] 1280x720 cuda[nv12]
AV: 00:01:11 / 00:22:10 (5%) A-V:  0.000 Dropped: 2 Cache: 889s/500MB
AV: 00:01:12 / 00:22:10 (5%) A-V:  0.000 Dropped: 37 Cache: 835s/500MB
AV: 00:01:11 / 00:22:10 (5%) A-V:  0.000 Cache: 889s/500MB
AV: 00:01:12 / 00:22:10 (5%) A-V:  0.000 Cache: 888s/500MB
[dbx] New chapter 6 
AV: 00:01:12 / 00:22:10 (5%) A-V:  0.000 Cache: 888s/500MB
[dbx] Metadata  
AV: 00:01:12 / 00:22:10 (5%) A-V:  0.000 Cache: 888s/500MB
[dbx] chapter time is  72 
AV: 00:01:12 / 00:22:10 (5%) A-V:  0.000 Cache: 888s/500MB
[dbx] Chapter Length is  12 
AV: 00:01:12 / 00:22:10 (5%) A-V:  0.000 Cache: 888s/500MB
[dbx] record_number was  7 
AV: 00:01:12 / 00:22:10 (5%) A-V:  0.000 Cache: 888s/500MB
AV: 00:01:12 / 00:22:10 (5%) A-V:  0.000 Dropped: 53 Cache: 911s/500MB
AV: 00:01:12 / 00:22:10 (5%) A-V:  0.000 Dropped: 37 Cache: 836s/500MB
AV: 00:01:13 / 00:22:10 (5%) A-V:  0.000 Dropped: 37 Cache: 835s/500MB
AV: 00:01:13 / 00:22:10 (5%) A-V:  0.000 Dropped: 37 Cache: 836s/500MB
AV: 00:01:13 / 00:22:10 (6%) A-V:  0.000 Dropped: 37 Cache: 836s/500MB
AV: 00:01:12 / 00:22:10 (5%) A-V:  0.000 Dropped: 53 Cache: 912s/500MB
AV: 00:01:13 / 00:22:10 (6%) A-V:  0.000 Dropped: 37 Cache: 835s/500MB
AV: 00:01:12 / 00:22:10 (5%) A-V:  0.000 Dropped: 53 Cache: 911s/500MB
AV: 00:01:12 / 00:22:10 (5%) A-V:  0.000 Dropped: 53 Cache: 912s/500MB
AV: 00:01:13 / 00:22:10 (6%) A-V:  0.000 Dropped: 37 Cache: 836s/500MB
AV: 00:01:13 / 00:22:10 (5%) A-V:  0.000 ct:  8.021 Cache: 866s/500MB
AV: 00:01:13 / 00:22:10 (6%) A-V:  0.000 ct:  8.021 Cache: 866s/500MB
AV: 00:01:13 / 00:22:10 (5%) A-V:  0.000 Cache: 888s/500MB
AV: 00:01:13 / 00:22:10 (5%) A-V:  0.000 Dropped: 53 Cache: 912s/500MB
AV: 00:01:13 / 00:22:10 (6%) A-V:  0.000 Cache: 888s/500MB
AV: 00:01:13 / 00:22:10 (6%) A-V:  0.000 Cache: 887s/500MB
AV: 00:01:13 / 00:22:10 (6%) A-V:  0.000 Dropped: 53 Cache: 912s/500MB
AV: 00:01:14 / 00:22:10 (6%) A-V:  0.000 Dropped: 37 Cache: 836s/500MB
Using hardware decoding (nvdec).
AV: 00:01:13 / 00:22:10 (6%) A-V:  0.000 ct:  8.021 Cache: 866s/500MB
AV: 00:01:13 / 00:22:10 (6%) A-V:  0.099 ct:  8.021 Cache: 867s/500MB
VO: [gpu] 1920x1080 cuda[nv12]
AV: 00:01:13 / 00:22:10 (6%) A-V:  0.099 ct:  8.021 Cache: 867s/500MB
AV: 00:01:13 / 00:22:10 (6%) A-V:  0.102 ct:  8.021 Cache: 867s/500MB
AV: 00:01:14 / 00:22:10 (6%) A-V:  0.070 ct:  8.021 Cache: 867s/500MB
AV: 00:01:14 / 00:22:10 (6%) A-V:  0.036 ct:  8.021 Dropped: 1 Cache: 867s/500MB
AV: 00:01:14 / 00:22:10 (6%) A-V:  0.005 ct:  8.021 Dropped: 2 Cache: 867s/500MB
[dbx] New chapter 6 
AV: 00:01:14 / 00:22:10 (6%) A-V:  0.005 ct:  8.021 Dropped: 2 Cache: 867s/500MB
[dbx] Metadata  
AV: 00:01:14 / 00:22:10 (6%) A-V:  0.005 ct:  8.021 Dropped: 2 Cache: 867s/500MB
[dbx] chapter time is  74 
AV: 00:01:14 / 00:22:10 (6%) A-V:  0.005 ct:  8.021 Dropped: 2 Cache: 867s/500MB
[dbx] Chapter Length is  19 
AV: 00:01:14 / 00:22:10 (6%) A-V:  0.005 ct:  8.021 Dropped: 2 Cache: 867s/500MB
[dbx] record_number was  7 
AV: 00:01:14 / 00:22:10 (6%) A-V:  0.005 ct:  8.021 Dropped: 2 Cache: 867s/500MB
AV: 00:01:14 / 00:22:10 (6%) A-V:  0.000 ct:  8.021 Dropped: 2 Cache: 867s/500MB
AV: 00:01:14 / 00:22:10 (6%) A-V:  0.000 Cache: 887s/500MB
AV: 00:01:14 / 00:22:10 (6%) A-V:  0.000 Dropped: 53 Cache: 912s/500MB
AV: 00:01:15 / 00:22:10 (6%) A-V:  0.000 Dropped: 37 Cache: 836s/500MB
AV: 00:01:14 / 00:22:10 (6%) A-V:  0.000 ct:  8.021 Dropped: 2 Cache: 866s/500MB
AV: 00:01:14 / 00:22:10 (6%) A-V:  0.000 Cache: 886s/500MB
AV: 00:01:15 / 00:22:10 (6%) A-V:  0.000 ct:  8.021 Dropped: 2 Cache: 866s/500MB
AV: 00:01:15 / 00:22:10 (6%) A-V:  0.000 Dropped: 37 Cache: 837s/500MB
AV: 00:01:15 / 00:22:10 (6%) A-V:  0.000 Cache: 886s/500MB
AV: 00:01:15 / 00:22:10 (6%) A-V:  0.000 Dropped: 53 Cache: 912s/500MB
AO: [pipewire] 44100Hz stereo 2ch floatp
AV: 00:01:15 / 00:22:10 (6%) A-V:  0.000 Dropped: 37 Cache: 837s/500MB
AV: 00:01:15 / 00:22:10 (6%) A-V:  0.183 Dropped: 37 Cache: 836s/500MB
AV: 00:01:15 / 00:22:10 (6%) A-V:  0.000 Dropped: 38 Cache: 836s/500MB
Using hardware decoding (nvdec).
AV: 00:01:15 / 00:22:10 (6%) A-V:  0.000 Dropped: 38 Cache: 836s/500MB
AV: 00:01:15 / 00:22:10 (6%) A-V:  0.031 Dropped: 38 Cache: 837s/500MB
VO: [gpu] 640x360 cuda[nv12]
AV: 00:01:15 / 00:22:10 (6%) A-V:  0.031 Dropped: 38 Cache: 837s/500MB
AV: 00:01:15 / 00:22:10 (6%) A-V:  0.018 Cache: 837s/500MB
AV: 00:01:16 / 00:22:10 (6%) A-V:  0.000 Cache: 837s/500MB
[dbx] New chapter 5 
AV: 00:01:16 / 00:22:10 (6%) A-V:  0.000 Cache: 837s/500MB
[dbx] Metadata  
AV: 00:01:16 / 00:22:10 (6%) A-V:  0.000 Cache: 837s/500MB
[dbx] chapter time is  76 
AV: 00:01:16 / 00:22:10 (6%) A-V:  0.000 Cache: 837s/500MB
[dbx] Chapter Length is  14 
AV: 00:01:16 / 00:22:10 (6%) A-V:  0.000 Cache: 837s/500MB
[dbx] record_number was  6 
AV: 00:01:16 / 00:22:10 (6%) A-V:  0.000 Cache: 837s/500MB
AV: 00:01:15 / 00:22:10 (6%) A-V:  0.000 Cache: 885s/500MB
AV: 00:01:16 / 00:22:10 (6%) A-V:  0.000 ct:  8.021 Dropped: 2 Cache: 866s/500MB
AV: 00:01:16 / 00:22:10 (6%) A-V:  0.000 ct:  8.021 Dropped: 2 Cache: 865s/500MB
AV: 00:01:16 / 00:22:10 (6%) A-V:  0.000 Cache: 885s/500MB
AV: 00:01:16 / 00:22:10 (6%) A-V:  0.000 Dropped: 53 Cache: 912s/500MB
AV: 00:01:16 / 00:22:10 (6%) A-V:  0.000 Cache: 836s/500MB
AV: 00:01:17 / 00:22:10 (6%) A-V:  0.000 Cache: 836s/500MB
AV: 00:01:17 / 00:22:10 (6%) A-V:  0.000 ct:  8.021 Dropped: 2 Cache: 865s/500MB
AV: 00:01:16 / 00:22:10 (6%) A-V:  0.000 Cache: 884s/500MB
AV: 00:01:17 / 00:22:10 (6%) A-V:  0.000 ct:  8.021 Dropped: 2 Cache: 864s/500MB
AV: 00:01:17 / 00:22:10 (6%) A-V:  0.000 Cache: 884s/500MB
AV: 00:01:17 / 00:22:10 (6%) A-V:  0.000 Dropped: 53 Cache: 912s/500MB
AV: 00:01:17 / 00:22:10 (6%) A-V:  0.000 Cache: 835s/500MB
AV: 00:01:18 / 00:22:10 (6%) A-V:  0.000 Cache: 835s/500MB
AV: 00:01:17 / 00:22:10 (6%) A-V:  0.000 Cache: 884s/499MB
AV: 00:01:17 / 00:22:10 (6%) A-V:  0.000 Cache: 884s/500MB
AV: 00:01:18 / 00:22:10 (6%) A-V:  0.000 ct:  8.021 Dropped: 2 Cache: 864s/500MB
AV: 00:01:18 / 00:22:10 (6%) A-V:  0.000 Cache: 884s/500MB
AV: 00:01:18 / 00:22:10 (6%) A-V:  0.000 Dropped: 53 Cache: 912s/500MB
AV: 00:01:18 / 00:22:10 (6%) A-V:  0.000 ct:  8.021 Dropped: 2 Cache: 863s/500MB
AV: 00:01:18 / 00:22:10 (6%) A-V:  0.000 Cache: 883s/500MB
AV: 00:01:18 / 00:22:10 (6%) A-V:  0.000 Cache: 884s/500MB
AV: 00:01:18 / 00:22:10 (6%) A-V:  0.000 Cache: 883s/500MB
AV: 00:01:19 / 00:22:10 (6%) A-V:  0.000 Cache: 835s/500MB
AV: 00:01:19 / 00:22:10 (6%) A-V:  0.000 Cache: 834s/500MB
AV: 00:01:19 / 00:22:10 (6%) A-V:  0.000 ct:  8.021 Dropped: 2 Cache: 863s/500MB
AV: 00:01:19 / 00:22:10 (6%) A-V:  0.000 Cache: 883s/500MB
Using hardware decoding (nvdec).
AV: 00:01:18 / 00:22:10 (6%) A-V:  0.000 Dropped: 53 Cache: 912s/500MB
AV: 00:01:18 / 00:22:10 (6%) A-V:  0.077 Dropped: 53 Cache: 913s/500MB
VO: [gpu] 1920x1080 cuda[nv12]
AV: 00:01:18 / 00:22:10 (6%) A-V:  0.077 Dropped: 53 Cache: 913s/500MB
AV: 00:01:18 / 00:22:10 (6%) A-V:  0.101 Cache: 913s/500MB
AV: 00:01:19 / 00:22:10 (6%) A-V:  0.069 Cache: 913s/500MB
AV: 00:01:19 / 00:22:10 (6%) A-V:  0.036 Dropped: 1 Cache: 913s/500MB
[dbx] New chapter 6 
AV: 00:01:19 / 00:22:10 (6%) A-V:  0.036 Dropped: 1 Cache: 913s/500MB
[dbx] Metadata  
AV: 00:01:19 / 00:22:10 (6%) A-V:  0.036 Dropped: 1 Cache: 913s/500MB
[dbx] chapter time is  79 
AV: 00:01:19 / 00:22:10 (6%) A-V:  0.036 Dropped: 1 Cache: 913s/500MB
[dbx] Chapter Length is  11 
AV: 00:01:19 / 00:22:10 (6%) A-V:  0.036 Dropped: 1 Cache: 913s/500MB
[dbx] record_number was  7 
AV: 00:01:19 / 00:22:10 (6%) A-V:  0.036 Dropped: 1 Cache: 913s/500MB
AV: 00:01:19 / 00:22:10 (6%) A-V:  0.004 Dropped: 2 Cache: 913s/500MB
AV: 00:01:19 / 00:22:10 (6%) A-V:  0.000 Dropped: 2 Cache: 913s/500MB
AV: 00:01:20 / 00:22:10 (6%) A-V:  0.000 Cache: 834s/500MB
AV: 00:01:19 / 00:22:10 (6%) A-V:  0.000 ct:  8.021 Dropped: 2 Cache: 862s/500MB
AV: 00:01:19 / 00:22:10 (6%) A-V:  0.000 Cache: 882s/500MB
AV: 00:01:20 / 00:22:10 (6%) A-V:  0.000 ct:  8.021 Dropped: 2 Cache: 862s/500MB
AV: 00:01:20 / 00:22:10 (6%) A-V:  0.000 Cache: 833s/500MB
AV: 00:01:19 / 00:22:10 (6%) A-V:  0.000 Dropped: 2 Cache: 912s/500MB
AV: 00:01:20 / 00:22:10 (6%) A-V:  0.000 Cache: 882s/500MB
AV: 00:01:20 / 00:22:10 (6%) A-V:  0.000 Dropped: 2 Cache: 912s/500MB
AV: 00:01:21 / 00:22:10 (6%) A-V:  0.000 Cache: 833s/500MB
AV: 00:01:21 / 00:22:10 (6%) A-V:  0.000 ct:  8.021 Dropped: 2 Cache: 862s/500MB
AV: 00:01:21 / 00:22:10 (6%) A-V:  0.000 Cache: 832s/500MB
AV: 00:01:21 / 00:22:10 (6%) A-V:  0.000 ct:  8.021 Dropped: 2 Cache: 861s/500MB
AV: 00:01:20 / 00:22:10 (6%) A-V:  0.000 Cache: 881s/500MB
AV: 00:01:21 / 00:22:10 (6%) A-V:  0.000 Cache: 881s/500MB
AV: 00:01:21 / 00:22:10 (6%) A-V:  0.000 Dropped: 2 Cache: 912s/500MB
AV: 00:01:22 / 00:22:10 (6%) A-V:  0.000 Cache: 832s/500MB
AV: 00:01:21 / 00:22:10 (6%) A-V:  0.000 Dropped: 2 Cache: 911s/500MB
AV: 00:01:22 / 00:22:10 (6%) A-V:  0.000 ct:  8.021 Dropped: 2 Cache: 861s/500MB
AV: 00:01:22 / 00:22:10 (6%) A-V:  0.000 Cache: 831s/500MB
Using hardware decoding (nvdec).
AV: 00:01:21 / 00:22:10 (6%) A-V:  0.000 Cache: 881s/500MB
AV: 00:01:22 / 00:22:10 (6%) A-V:  0.000 ct:  8.021 Dropped: 2 Cache: 860s/500MB
AV: 00:01:22 / 00:22:10 (6%) A-V:  0.000 Dropped: 2 Cache: 911s/500MB
AV: 00:01:21 / 00:22:10 (6%) A-V:  0.069 Cache: 881s/500MB
VO: [gpu] 1920x1080 cuda[nv12]
AV: 00:01:21 / 00:22:10 (6%) A-V:  0.069 Cache: 881s/500MB
AV: 00:01:22 / 00:22:10 (6%) A-V:  0.036 Cache: 881s/500MB
AV: 00:01:22 / 00:22:10 (6%) A-V:  0.004 Dropped: 1 Cache: 881s/500MB
AV: 00:01:22 / 00:22:10 (6%) A-V:  0.000 Dropped: 1 Cache: 881s/500MB
[dbx] New chapter 7 
AV: 00:01:22 / 00:22:10 (6%) A-V:  0.000 Dropped: 1 Cache: 881s/500MB
[dbx] Metadata  
AV: 00:01:22 / 00:22:10 (6%) A-V:  0.000 Dropped: 1 Cache: 881s/500MB
[dbx] chapter time is  82 
AV: 00:01:22 / 00:22:10 (6%) A-V:  0.000 Dropped: 1 Cache: 881s/500MB
[dbx] Chapter Length is  10 
AV: 00:01:22 / 00:22:10 (6%) A-V:  0.000 Dropped: 1 Cache: 881s/500MB
[dbx] record_number was  8 
AV: 00:01:22 / 00:22:10 (6%) A-V:  0.000 Dropped: 1 Cache: 881s/500MB
AV: 00:01:23 / 00:22:10 (6%) A-V:  0.000 Cache: 831s/500MB
AV: 00:01:23 / 00:22:10 (6%) A-V:  0.000 ct:  8.021 Dropped: 2 Cache: 860s/500MB
AV: 00:01:23 / 00:22:10 (6%) A-V:  0.000 Cache: 830s/500MB
AV: 00:01:23 / 00:22:10 (6%) A-V:  0.000 Dropped: 2 Cache: 911s/500MB
AV: 00:01:23 / 00:22:10 (6%) A-V:  0.000 Dropped: 1 Cache: 881s/500MB
AV: 00:01:23 / 00:22:10 (6%) A-V:  0.000 Dropped: 1 Cache: 880s/500MB
Invalid audio PTS: 83.999979 -> 93.999977
AV: 00:01:23 / 00:22:10 (6%) A-V:  0.000 ct:  8.021 Dropped: 2 Cache: 860s/500MB
Reset playback due to audio timestamp reset.
AV: 00:01:23 / 00:22:10 (6%) A-V:  0.000 ct:  8.021 Dropped: 2 Cache: 860s/500MB
Using hardware decoding (nvdec).
AV: 00:01:23 / 00:22:10 (6%) A-V:  0.000 ct:  8.021 Dropped: 2 Cache: 860s/500MB
(...) AV: 00:00:00 / 00:22:10 (0%) A-V:  0.000 Cache: 851s/500MB
AV: 00:01:24 / 00:22:10 (6%) A-V:  0.000 Cache: 830s/500MB
[dbx] New chapter 0 
(...) AV: 00:00:00 / 00:22:10 (0%) A-V:  0.000 Cache: 851s/500MB
[dbx] Metadata  
(...) AV: 00:00:00 / 00:22:10 (0%) A-V:  0.000 Cache: 851s/500MB
[dbx] chapter time is  0 
(...) AV: 00:00:00 / 00:22:10 (0%) A-V:  0.000 Cache: 851s/500MB
[dbx] Chapter Length is  -44 
(...) AV: 00:00:00 / 00:22:10 (0%) A-V:  0.000 Cache: 851s/500MB
[dbx] record_number was  1 
(...) AV: 00:00:00 / 00:22:10 (0%) A-V:  0.000 Cache: 851s/500MB
AO: [pipewire] 44100Hz stereo 2ch floatp
(...) AV: 00:00:00 / 00:22:10 (0%) A-V:  0.000 Cache: 851s/500MB
AV: 00:01:24 / 00:22:10 (6%) A-V:  0.000 Cache: 850s/500MB
[dbx] New chapter 7 
AV: 00:01:24 / 00:22:10 (6%) A-V:  0.000 Cache: 850s/500MB
[dbx] Metadata  
AV: 00:01:24 / 00:22:10 (6%) A-V:  0.000 Cache: 850s/500MB
[dbx] chapter time is  84 
AV: 00:01:24 / 00:22:10 (6%) A-V:  0.000 Cache: 850s/500MB
[dbx] Chapter Length is  54 
AV: 00:01:24 / 00:22:10 (6%) A-V:  0.000 Cache: 850s/500MB
[dbx] record_number was  8 
AV: 00:01:24 / 00:22:10 (6%) A-V:  0.000 Cache: 850s/500MB
AV: 00:01:24 / 00:22:10 (6%) A-V:  0.000 Cache: 851s/500MB
AV: 00:01:24 / 00:22:10 (6%) A-V:  0.000 ct:  0.064 Cache: 851s/500MB
AV: 00:01:24 / 00:22:10 (6%) A-V:  0.000 ct:  0.080 Cache: 851s/500MB
AV: 00:01:24 / 00:22:10 (6%) A-V:  0.000 ct:  0.096 Cache: 851s/500MB
AV: 00:01:24 / 00:22:10 (6%) A-V:  0.000 ct:  0.112 Cache: 851s/500MB
AV: 00:01:24 / 00:22:10 (6%) A-V:  0.000 ct:  0.128 Cache: 851s/500MB
AV: 00:01:24 / 00:22:10 (6%) A-V:  0.000 ct:  0.144 Cache: 851s/500MB
AV: 00:01:24 / 00:22:10 (6%) A-V:  0.000 ct:  0.160 Cache: 851s/500MB
AV: 00:01:24 / 00:22:10 (6%) A-V:  0.000 ct:  0.176 Cache: 851s/500MB
AV: 00:01:24 / 00:22:10 (6%) A-V:  0.000 ct:  0.192 Cache: 851s/500MB
AV: 00:01:24 / 00:22:10 (6%) A-V:  0.000 ct:  0.208 Cache: 851s/500MB
AV: 00:01:24 / 00:22:10 (6%) A-V:  0.000 Dropped: 2 Cache: 911s/500MB
AV: 00:01:24 / 00:22:10 (6%) A-V:  0.000 Dropped: 1 Cache: 880s/500MB
AV: 00:01:24 / 00:22:10 (6%) A-V:  0.000 Cache: 829s/500MB
AV: 00:01:24 / 00:22:10 (6%) A-V:  0.000 ct:  0.224 Cache: 851s/500MB
AV: 00:01:24 / 00:22:10 (6%) A-V:  0.000 Dropped: 2 Cache: 910s/500MB
AV: 00:01:24 / 00:22:10 (6%) A-V:  0.000 ct:  0.240 Cache: 851s/500MB
AV: 00:01:24 / 00:22:10 (6%) A-V:  0.000 ct:  0.256 Cache: 851s/500MB
AV: 00:01:24 / 00:22:10 (6%) A-V:  0.000 ct:  0.272 Cache: 851s/500MB
AV: 00:01:24 / 00:22:10 (6%) A-V:  0.000 ct:  0.288 Cache: 851s/500MB
AV: 00:01:24 / 00:22:10 (6%) A-V:  0.000 ct:  0.304 Cache: 851s/500MB
AV: 00:01:24 / 00:22:10 (6%) A-V:  0.000 ct:  0.320 Cache: 851s/500MB
AV: 00:01:24 / 00:22:10 (6%) A-V:  0.000 ct:  0.336 Cache: 851s/500MB
AV: 00:01:25 / 00:22:10 (6%) A-V:  0.000 Cache: 829s/500MB
AV: 00:01:24 / 00:22:10 (6%) A-V:  0.000 ct:  0.352 Cache: 851s/500MB
AV: 00:01:24 / 00:22:10 (6%) A-V:  0.000 ct:  0.368 Cache: 851s/500MB
AV: 00:01:25 / 00:22:10 (6%) A-V:  0.000 ct:  0.384 Cache: 851s/500MB
AV: 00:01:25 / 00:22:10 (6%) A-V:  0.000 ct:  0.400 Cache: 851s/500MB
AV: 00:01:25 / 00:22:10 (6%) A-V:  0.000 ct:  0.416 Cache: 851s/500MB
AV: 00:01:25 / 00:22:10 (6%) A-V:  0.000 ct:  0.432 Cache: 851s/500MB
AV: 00:01:25 / 00:22:10 (6%) A-V:  0.000 ct:  0.448 Cache: 851s/500MB
AV: 00:01:24 / 00:22:10 (6%) A-V:  0.000 Dropped: 1 Cache: 879s/500MB
AV: 00:01:25 / 00:22:10 (6%) A-V:  0.000 ct:  0.464 Cache: 851s/500MB
AV: 00:01:25 / 00:22:10 (6%) A-V:  0.000 ct:  0.480 Cache: 851s/500MB
AV: 00:01:25 / 00:22:10 (6%) A-V:  0.000 ct:  0.496 Cache: 851s/500MB
AV: 00:01:25 / 00:22:10 (6%) A-V:  0.000 ct:  0.512 Cache: 851s/500MB
AV: 00:01:25 / 00:22:10 (6%) A-V:  0.000 ct:  0.528 Cache: 851s/500MB
AV: 00:01:25 / 00:22:10 (6%) A-V:  0.000 ct:  0.544 Cache: 851s/500MB
AV: 00:01:25 / 00:22:10 (6%) A-V:  0.000 ct:  0.560 Cache: 851s/500MB
AV: 00:01:25 / 00:22:10 (6%) A-V:  0.000 ct:  0.576 Cache: 851s/500MB
AV: 00:01:25 / 00:22:10 (6%) A-V:  0.000 ct:  0.592 Cache: 851s/500MB
AV: 00:01:25 / 00:22:10 (6%) A-V:  0.000 ct:  0.608 Cache: 851s/500MB
Using hardware decoding (nvdec).
AV: 00:01:24 / 00:22:10 (6%) A-V:  0.000 Dropped: 2 Cache: 910s/500MB
AV: 00:01:25 / 00:22:10 (6%) A-V:  0.000 Dropped: 1 Cache: 879s/500MB
AV: 00:01:24 / 00:22:10 (6%) A-V:  0.000 Dropped: 2 Cache: 911s/500MB
AV: 00:01:25 / 00:22:10 (6%) A-V:  0.000 Cache: 828s/500MB
AV: 00:01:25 / 00:22:10 (6%) A-V:  0.000 ct:  0.624 Cache: 851s/500MB
AV: 00:01:24 / 00:22:10 (6%) A-V:  0.059 Dropped: 2 Cache: 911s/500MB
AV: 00:01:24 / 00:22:10 (6%) A-V:  0.027 Dropped: 3 Cache: 911s/500MB
AV: 00:01:25 / 00:22:10 (6%) A-V:  0.000 Dropped: 4 Cache: 911s/500MB
[dbx] New chapter 7 
AV: 00:01:25 / 00:22:10 (6%) A-V:  0.000 Dropped: 4 Cache: 911s/500MB
[dbx] Metadata  
AV: 00:01:25 / 00:22:10 (6%) A-V:  0.000 Dropped: 4 Cache: 911s/500MB
[dbx] chapter time is  85 
AV: 00:01:25 / 00:22:10 (6%) A-V:  0.000 Dropped: 4 Cache: 911s/500MB
[dbx] Chapter Length is  6 
AV: 00:01:25 / 00:22:10 (6%) A-V:  0.000 Dropped: 4 Cache: 911s/500MB
[dbx] record_number was  8 
AV: 00:01:25 / 00:22:10 (6%) A-V:  0.000 Dropped: 4 Cache: 911s/500MB
AV: 00:01:25 / 00:22:10 (6%) A-V:  0.000 ct:  0.640 Cache: 851s/500MB
AV: 00:01:25 / 00:22:10 (6%) A-V:  0.000 ct:  0.656 Cache: 851s/500MB
AV: 00:01:25 / 00:22:10 (6%) A-V:  0.000 ct:  0.672 Cache: 851s/500MB
AV: 00:01:25 / 00:22:10 (6%) A-V:  0.000 ct:  0.688 Cache: 851s/500MB
AV: 00:01:25 / 00:22:10 (6%) A-V:  0.000 ct:  0.704 Cache: 851s/500MB
AV: 00:01:25 / 00:22:10 (6%) A-V:  0.000 ct:  0.720 Cache: 851s/500MB
AV: 00:01:25 / 00:22:10 (6%) A-V:  0.000 ct:  0.736 Cache: 851s/500MB
AV: 00:01:26 / 00:22:10 (6%) A-V:  0.000 Cache: 828s/500MB
AV: 00:01:25 / 00:22:10 (6%) A-V:  0.000 ct:  0.752 Cache: 851s/500MB
AV: 00:01:25 / 00:22:10 (6%) A-V:  0.000 ct:  0.768 Cache: 851s/500MB
AV: 00:01:26 / 00:22:10 (6%) A-V:  0.000 ct:  0.784 Cache: 851s/500MB
AV: 00:01:26 / 00:22:10 (6%) A-V:  0.000 ct:  0.800 Cache: 851s/500MB
AV: 00:01:26 / 00:22:10 (6%) A-V:  0.000 ct:  0.816 Cache: 851s/500MB
AV: 00:01:25 / 00:22:10 (6%) A-V:  0.000 Dropped: 4 Cache: 910s/500MB
AV: 00:01:26 / 00:22:10 (6%) A-V:  0.000 ct:  0.832 Cache: 851s/500MB
AV: 00:01:26 / 00:22:10 (6%) A-V:  0.000 ct:  0.848 Cache: 851s/500MB
AV: 00:01:26 / 00:22:10 (6%) A-V:  0.000 ct:  0.864 Cache: 851s/500MB
AV: 00:01:26 / 00:22:10 (6%) A-V:  0.000 ct:  0.880 Cache: 851s/500MB
AV: 00:01:26 / 00:22:10 (6%) A-V:  0.000 ct:  0.896 Cache: 851s/500MB
AV: 00:01:26 / 00:22:10 (6%) A-V:  0.000 ct:  0.912 Cache: 851s/500MB
AV: 00:01:25 / 00:22:10 (6%) A-V:  0.000 Dropped: 1 Cache: 878s/500MB
AV: 00:01:26 / 00:22:10 (7%) A-V:  0.000 Cache: 828s/500MB
AV: 00:01:26 / 00:22:10 (6%) A-V:  0.000 ct:  0.928 Cache: 851s/500MB
AV: 00:01:26 / 00:22:10 (6%) A-V:  0.000 ct:  0.944 Cache: 851s/500MB
AV: 00:01:26 / 00:22:10 (6%) A-V:  0.000 ct:  0.960 Cache: 851s/500MB
AV: 00:01:26 / 00:22:10 (7%) A-V:  0.000 ct:  0.976 Cache: 851s/500MB
AV: 00:01:26 / 00:22:10 (7%) A-V:  0.000 ct:  0.992 Cache: 851s/500MB
AV: 00:01:26 / 00:22:10 (7%) A-V:  0.000 ct:  1.008 Cache: 851s/500MB
AV: 00:01:26 / 00:22:10 (6%) A-V:  0.000 Dropped: 4 Cache: 910s/500MB
AV: 00:01:26 / 00:22:10 (6%) A-V:  0.000 Dropped: 1 Cache: 878s/500MB
AV: 00:01:26 / 00:22:10 (7%) A-V:  0.000 ct:  1.024 Cache: 851s/500MB
AV: 00:01:26 / 00:22:10 (7%) A-V:  0.000 ct:  1.040 Cache: 851s/500MB
AV: 00:01:26 / 00:22:10 (7%) A-V:  0.000 ct:  1.056 Cache: 851s/500MB
AV: 00:01:26 / 00:22:10 (7%) A-V:  0.000 Cache: 827s/500MB
AV: 00:01:26 / 00:22:10 (7%) A-V:  0.000 ct:  1.072 Cache: 851s/500MB
AV: 00:01:26 / 00:22:10 (7%) A-V:  0.000 ct:  1.088 Cache: 851s/500MB
AV: 00:01:26 / 00:22:10 (7%) A-V:  0.000 ct:  1.104 Cache: 851s/500MB
AV: 00:01:26 / 00:22:10 (7%) A-V:  0.000 ct:  1.120 Cache: 851s/500MB
AV: 00:01:26 / 00:22:10 (7%) A-V:  0.000 ct:  1.136 Cache: 851s/500MB
AV: 00:01:27 / 00:22:10 (7%) A-V:  0.000 Cache: 827s/500MB
AV: 00:01:26 / 00:22:10 (7%) A-V:  0.000 ct:  1.152 Cache: 851s/500MB
AV: 00:01:26 / 00:22:10 (7%) A-V:  0.000 ct:  1.168 Cache: 851s/500MB
AV: 00:01:27 / 00:22:10 (7%) A-V:  0.000 ct:  1.184 Cache: 851s/500MB
AV: 00:01:27 / 00:22:10 (7%) A-V:  0.000 ct:  1.200 Cache: 851s/500MB
AV: 00:01:26 / 00:22:10 (7%) A-V:  0.000 Dropped: 4 Cache: 910s/500MB
AV: 00:01:26 / 00:22:10 (7%) A-V:  0.000 Dropped: 1 Cache: 878s/500MB
AV: 00:01:27 / 00:22:10 (7%) A-V:  0.000 ct:  1.216 Cache: 851s/500MB
AV: 00:01:27 / 00:22:10 (7%) A-V:  0.000 ct:  1.232 Cache: 851s/500MB
AV: 00:01:27 / 00:22:10 (7%) A-V:  0.000 ct:  1.248 Cache: 851s/500MB
AV: 00:01:27 / 00:22:10 (7%) A-V:  0.000 ct:  1.264 Cache: 851s/500MB
AV: 00:01:27 / 00:22:10 (7%) A-V:  0.000 ct:  1.280 Cache: 851s/500MB
AV: 00:01:27 / 00:22:10 (7%) A-V:  0.000 ct:  1.296 Cache: 851s/500MB
AV: 00:01:27 / 00:22:10 (7%) A-V:  0.000 ct:  1.312 Cache: 851s/500MB
AV: 00:01:27 / 00:22:10 (7%) A-V:  0.000 ct:  1.328 Cache: 851s/500MB
AV: 00:01:26 / 00:22:10 (7%) A-V:  0.000 Dropped: 4 Cache: 909s/500MB
AV: 00:01:27 / 00:22:10 (7%) A-V:  0.000 ct:  1.344 Cache: 851s/500MB
AV: 00:01:27 / 00:22:10 (7%) A-V:  0.000 ct:  1.360 Cache: 851s/500MB
AV: 00:01:27 / 00:22:10 (7%) A-V:  0.000 ct:  1.376 Cache: 851s/500MB
AV: 00:01:27 / 00:22:10 (7%) A-V:  0.000 ct:  1.392 Cache: 851s/500MB
AV: 00:01:27 / 00:22:10 (7%) A-V:  0.000 ct:  1.408 Cache: 851s/500MB
AV: 00:01:27 / 00:22:10 (7%) A-V:  0.000 Dropped: 4 Cache: 909s/500MB
AV: 00:01:27 / 00:22:10 (7%) A-V:  0.000 Dropped: 1 Cache: 878s/500MB
AV: 00:01:27 / 00:22:10 (7%) A-V:  0.000 ct:  1.424 Cache: 851s/500MB
AV: 00:01:27 / 00:22:10 (7%) A-V:  0.000 ct:  1.440 Cache: 851s/500MB
AV: 00:01:27 / 00:22:10 (7%) A-V:  0.000 ct:  1.456 Cache: 851s/500MB
AV: 00:01:27 / 00:22:10 (7%) A-V:  0.000 Dropped: 1 Cache: 877s/500MB
AV: 00:01:27 / 00:22:10 (7%) A-V:  0.000 ct:  1.472 Cache: 851s/500MB
AV: 00:01:27 / 00:22:10 (7%) A-V:  0.000 ct:  1.488 Cache: 851s/500MB
AV: 00:01:27 / 00:22:10 (7%) A-V:  0.000 ct:  1.504 Cache: 851s/500MB
AV: 00:01:27 / 00:22:10 (7%) A-V:  0.000 ct:  1.520 Cache: 851s/500MB
AV: 00:01:27 / 00:22:10 (7%) A-V:  0.000 Cache: 826s/500MB
AV: 00:01:27 / 00:22:10 (7%) A-V:  0.000 ct:  1.536 Cache: 851s/500MB
AV: 00:01:28 / 00:22:10 (7%) A-V:  0.000 Cache: 826s/500MB
AV: 00:01:27 / 00:22:10 (7%) A-V:  0.000 ct:  1.552 Cache: 851s/500MB
AV: 00:01:27 / 00:22:10 (7%) A-V:  0.000 ct:  1.568 Cache: 851s/500MB
AV: 00:01:28 / 00:22:10 (7%) A-V:  0.000 ct:  1.584 Cache: 851s/500MB
AV: 00:01:28 / 00:22:10 (7%) A-V:  0.000 ct:  1.600 Cache: 851s/500MB
AV: 00:01:28 / 00:22:10 (7%) A-V:  0.000 ct:  1.616 Cache: 851s/500MB
AV: 00:01:28 / 00:22:10 (7%) A-V:  0.000 ct:  1.632 Cache: 851s/500MB
AV: 00:01:28 / 00:22:10 (7%) A-V:  0.000 ct:  1.648 Cache: 851s/500MB
AV: 00:01:28 / 00:22:10 (7%) A-V:  0.000 ct:  1.664 Cache: 851s/500MB
AV: 00:01:28 / 00:22:10 (7%) A-V:  0.000 ct:  1.680 Cache: 851s/500MB
AV: 00:01:28 / 00:22:10 (7%) A-V:  0.000 ct:  1.696 Cache: 851s/500MB
AV: 00:01:28 / 00:22:10 (7%) A-V:  0.000 ct:  1.712 Cache: 851s/500MB
AV: 00:01:28 / 00:22:10 (7%) A-V:  0.000 ct:  1.728 Cache: 851s/500MB
AV: 00:01:28 / 00:22:10 (7%) A-V:  0.000 ct:  1.744 Cache: 851s/500MB
AV: 00:01:28 / 00:22:10 (7%) A-V:  0.000 ct:  1.760 Cache: 851s/500MB
AV: 00:01:27 / 00:22:10 (7%) A-V:  0.000 Dropped: 4 Cache: 908s/500MB
AV: 00:01:27 / 00:22:10 (7%) A-V:  0.000 Dropped: 4 Cache: 909s/500MB
AV: 00:01:28 / 00:22:10 (7%) A-V:  0.000 ct:  1.776 Cache: 851s/500MB
AV: 00:01:27 / 00:22:10 (7%) A-V:  0.000 Dropped: 4 Cache: 908s/500MB
AV: 00:01:28 / 00:22:10 (7%) A-V:  0.000 ct:  1.792 Cache: 851s/500MB
AV: 00:01:28 / 00:22:10 (7%) A-V:  0.000 ct:  1.808 Cache: 851s/500MB
AV: 00:01:28 / 00:22:10 (7%) A-V:  0.000 Dropped: 4 Cache: 908s/500MB
AV: 00:01:28 / 00:22:10 (7%) A-V:  0.000 Dropped: 1 Cache: 877s/500MB
AV: 00:01:28 / 00:22:10 (7%) A-V:  0.000 ct:  1.824 Cache: 851s/500MB
AV: 00:01:28 / 00:22:10 (7%) A-V:  0.000 ct:  1.840 Cache: 851s/500MB
AV: 00:01:28 / 00:22:10 (7%) A-V:  0.000 ct:  1.856 Cache: 851s/500MB
AV: 00:01:28 / 00:22:10 (7%) A-V:  0.000 ct:  1.872 Cache: 851s/500MB
AV: 00:01:28 / 00:22:10 (7%) A-V:  0.000 ct:  1.888 Cache: 851s/500MB
AV: 00:01:28 / 00:22:10 (7%) A-V:  0.000 ct:  1.904 Cache: 851s/500MB
AV: 00:01:28 / 00:22:10 (7%) A-V:  0.000 ct:  1.920 Cache: 851s/500MB
AV: 00:01:28 / 00:22:10 (7%) A-V:  0.000 ct:  1.936 Cache: 851s/500MB
AV: 00:01:29 / 00:22:10 (7%) A-V:  0.000 Cache: 826s/500MB
AV: 00:01:28 / 00:22:10 (7%) A-V:  0.000 ct:  1.952 Cache: 851s/500MB
AV: 00:01:28 / 00:22:10 (7%) A-V:  0.000 ct:  1.968 Cache: 851s/500MB
AV: 00:01:29 / 00:22:10 (7%) A-V:  0.000 Cache: 825s/500MB
AV: 00:01:29 / 00:22:10 (7%) A-V:  0.000 ct:  1.984 Cache: 851s/500MB
AV: 00:01:28 / 00:22:10 (7%) A-V:  0.000 Dropped: 1 Cache: 876s/500MB
AV: 00:01:29 / 00:22:10 (7%) A-V:  0.000 ct:  2.000 Cache: 851s/500MB
AV: 00:01:29 / 00:22:10 (7%) A-V:  0.000 ct:  2.016 Cache: 851s/500MB
AV: 00:01:29 / 00:22:10 (7%) A-V:  0.000 ct:  2.032 Cache: 851s/500MB
AV: 00:01:29 / 00:22:10 (7%) A-V:  0.000 ct:  2.048 Cache: 851s/500MB
AV: 00:01:29 / 00:22:10 (7%) A-V:  0.000 ct:  2.064 Cache: 851s/500MB
AV: 00:01:29 / 00:22:10 (7%) A-V:  0.000 ct:  2.080 Cache: 851s/500MB
AV: 00:01:29 / 00:22:10 (7%) A-V:  0.000 ct:  2.096 Cache: 851s/500MB
AV: 00:01:29 / 00:22:10 (7%) A-V:  0.000 ct:  2.112 Cache: 851s/500MB
AV: 00:01:29 / 00:22:10 (7%) A-V:  0.000 ct:  2.128 Cache: 851s/500MB
AV: 00:01:29 / 00:22:10 (7%) A-V:  0.000 ct:  2.144 Cache: 851s/500MB
AV: 00:01:29 / 00:22:10 (7%) A-V:  0.000 ct:  2.160 Cache: 851s/500MB
AV: 00:01:29 / 00:22:10 (7%) A-V:  0.000 ct:  2.176 Cache: 851s/500MB
AV: 00:01:29 / 00:22:10 (7%) A-V:  0.000 ct:  2.192 Cache: 851s/500MB
AV: 00:01:29 / 00:22:10 (7%) A-V:  0.000 ct:  2.208 Cache: 851s/500MB
AV: 00:01:29 / 00:22:10 (7%) A-V:  0.000 Dropped: 4 Cache: 908s/500MB
AV: 00:01:29 / 00:22:10 (7%) A-V:  0.000 Dropped: 1 Cache: 876s/500MB
AV: 00:01:29 / 00:22:10 (7%) A-V:  0.000 ct:  2.224 Cache: 851s/500MB
AV: 00:01:29 / 00:22:10 (7%) A-V:  0.000 Dropped: 1 Cache: 876s/499MB
AV: 00:01:29 / 00:22:10 (7%) A-V:  0.000 ct:  2.240 Cache: 851s/500MB
AV: 00:01:29 / 00:22:10 (7%) A-V:  0.000 Dropped: 1 Cache: 876s/500MB
AV: 00:01:29 / 00:22:10 (7%) A-V:  0.000 ct:  2.256 Cache: 851s/500MB
AV: 00:01:29 / 00:22:10 (7%) A-V:  0.000 ct:  2.272 Cache: 851s/500MB
AV: 00:01:29 / 00:22:10 (7%) A-V:  0.000 ct:  2.288 Cache: 851s/500MB
AV: 00:01:29 / 00:22:10 (7%) A-V:  0.000 ct:  2.304 Cache: 851s/500MB
AV: 00:01:29 / 00:22:10 (7%) A-V:  0.000 Dropped: 4 Cache: 907s/500MB
AV: 00:01:29 / 00:22:10 (7%) A-V:  0.000 ct:  2.320 Cache: 851s/500MB
AV: 00:01:29 / 00:22:10 (7%) A-V:  0.000 ct:  2.336 Cache: 851s/500MB
AV: 00:01:30 / 00:22:10 (7%) A-V:  0.000 Cache: 825s/500MB
AV: 00:01:29 / 00:22:10 (7%) A-V:  0.000 ct:  2.352 Cache: 851s/500MB
AV: 00:01:29 / 00:22:10 (7%) A-V:  0.000 ct:  2.368 Cache: 851s/500MB
AV: 00:01:30 / 00:22:10 (7%) A-V:  0.000 Cache: 824s/500MB
AV: 00:01:30 / 00:22:10 (7%) A-V:  0.000 ct:  2.384 Cache: 851s/500MB
AV: 00:01:30 / 00:22:10 (7%) A-V:  0.000 ct:  2.400 Cache: 851s/500MB
AV: 00:01:30 / 00:22:10 (7%) A-V:  0.000 ct:  2.416 Cache: 851s/500MB
AV: 00:01:30 / 00:22:10 (7%) A-V:  0.000 ct:  2.432 Cache: 851s/500MB
AV: 00:01:30 / 00:22:10 (7%) A-V:  0.000 ct:  2.448 Cache: 851s/500MB
AV: 00:01:30 / 00:22:10 (7%) A-V:  0.000 ct:  2.464 Cache: 851s/500MB
AV: 00:01:30 / 00:22:10 (7%) A-V:  0.000 ct:  2.480 Cache: 851s/500MB
AV: 00:01:30 / 00:22:10 (7%) A-V:  0.000 ct:  2.496 Cache: 851s/500MB
AV: 00:01:29 / 00:22:10 (7%) A-V:  0.000 Dropped: 1 Cache: 875s/500MB
AV: 00:01:30 / 00:22:10 (7%) A-V:  0.000 ct:  2.512 Cache: 851s/500MB
AV: 00:01:30 / 00:22:10 (7%) A-V:  0.000 ct:  2.528 Cache: 851s/500MB
AV: 00:01:30 / 00:22:10 (7%) A-V:  0.000 ct:  2.544 Cache: 851s/500MB
AV: 00:01:30 / 00:22:10 (7%) A-V:  0.000 ct:  2.560 Cache: 851s/500MB
AV: 00:01:30 / 00:22:10 (7%) A-V:  0.000 ct:  2.576 Cache: 851s/500MB
AV: 00:01:30 / 00:22:10 (7%) A-V:  0.000 ct:  2.592 Cache: 851s/500MB
AV: 00:01:30 / 00:22:10 (7%) A-V:  0.000 ct:  2.608 Cache: 851s/500MB
AV: 00:01:30 / 00:22:10 (7%) A-V:  0.000 Dropped: 4 Cache: 907s/500MB
AV: 00:01:30 / 00:22:10 (7%) A-V:  0.000 Dropped: 1 Cache: 875s/500MB
AV: 00:01:30 / 00:22:10 (7%) A-V:  0.000 ct:  2.624 Cache: 851s/500MB
AV: 00:01:30 / 00:22:10 (7%) A-V:  0.000 ct:  2.640 Cache: 851s/500MB
AV: 00:01:30 / 00:22:10 (7%) A-V:  0.000 ct:  2.656 Cache: 851s/500MB
AV: 00:01:30 / 00:22:10 (7%) A-V:  0.000 ct:  2.672 Cache: 851s/500MB
AV: 00:01:30 / 00:22:10 (7%) A-V:  0.000 ct:  2.688 Cache: 851s/500MB
AV: 00:01:30 / 00:22:10 (7%) A-V:  0.000 ct:  2.704 Cache: 851s/500MB
AV: 00:01:30 / 00:22:10 (7%) A-V:  0.000 ct:  2.720 Cache: 851s/500MB
AV: 00:01:30 / 00:22:10 (7%) A-V:  0.000 ct:  2.736 Cache: 851s/500MB
AV: 00:01:30 / 00:22:10 (7%) A-V:  0.000 Dropped: 4 Cache: 906s/500MB
AV: 00:01:31 / 00:22:10 (7%) A-V:  0.000 Cache: 824s/500MB
AV: 00:01:30 / 00:22:10 (7%) A-V:  0.000 ct:  2.752 Cache: 851s/500MB
AV: 00:01:30 / 00:22:10 (7%) A-V:  0.000 ct:  2.768 Cache: 851s/500MB
AV: 00:01:31 / 00:22:10 (7%) A-V:  0.000 ct:  2.784 Cache: 851s/500MB
AV: 00:01:31 / 00:22:10 (7%) A-V:  0.000 Cache: 823s/500MB
AV: 00:01:31 / 00:22:10 (7%) A-V:  0.000 ct:  2.800 Cache: 851s/500MB
AV: 00:01:31 / 00:22:10 (7%) A-V:  0.000 ct:  2.816 Cache: 851s/500MB
AV: 00:01:31 / 00:22:10 (7%) A-V:  0.000 ct:  2.832 Cache: 851s/500MB
AV: 00:01:31 / 00:22:10 (7%) A-V:  0.000 ct:  2.848 Cache: 851s/500MB
AV: 00:01:31 / 00:22:10 (7%) A-V:  0.000 ct:  2.864 Cache: 851s/500MB
AV: 00:01:31 / 00:22:10 (7%) A-V:  0.000 ct:  2.880 Cache: 851s/500MB
AV: 00:01:31 / 00:22:10 (7%) A-V:  0.000 ct:  2.896 Cache: 851s/500MB
AV: 00:01:31 / 00:22:10 (7%) A-V:  0.000 ct:  2.912 Cache: 851s/500MB
AV: 00:01:31 / 00:22:10 (7%) A-V:  0.000 ct:  2.928 Cache: 851s/500MB
AV: 00:01:31 / 00:22:10 (7%) A-V:  0.000 ct:  2.944 Cache: 851s/500MB
AV: 00:01:31 / 00:22:10 (7%) A-V:  0.000 ct:  2.960 Cache: 851s/500MB
AV: 00:01:31 / 00:22:10 (7%) A-V:  0.000 ct:  2.976 Cache: 851s/500MB
AV: 00:01:31 / 00:22:10 (7%) A-V:  0.000 ct:  2.992 Cache: 851s/500MB
AV: 00:01:31 / 00:22:10 (7%) A-V:  0.000 ct:  3.008 Cache: 851s/500MB
AV: 00:01:31 / 00:22:10 (7%) A-V:  0.000 Dropped: 4 Cache: 906s/500MB
AV: 00:01:31 / 00:22:10 (7%) A-V:  0.000 Dropped: 1 Cache: 875s/500MB
AV: 00:01:31 / 00:22:10 (7%) A-V:  0.000 ct:  3.024 Cache: 851s/500MB
AV: 00:01:31 / 00:22:10 (7%) A-V:  0.000 ct:  3.040 Cache: 851s/500MB
AV: 00:01:31 / 00:22:10 (7%) A-V:  0.000 ct:  3.056 Cache: 851s/500MB
AV: 00:01:31 / 00:22:10 (7%) A-V:  0.000 Dropped: 1 Cache: 874s/500MB
AV: 00:01:31 / 00:22:10 (7%) A-V:  0.000 ct:  3.072 Cache: 851s/500MB
AV: 00:01:31 / 00:22:10 (7%) A-V:  0.000 ct:  3.088 Cache: 851s/500MB
AV: 00:01:31 / 00:22:10 (7%) A-V:  0.000 ct:  3.104 Cache: 851s/500MB
AV: 00:01:31 / 00:22:10 (7%) A-V:  0.000 ct:  3.120 Cache: 851s/500MB
AV: 00:01:31 / 00:22:10 (7%) A-V:  0.000 ct:  3.136 Cache: 851s/500MB
AV: 00:01:32 / 00:22:10 (7%) A-V:  0.000 Cache: 823s/500MB
AV: 00:01:31 / 00:22:10 (7%) A-V:  0.000 ct:  3.152 Cache: 851s/500MB
AV: 00:01:31 / 00:22:10 (7%) A-V:  0.000 ct:  3.168 Cache: 851s/500MB
AV: 00:01:32 / 00:22:10 (7%) A-V:  0.000 ct:  3.184 Cache: 851s/500MB
AV: 00:01:32 / 00:22:10 (7%) A-V:  0.000 ct:  3.200 Cache: 851s/500MB
AV: 00:01:32 / 00:22:10 (7%) A-V:  0.000 ct:  3.216 Cache: 851s/500MB
AV: 00:01:32 / 00:22:10 (7%) A-V:  0.000 ct:  3.232 Cache: 851s/500MB
AV: 00:01:32 / 00:22:10 (7%) A-V:  0.000 Cache: 822s/500MB
AV: 00:01:32 / 00:22:10 (7%) A-V:  0.000 ct:  3.248 Cache: 851s/500MB
AV: 00:01:31 / 00:22:10 (7%) A-V:  0.000 Dropped: 4 Cache: 905s/500MB
AV: 00:01:32 / 00:22:10 (7%) A-V:  0.000 ct:  3.264 Cache: 851s/500MB
AV: 00:01:32 / 00:22:10 (7%) A-V:  0.000 ct:  3.280 Cache: 851s/500MB
AV: 00:01:32 / 00:22:10 (7%) A-V:  0.000 ct:  3.296 Cache: 851s/500MB
AV: 00:01:32 / 00:22:10 (7%) A-V:  0.000 ct:  3.312 Cache: 851s/500MB
AV: 00:01:32 / 00:22:10 (7%) A-V:  0.000 ct:  3.328 Cache: 851s/500MB
AV: 00:01:32 / 00:22:10 (7%) A-V:  0.000 ct:  3.344 Cache: 851s/500MB
AV: 00:01:32 / 00:22:10 (7%) A-V:  0.000 ct:  3.360 Cache: 851s/500MB
AV: 00:01:32 / 00:22:10 (7%) A-V:  0.000 ct:  3.376 Cache: 851s/500MB
AV: 00:01:32 / 00:22:10 (7%) A-V:  0.000 ct:  3.392 Cache: 851s/500MB
AV: 00:01:32 / 00:22:10 (7%) A-V:  0.000 ct:  3.408 Cache: 851s/500MB
AV: 00:01:32 / 00:22:10 (7%) A-V:  0.000 Dropped: 4 Cache: 905s/500MB
AV: 00:01:32 / 00:22:10 (7%) A-V:  0.000 Dropped: 1 Cache: 874s/500MB
AV: 00:01:32 / 00:22:10 (7%) A-V:  0.000 ct:  3.424 Cache: 851s/500MB
AV: 00:01:32 / 00:22:10 (7%) A-V:  0.000 ct:  3.440 Cache: 851s/500MB
AV: 00:01:32 / 00:22:10 (7%) A-V:  0.000 ct:  3.456 Cache: 851s/500MB
AV: 00:01:32 / 00:22:10 (7%) A-V:  0.000 ct:  3.472 Cache: 851s/500MB
AV: 00:01:32 / 00:22:10 (7%) A-V:  0.000 ct:  3.488 Cache: 851s/500MB
AV: 00:01:32 / 00:22:10 (7%) A-V:  0.000 ct:  3.504 Cache: 851s/500MB
AV: 00:01:32 / 00:22:10 (7%) A-V:  0.000 ct:  3.520 Cache: 851s/500MB
AV: 00:01:32 / 00:22:10 (7%) A-V:  0.000 ct:  3.536 Cache: 851s/500MB
AV: 00:01:33 / 00:22:10 (7%) A-V:  0.000 Cache: 822s/500MB
AV: 00:01:32 / 00:22:10 (7%) A-V:  0.000 Dropped: 1 Cache: 873s/500MB
AV: 00:01:32 / 00:22:10 (7%) A-V:  0.000 ct:  3.552 Cache: 851s/500MB
AV: 00:01:32 / 00:22:10 (7%) A-V:  0.000 ct:  3.568 Cache: 852s/500MB
AV: 00:01:33 / 00:22:10 (7%) A-V:  0.000 ct:  3.584 Cache: 852s/500MB
AV: 00:01:33 / 00:22:10 (7%) A-V:  0.000 ct:  3.600 Cache: 852s/500MB
AV: 00:01:33 / 00:22:10 (7%) A-V:  0.000 ct:  3.616 Cache: 852s/500MB
AV: 00:01:33 / 00:22:10 (7%) A-V:  0.000 ct:  3.632 Cache: 852s/500MB
AV: 00:01:33 / 00:22:10 (7%) A-V:  0.000 ct:  3.648 Cache: 852s/500MB
AV: 00:01:33 / 00:22:10 (7%) A-V:  0.000 ct:  3.664 Cache: 852s/500MB
AV: 00:01:33 / 00:22:10 (7%) A-V:  0.000 ct:  3.680 Cache: 852s/500MB
AV: 00:01:33 / 00:22:10 (7%) A-V:  0.000 ct:  3.696 Cache: 852s/500MB
AV: 00:01:33 / 00:22:10 (7%) A-V:  0.000 ct:  3.712 Cache: 852s/500MB
AV: 00:01:33 / 00:22:10 (7%) A-V:  0.000 Cache: 821s/500MB
AV: 00:01:33 / 00:22:10 (7%) A-V:  0.000 ct:  3.728 Cache: 852s/500MB
AV: 00:01:33 / 00:22:10 (7%) A-V:  0.000 ct:  3.744 Cache: 852s/500MB
AV: 00:01:32 / 00:22:10 (7%) A-V:  0.000 Dropped: 4 Cache: 904s/500MB
AV: 00:01:33 / 00:22:10 (7%) A-V:  0.000 ct:  3.760 Cache: 852s/500MB
AV: 00:01:33 / 00:22:10 (7%) A-V:  0.000 ct:  3.776 Cache: 852s/500MB
AV: 00:01:33 / 00:22:10 (7%) A-V:  0.000 ct:  3.792 Cache: 852s/500MB
AV: 00:01:33 / 00:22:10 (7%) A-V:  0.000 ct:  3.808 Cache: 852s/500MB
AV: 00:01:33 / 00:22:10 (7%) A-V:  0.000 Dropped: 4 Cache: 904s/500MB
AV: 00:01:33 / 00:22:10 (7%) A-V:  0.000 Dropped: 1 Cache: 873s/500MB
AV: 00:01:33 / 00:22:10 (7%) A-V:  0.000 ct:  3.824 Cache: 852s/500MB
AV: 00:01:33 / 00:22:10 (7%) A-V:  0.000 ct:  3.840 Cache: 852s/500MB
AV: 00:01:33 / 00:22:10 (7%) A-V:  0.000 ct:  3.856 Cache: 852s/500MB
AV: 00:01:33 / 00:22:10 (7%) A-V:  0.000 ct:  3.872 Cache: 852s/500MB
AV: 00:01:33 / 00:22:10 (7%) A-V:  0.000 ct:  3.888 Cache: 852s/500MB
AV: 00:01:33 / 00:22:10 (7%) A-V:  0.000 ct:  3.904 Cache: 852s/500MB
AV: 00:01:33 / 00:22:10 (7%) A-V:  0.000 ct:  3.920 Cache: 852s/500MB
AV: 00:01:33 / 00:22:10 (7%) A-V:  0.000 ct:  3.936 Cache: 852s/500MB
AV: 00:01:34 / 00:22:10 (7%) A-V:  0.000 Cache: 821s/500MB
AV: 00:01:33 / 00:22:10 (7%) A-V:  0.000 ct:  3.952 Cache: 850s/500MB
Using hardware decoding (nvdec).
AV: 00:01:33 / 00:22:10 (7%) A-V:  0.000 ct:  3.952 Cache: 850s/500MB
AV: 00:01:33 / 00:22:10 (7%) A-V:  0.000 ct:  3.952 Cache: 853s/500MB
VO: [gpu] 1280x720 cuda[nv12]
AV: 00:01:33 / 00:22:10 (7%) A-V:  0.000 ct:  3.952 Cache: 853s/500MB
AV: 00:01:33 / 00:22:10 (7%) A-V:  0.000 ct:  3.981 Cache: 853s/500MB
[dbx] New chapter 8 
AV: 00:01:33 / 00:22:10 (7%) A-V:  0.000 ct:  3.981 Cache: 853s/500MB
[dbx] Metadata  
AV: 00:01:33 / 00:22:10 (7%) A-V:  0.000 ct:  3.981 Cache: 853s/500MB
[dbx] chapter time is  94 
AV: 00:01:33 / 00:22:10 (7%) A-V:  0.000 ct:  3.981 Cache: 853s/500MB
[dbx] Chapter Length is  10 
AV: 00:01:33 / 00:22:10 (7%) A-V:  0.000 ct:  3.981 Cache: 853s/500MB
[dbx] record_number was  9 
AV: 00:01:33 / 00:22:10 (7%) A-V:  0.000 ct:  3.981 Cache: 853s/500MB
AV: 00:01:34 / 00:22:10 (7%) A-V:  0.000 ct:  3.995 Cache: 853s/500MB
AV: 00:01:33 / 00:22:10 (7%) A-V:  0.000 Dropped: 1 Cache: 872s/500MB
AV: 00:01:34 / 00:22:10 (7%) A-V:  0.000 Cache: 820s/500MB
Using hardware decoding (nvdec).
AV: 00:01:33 / 00:22:10 (7%) A-V:  0.000 Dropped: 1 Cache: 872s/500MB
AV: 00:01:34 / 00:22:10 (7%) A-V:  0.000 Dropped: 4 Cache: 904s/500MB
AV: 00:01:33 / 00:22:10 (7%) A-V:  0.000 Dropped: 1 Cache: 873s/500MB
AV: 00:01:33 / 00:22:10 (7%) A-V:  0.063 Dropped: 1 Cache: 873s/500MB
VO: [gpu] 3840x2160 cuda[nv12]
AV: 00:01:33 / 00:22:10 (7%) A-V:  0.063 Dropped: 1 Cache: 873s/500MB
AV: 00:01:33 / 00:22:10 (7%) A-V:  0.052 Cache: 873s/500MB
AV: 00:01:34 / 00:22:10 (7%) A-V:  0.037 Cache: 873s/500MB
AV: 00:01:34 / 00:22:10 (7%) A-V:  0.023 Dropped: 1 Cache: 873s/500MB
AV: 00:01:34 / 00:22:10 (7%) A-V:  0.008 Dropped: 2 Cache: 873s/500MB
[dbx] New chapter 8 
AV: 00:01:34 / 00:22:10 (7%) A-V:  0.008 Dropped: 2 Cache: 873s/500MB
[dbx] Metadata  
AV: 00:01:34 / 00:22:10 (7%) A-V:  0.008 Dropped: 2 Cache: 873s/500MB
[dbx] chapter time is  94 
AV: 00:01:34 / 00:22:10 (7%) A-V:  0.008 Dropped: 2 Cache: 873s/500MB
[dbx] Chapter Length is  12 
AV: 00:01:34 / 00:22:10 (7%) A-V:  0.008 Dropped: 2 Cache: 873s/500MB
[dbx] record_number was  9 
AV: 00:01:34 / 00:22:10 (7%) A-V:  0.008 Dropped: 2 Cache: 873s/500MB
AV: 00:01:34 / 00:22:10 (7%) A-V:  0.000 Dropped: 2 Cache: 873s/500MB
AV: 00:01:34 / 00:22:10 (7%) A-V:  0.000 Dropped: 4 Cache: 903s/500MB
AV: 00:01:35 / 00:22:10 (7%) A-V:  0.000 Cache: 820s/500MB
AV: 00:01:34 / 00:22:10 (7%) A-V:  0.000 ct:  3.995 Cache: 852s/500MB
AV: 00:01:34 / 00:22:10 (7%) A-V:  0.000 Dropped: 2 Cache: 874s/500MB
AV: 00:01:34 / 00:22:10 (7%) A-V:  0.000 Dropped: 2 Cache: 873s/500MB
AV: 00:01:35 / 00:22:10 (7%) A-V:  0.000 Cache: 819s/500MB
AV: 00:01:34 / 00:22:10 (7%) A-V:  0.000 Dropped: 2 Cache: 874s/500MB
AV: 00:01:34 / 00:22:10 (7%) A-V:  0.000 Dropped: 2 Cache: 873s/500MB
AV: 00:01:34 / 00:22:10 (7%) A-V:  0.000 Dropped: 2 Cache: 874s/500MB
Using hardware decoding (nvdec).
AV: 00:01:34 / 00:22:10 (7%) A-V:  0.000 Dropped: 4 Cache: 903s/500MB
AV: 00:01:34 / 00:22:10 (7%) A-V:  0.013 Dropped: 4 Cache: 903s/500MB
AV: 00:01:34 / 00:22:10 (7%) A-V:  0.000 Dropped: 4 Cache: 903s/500MB
[dbx] New chapter 8 
AV: 00:01:34 / 00:22:10 (7%) A-V:  0.000 Dropped: 4 Cache: 903s/500MB
[dbx] Metadata  
AV: 00:01:34 / 00:22:10 (7%) A-V:  0.000 Dropped: 4 Cache: 903s/500MB
[dbx] chapter time is  95 
AV: 00:01:34 / 00:22:10 (7%) A-V:  0.000 Dropped: 4 Cache: 903s/500MB
[dbx] Chapter Length is  10 
AV: 00:01:34 / 00:22:10 (7%) A-V:  0.000 Dropped: 4 Cache: 903s/500MB
[dbx] record_number was  9 
AV: 00:01:34 / 00:22:10 (7%) A-V:  0.000 Dropped: 4 Cache: 903s/500MB
AV: 00:01:35 / 00:22:10 (7%) A-V:  0.000 Dropped: 2 Cache: 874s/500MB
AV: 00:01:35 / 00:22:10 (7%) A-V:  0.000 Dropped: 4 Cache: 903s/500MB
AO: [pipewire] 48000Hz stereo 2ch floatp
AV: 00:01:35 / 00:22:10 (7%) A-V:  0.000 Cache: 819s/500MB
AV: 00:01:35 / 00:22:10 (7%) A-V:  0.184 Cache: 819s/500MB
AV: 00:01:35 / 00:22:10 (7%) A-V:  0.150 Dropped: 1 Cache: 819s/500MB
AV: 00:01:35 / 00:22:10 (7%) A-V:  0.117 Dropped: 2 Cache: 819s/500MB
AV: 00:01:35 / 00:22:10 (7%) A-V:  0.083 Dropped: 3 Cache: 819s/500MB
AV: 00:01:35 / 00:22:10 (7%) A-V:  0.050 Dropped: 4 Cache: 819s/500MB
Using hardware decoding (nvdec).
AV: 00:01:35 / 00:22:10 (7%) A-V:  0.050 Dropped: 4 Cache: 819s/500MB
AV: 00:01:35 / 00:22:10 (7%) A-V:  0.000 Dropped: 2 Cache: 874s/499MB
AV: 00:01:35 / 00:22:10 (7%) A-V:  0.050 Dropped: 5 Cache: 819s/500MB
AV: 00:01:35 / 00:22:10 (7%) A-V:  0.000 Dropped: 2 Cache: 874s/500MB
AV: 00:01:35 / 00:22:10 (7%) A-V:  0.000 Dropped: 5 Cache: 819s/500MB
VO: [gpu] 1920x1080 cuda[nv12]
AV: 00:01:35 / 00:22:10 (7%) A-V:  0.000 Dropped: 5 Cache: 819s/500MB
AV: 00:01:35 / 00:22:10 (7%) A-V:  0.000 Cache: 819s/500MB
AV: 00:01:36 / 00:22:10 (7%) A-V:  0.000 Cache: 819s/500MB
[dbx] New chapter 6 
AV: 00:01:36 / 00:22:10 (7%) A-V:  0.000 Cache: 819s/500MB
[dbx] Metadata  
AV: 00:01:36 / 00:22:10 (7%) A-V:  0.000 Cache: 819s/500MB
[dbx] chapter time is  96 
AV: 00:01:36 / 00:22:10 (7%) A-V:  0.000 Cache: 819s/500MB
[dbx] Chapter Length is  20 
AV: 00:01:36 / 00:22:10 (7%) A-V:  0.000 Cache: 819s/500MB
[dbx] record_number was  7 
AV: 00:01:36 / 00:22:10 (7%) A-V:  0.000 Cache: 819s/500MB
AV: 00:01:34 / 00:22:10 (7%) A-V:  0.000 ct:  3.995 Cache: 851s/500MB
AV: 00:01:35 / 00:22:10 (7%) A-V:  0.000 Dropped: 4 Cache: 902s/500MB
AV: 00:01:36 / 00:22:10 (7%) A-V:  0.000 Dropped: 2 Cache: 874s/500MB
AV: 00:01:36 / 00:22:10 (7%) A-V:  0.000 Dropped: 4 Cache: 902s/500MB
AV: 00:01:36 / 00:22:10 (7%) A-V:  0.000 Cache: 818s/500MB
AV: 00:01:37 / 00:22:10 (7%) A-V:  0.000 Cache: 818s/500MB
AV: 00:01:34 / 00:22:10 (7%) A-V:  0.000 ct:  3.995 Cache: 850s/500MB
AV: 00:01:36 / 00:22:10 (7%) A-V:  0.000 Dropped: 2 Cache: 873s/500MB
AV: 00:01:36 / 00:22:10 (7%) A-V:  0.004 Dropped: 3 Cache: 873s/500MB
AV: 00:01:36 / 00:22:10 (7%) A-V:  0.000 Dropped: 3 Cache: 873s/500MB
AV: 00:01:36 / 00:22:10 (7%) A-V:  0.054 Dropped: 4 Cache: 873s/500MB
AV: 00:01:36 / 00:22:10 (7%) A-V:  0.004 Dropped: 5 Cache: 902s/500MB
AV: 00:01:36 / 00:22:10 (7%) A-V:  0.039 Dropped: 5 Cache: 873s/500MB
AV: 00:01:36 / 00:22:10 (7%) A-V:  0.000 Dropped: 5 Cache: 901s/500MB
AV: 00:01:36 / 00:22:10 (7%) A-V:  0.025 Dropped: 6 Cache: 873s/500MB
AV: 00:01:36 / 00:22:10 (7%) A-V:  0.011 Dropped: 7 Cache: 873s/500MB
AV: 00:01:36 / 00:22:10 (7%) A-V:  0.000 Dropped: 8 Cache: 873s/500MB
AV: 00:01:37 / 00:22:10 (7%) A-V:  0.000 Dropped: 8 Cache: 873s/500MB
AV: 00:01:37 / 00:22:10 (7%) A-V:  0.000 Dropped: 5 Cache: 901s/500MB
AV: 00:01:37 / 00:22:10 (7%) A-V:  0.006 Dropped: 9 Cache: 873s/500MB
AV: 00:01:37 / 00:22:10 (7%) A-V:  0.000 Dropped: 9 Cache: 873s/500MB
AV: 00:01:38 / 00:22:10 (7%) A-V:  0.000 Cache: 818s/500MB
AV: 00:01:38 / 00:22:10 (7%) A-V:  0.000 Cache: 817s/500MB
AV: 00:01:37 / 00:22:10 (7%) A-V:  0.000 Dropped: 9 Cache: 872s/500MB
AV: 00:01:34 / 00:22:10 (7%) A-V:  0.000 ct:  3.995 Cache: 849s/500MB
AV: 00:01:38 / 00:22:10 (7%) A-V:  0.000 Dropped: 5 Cache: 900s/500MB
AV: 00:01:38 / 00:22:10 (7%) A-V:  0.000 Dropped: 9 Cache: 872s/500MB
AV: 00:01:39 / 00:22:10 (7%) A-V:  0.000 Cache: 817s/500MB
AV: 00:01:39 / 00:22:10 (7%) A-V:  0.000 Cache: 816s/500MB
AV: 00:01:38 / 00:22:10 (7%) A-V:  0.000 Dropped: 9 Cache: 871s/500MB
AV: 00:01:34 / 00:22:10 (7%) A-V:  0.000 ct:  3.995 Cache: 848s/500MB
AV: 00:01:39 / 00:22:10 (7%) A-V:  0.000 Dropped: 5 Cache: 899s/500MB
AV: 00:01:39 / 00:22:10 (7%) A-V:  0.000 Dropped: 9 Cache: 871s/500MB
AV: 00:01:39 / 00:22:10 (8%) A-V:  0.000 Cache: 816s/500MB
AV: 00:01:40 / 00:22:10 (8%) A-V:  0.000 Cache: 816s/500MB
AV: 00:01:39 / 00:22:10 (7%) A-V:  0.000 Dropped: 9 Cache: 872s/500MB
AV: 00:01:39 / 00:22:10 (7%) A-V:  0.000 Dropped: 9 Cache: 871s/500MB

Audio/Video desynchronisation detected! Possible reasons include too slow
hardware, temporary CPU spikes, broken drivers, and broken files. Audio
position will not match to the video (see A-V status field).
Consider trying `--profile=fast` and/or `--hwdec=auto-safe` as they may help.

AV: 00:01:34 / 00:22:10 (7%) A-V:  0.000 ct:  3.995 Cache: 848s/500MB
AV: 00:01:34 / 00:22:10 (7%) A-V:  6.020 ct:  3.995 Cache: 847s/500MB
AV: 00:01:34 / 00:22:10 (7%) A-V:  6.007 ct:  4.008 Cache: 847s/500MB
AV: 00:01:39 / 00:22:10 (7%) A-V:  0.000 Dropped: 9 Cache: 872s/500MB
AV: 00:01:34 / 00:22:10 (7%) A-V:  5.993 ct:  4.021 Cache: 847s/500MB
AV: 00:01:39 / 00:22:10 (8%) A-V:  0.000 Dropped: 9 Cache: 872s/500MB
AV: 00:01:39 / 00:22:10 (8%) A-V:  0.000 Dropped: 5 Cache: 899s/500MB
AV: 00:01:34 / 00:22:10 (7%) A-V:  5.980 ct:  4.035 Cache: 847s/500MB
AV: 00:01:34 / 00:22:10 (7%) A-V:  5.967 ct:  4.048 Cache: 847s/500MB
AV: 00:01:34 / 00:22:10 (7%) A-V:  5.953 ct:  4.061 Cache: 847s/500MB
AV: 00:01:34 / 00:22:10 (7%) A-V:  5.940 ct:  4.075 Cache: 847s/500MB
AV: 00:01:39 / 00:22:10 (8%) A-V:  0.000 Dropped: 9 Cache: 871s/500MB
AV: 00:01:34 / 00:22:10 (7%) A-V:  5.927 ct:  4.088 Cache: 847s/500MB
AV: 00:01:40 / 00:22:10 (8%) A-V:  0.000 Cache: 815s/500MB
AV: 00:01:34 / 00:22:10 (7%) A-V:  5.913 ct:  4.101 Cache: 847s/500MB
AV: 00:01:39 / 00:22:10 (8%) A-V:  0.000 Dropped: 9 Cache: 872s/500MB
AV: 00:01:34 / 00:22:10 (7%) A-V:  5.900 ct:  4.115 Cache: 847s/500MB
AV: 00:01:39 / 00:22:10 (8%) A-V:  0.000 Dropped: 9 Cache: 871s/500MB
AV: 00:01:34 / 00:22:10 (7%) A-V:  5.886 ct:  4.128 Cache: 847s/500MB
AV: 00:01:34 / 00:22:10 (7%) A-V:  5.873 ct:  4.141 Cache: 847s/500MB
AV: 00:01:39 / 00:22:10 (8%) A-V:  0.000 Dropped: 9 Cache: 872s/500MB
AV: 00:01:34 / 00:22:10 (7%) A-V:  5.860 ct:  4.155 Cache: 847s/500MB
AV: 00:01:34 / 00:22:10 (7%) A-V:  5.846 ct:  4.168 Cache: 847s/500MB
AV: 00:01:34 / 00:22:10 (7%) A-V:  5.833 ct:  4.182 Cache: 847s/500MB
AV: 00:01:39 / 00:22:10 (8%) A-V:  0.000 Dropped: 9 Cache: 871s/500MB
AV: 00:01:40 / 00:22:10 (8%) A-V:  0.000 Dropped: 5 Cache: 899s/500MB
AV: 00:01:40 / 00:22:10 (8%) A-V:  0.000 Dropped: 9 Cache: 872s/500MB
AV: 00:01:34 / 00:22:10 (7%) A-V:  5.820 ct:  4.195 Cache: 847s/500MB
AV: 00:01:34 / 00:22:10 (7%) A-V:  5.806 ct:  4.208 Cache: 847s/500MB
AV: 00:01:34 / 00:22:10 (7%) A-V:  5.793 ct:  4.222 Cache: 847s/500MB
AV: 00:01:34 / 00:22:10 (7%) A-V:  5.780 ct:  4.235 Cache: 847s/500MB
AV: 00:01:34 / 00:22:10 (7%) A-V:  5.766 ct:  4.248 Cache: 847s/500MB
AV: 00:01:34 / 00:22:10 (7%) A-V:  5.753 ct:  4.262 Cache: 847s/500MB
AV: 00:01:34 / 00:22:10 (7%) A-V:  5.740 ct:  4.275 Cache: 847s/500MB
AV: 00:01:34 / 00:22:10 (7%) A-V:  5.726 ct:  4.288 Cache: 847s/500MB
AV: 00:01:40 / 00:22:10 (8%) A-V:  0.000 Dropped: 9 Cache: 871s/500MB
AV: 00:01:34 / 00:22:10 (7%) A-V:  5.713 ct:  4.302 Cache: 847s/500MB
AV: 00:01:34 / 00:22:10 (7%) A-V:  5.700 ct:  4.315 Cache: 847s/500MB
AV: 00:01:34 / 00:22:10 (7%) A-V:  5.686 ct:  4.328 Cache: 847s/500MB
AV: 00:01:34 / 00:22:10 (7%) A-V:  5.673 ct:  4.342 Cache: 847s/500MB
AV: 00:01:40 / 00:22:10 (8%) A-V:  0.000 Dropped: 9 Cache: 872s/500MB
AV: 00:01:34 / 00:22:10 (7%) A-V:  5.660 ct:  4.355 Cache: 847s/500MB
AV: 00:01:34 / 00:22:10 (7%) A-V:  5.646 ct:  4.368 Cache: 847s/500MB
AV: 00:01:35 / 00:22:10 (7%) A-V:  5.633 ct:  4.382 Cache: 847s/500MB
AV: 00:01:41 / 00:22:10 (8%) A-V:  0.000 Cache: 815s/500MB
AV: 00:01:35 / 00:22:10 (7%) A-V:  5.620 ct:  4.395 Cache: 847s/500MB
AV: 00:01:35 / 00:22:10 (7%) A-V:  5.606 ct:  4.408 Cache: 847s/500MB
AV: 00:01:35 / 00:22:10 (7%) A-V:  5.593 ct:  4.422 Cache: 847s/500MB
AV: 00:01:40 / 00:22:10 (8%) A-V:  0.000 Dropped: 9 Cache: 871s/500MB
AV: 00:01:40 / 00:22:10 (8%) A-V:  0.000 Dropped: 5 Cache: 898s/500MB
AV: 00:01:35 / 00:22:10 (7%) A-V:  5.579 ct:  4.435 Cache: 847s/500MB
AV: 00:01:40 / 00:22:10 (8%) A-V:  0.000 Dropped: 9 Cache: 872s/500MB
AV: 00:01:35 / 00:22:10 (7%) A-V:  5.566 ct:  4.448 Cache: 847s/500MB
AV: 00:01:40 / 00:22:10 (8%) A-V:  0.000 Dropped: 9 Cache: 871s/500MB
AV: 00:01:35 / 00:22:10 (7%) A-V:  5.553 ct:  4.462 Cache: 847s/500MB
AV: 00:01:35 / 00:22:10 (7%) A-V:  5.539 ct:  4.475 Cache: 847s/500MB
AV: 00:01:35 / 00:22:10 (7%) A-V:  5.526 ct:  4.489 Cache: 847s/500MB
AV: 00:01:35 / 00:22:10 (7%) A-V:  5.513 ct:  4.502 Cache: 847s/500MB
AV: 00:01:35 / 00:22:10 (7%) A-V:  5.499 ct:  4.515 Cache: 847s/500MB
AV: 00:01:40 / 00:22:10 (8%) A-V:  0.000 Dropped: 9 Cache: 872s/500MB
AV: 00:01:35 / 00:22:10 (7%) A-V:  5.486 ct:  4.529 Cache: 847s/500MB
AV: 00:01:35 / 00:22:10 (7%) A-V:  5.473 ct:  4.542 Cache: 847s/500MB
AV: 00:01:35 / 00:22:10 (7%) A-V:  5.459 ct:  4.555 Cache: 847s/500MB
AV: 00:01:35 / 00:22:10 (7%) A-V:  5.446 ct:  4.569 Cache: 847s/500MB
AV: 00:01:35 / 00:22:10 (7%) A-V:  5.433 ct:  4.582 Cache: 847s/500MB
AV: 00:01:35 / 00:22:10 (7%) A-V:  5.419 ct:  4.595 Cache: 847s/500MB
AV: 00:01:35 / 00:22:10 (7%) A-V:  5.406 ct:  4.609 Cache: 847s/500MB
AV: 00:01:35 / 00:22:10 (7%) A-V:  5.393 ct:  4.622 Cache: 847s/500MB
AV: 00:01:35 / 00:22:10 (7%) A-V:  5.379 ct:  4.635 Cache: 847s/500MB
AV: 00:01:35 / 00:22:10 (7%) A-V:  5.366 ct:  4.649 Cache: 847s/500MB
AV: 00:01:35 / 00:22:10 (7%) A-V:  5.353 ct:  4.662 Cache: 847s/500MB
AV: 00:01:40 / 00:22:10 (8%) A-V:  0.000 Dropped: 9 Cache: 871s/500MB
AV: 00:01:35 / 00:22:10 (7%) A-V:  5.339 ct:  4.675 Cache: 847s/500MB
AV: 00:01:35 / 00:22:10 (7%) A-V:  5.326 ct:  4.689 Cache: 847s/500MB
AV: 00:01:35 / 00:22:10 (7%) A-V:  5.313 ct:  4.702 Cache: 847s/500MB
AV: 00:01:40 / 00:22:10 (8%) A-V:  0.000 Dropped: 9 Cache: 872s/500MB
AV: 00:01:35 / 00:22:10 (7%) A-V:  5.299 ct:  4.715 Cache: 847s/500MB
AV: 00:01:35 / 00:22:10 (7%) A-V:  5.286 ct:  4.729 Cache: 847s/500MB
AV: 00:01:35 / 00:22:10 (7%) A-V:  5.273 ct:  4.742 Cache: 847s/500MB
AV: 00:01:35 / 00:22:10 (7%) A-V:  5.259 ct:  4.755 Cache: 847s/500MB
AV: 00:01:35 / 00:22:10 (7%) A-V:  5.246 ct:  4.769 Cache: 847s/500MB
AV: 00:01:36 / 00:22:10 (7%) A-V:  5.232 ct:  4.782 Cache: 847s/500MB
AV: 00:01:36 / 00:22:10 (7%) A-V:  5.219 ct:  4.795 Cache: 847s/500MB
AV: 00:01:36 / 00:22:10 (7%) A-V:  5.206 ct:  4.809 Cache: 847s/500MB
AV: 00:01:36 / 00:22:10 (7%) A-V:  5.192 ct:  4.822 Cache: 847s/500MB
AV: 00:01:36 / 00:22:10 (7%) A-V:  5.179 ct:  4.836 Cache: 847s/500MB
AV: 00:01:41 / 00:22:10 (8%) A-V:  0.000 Dropped: 5 Cache: 898s/500MB
AV: 00:01:36 / 00:22:10 (7%) A-V:  5.166 ct:  4.849 Cache: 847s/500MB
AV: 00:01:41 / 00:22:10 (8%) A-V:  0.000 Dropped: 9 Cache: 872s/500MB
AV: 00:01:36 / 00:22:10 (7%) A-V:  5.152 ct:  4.862 Cache: 847s/500MB
AV: 00:01:36 / 00:22:10 (7%) A-V:  5.139 ct:  4.876 Cache: 847s/500MB
AV: 00:01:36 / 00:22:10 (7%) A-V:  5.126 ct:  4.889 Cache: 847s/500MB
AV: 00:01:36 / 00:22:10 (7%) A-V:  5.112 ct:  4.902 Cache: 847s/500MB
AV: 00:01:36 / 00:22:10 (7%) A-V:  5.099 ct:  4.916 Cache: 847s/500MB
AV: 00:01:36 / 00:22:10 (7%) A-V:  5.086 ct:  4.929 Cache: 847s/500MB
AV: 00:01:41 / 00:22:10 (8%) A-V:  0.000 Cache: 814s/500MB
AV: 00:01:36 / 00:22:10 (7%) A-V:  5.072 ct:  4.942 Cache: 847s/500MB
AV: 00:01:36 / 00:22:10 (7%) A-V:  5.059 ct:  4.956 Cache: 847s/500MB
AV: 00:01:36 / 00:22:10 (7%) A-V:  5.046 ct:  4.969 Cache: 847s/500MB
AV: 00:01:36 / 00:22:10 (7%) A-V:  5.032 ct:  4.982 Cache: 847s/500MB
AV: 00:01:36 / 00:22:10 (7%) A-V:  5.019 ct:  4.996 Cache: 846s/500MB
AV: 00:01:36 / 00:22:10 (7%) A-V:  5.006 ct:  5.009 Cache: 846s/500MB
AV: 00:01:36 / 00:22:10 (7%) A-V:  4.992 ct:  5.022 Cache: 846s/500MB
AV: 00:01:36 / 00:22:10 (7%) A-V:  4.979 ct:  5.036 Cache: 846s/500MB
AV: 00:01:36 / 00:22:10 (7%) A-V:  4.966 ct:  5.049 Cache: 846s/500MB
AV: 00:01:42 / 00:22:10 (8%) A-V:  0.000 Cache: 814s/500MB
AV: 00:01:36 / 00:22:10 (7%) A-V:  4.952 ct:  5.062 Cache: 846s/500MB
AV: 00:01:36 / 00:22:10 (7%) A-V:  4.939 ct:  5.076 Cache: 846s/500MB
AV: 00:01:36 / 00:22:10 (7%) A-V:  4.926 ct:  5.089 Cache: 846s/500MB
AV: 00:01:41 / 00:22:10 (8%) A-V:  0.000 Dropped: 5 Cache: 897s/500MB
AV: 00:01:36 / 00:22:10 (7%) A-V:  4.912 ct:  5.102 Cache: 846s/500MB
AV: 00:01:36 / 00:22:10 (7%) A-V:  4.899 ct:  5.116 Cache: 846s/500MB
AV: 00:01:36 / 00:22:10 (7%) A-V:  4.885 ct:  5.129 Cache: 846s/500MB
AV: 00:01:36 / 00:22:10 (7%) A-V:  4.872 ct:  5.142 Cache: 846s/500MB
AV: 00:01:41 / 00:22:10 (8%) A-V:  0.000 Dropped: 9 Cache: 871s/500MB
AV: 00:01:36 / 00:22:10 (7%) A-V:  4.859 ct:  5.156 Cache: 846s/500MB
AV: 00:01:36 / 00:22:10 (7%) A-V:  4.845 ct:  5.169 Cache: 846s/500MB
AV: 00:01:41 / 00:22:10 (8%) A-V:  0.000 Dropped: 9 Cache: 872s/500MB
AV: 00:01:41 / 00:22:10 (8%) A-V:  0.000 Dropped: 9 Cache: 871s/500MB
AV: 00:01:37 / 00:22:10 (7%) A-V:  4.832 ct:  5.183 Cache: 846s/500MB
AV: 00:01:37 / 00:22:10 (7%) A-V:  4.819 ct:  5.196 Cache: 846s/500MB
AV: 00:01:37 / 00:22:10 (7%) A-V:  4.805 ct:  5.209 Cache: 846s/500MB
AV: 00:01:37 / 00:22:10 (7%) A-V:  4.792 ct:  5.223 Cache: 846s/500MB
AV: 00:01:37 / 00:22:10 (7%) A-V:  4.779 ct:  5.236 Cache: 846s/500MB
AV: 00:01:41 / 00:22:10 (8%) A-V:  0.000 Dropped: 9 Cache: 872s/500MB
AV: 00:01:37 / 00:22:10 (7%) A-V:  4.765 ct:  5.249 Cache: 846s/500MB
AV: 00:01:37 / 00:22:10 (7%) A-V:  4.752 ct:  5.263 Cache: 846s/500MB
AV: 00:01:37 / 00:22:10 (7%) A-V:  4.739 ct:  5.276 Cache: 846s/500MB
AV: 00:01:37 / 00:22:10 (7%) A-V:  4.725 ct:  5.289 Cache: 846s/500MB
AV: 00:01:37 / 00:22:10 (7%) A-V:  4.712 ct:  5.303 Cache: 846s/500MB
AV: 00:01:37 / 00:22:10 (7%) A-V:  4.699 ct:  5.316 Cache: 846s/500MB
AV: 00:01:37 / 00:22:10 (7%) A-V:  4.685 ct:  5.329 Cache: 846s/500MB
AV: 00:01:41 / 00:22:10 (8%) A-V:  0.000 Dropped: 9 Cache: 871s/500MB
AV: 00:01:37 / 00:22:10 (7%) A-V:  4.672 ct:  5.343 Cache: 846s/500MB
AV: 00:01:41 / 00:22:10 (8%) A-V:  0.000 Dropped: 9 Cache: 872s/500MB
AV: 00:01:37 / 00:22:10 (7%) A-V:  4.659 ct:  5.356 Cache: 846s/500MB
AV: 00:01:41 / 00:22:10 (8%) A-V:  0.000 Dropped: 9 Cache: 871s/500MB
AV: 00:01:37 / 00:22:10 (7%) A-V:  4.645 ct:  5.369 Cache: 846s/500MB
AV: 00:01:41 / 00:22:10 (8%) A-V:  0.000 Dropped: 9 Cache: 872s/500MB
AV: 00:01:41 / 00:22:10 (8%) A-V:  0.000 Dropped: 9 Cache: 871s/500MB
AV: 00:01:37 / 00:22:10 (7%) A-V:  4.632 ct:  5.383 Cache: 846s/500MB
AV: 00:01:37 / 00:22:10 (7%) A-V:  4.619 ct:  5.396 Cache: 846s/500MB
AV: 00:01:37 / 00:22:10 (7%) A-V:  4.605 ct:  5.409 Cache: 846s/500MB
AV: 00:01:37 / 00:22:10 (7%) A-V:  4.592 ct:  5.423 Cache: 846s/500MB
AV: 00:01:37 / 00:22:10 (7%) A-V:  4.578 ct:  5.436 Cache: 846s/500MB
AV: 00:01:37 / 00:22:10 (7%) A-V:  4.565 ct:  5.449 Cache: 846s/500MB
AV: 00:01:37 / 00:22:10 (7%) A-V:  4.552 ct:  5.463 Cache: 846s/500MB
AV: 00:01:37 / 00:22:10 (7%) A-V:  4.538 ct:  5.476 Cache: 846s/500MB
AV: 00:01:37 / 00:22:10 (7%) A-V:  4.525 ct:  5.490 Cache: 846s/500MB
AV: 00:01:37 / 00:22:10 (7%) A-V:  4.512 ct:  5.503 Cache: 846s/500MB
AV: 00:01:42 / 00:22:10 (8%) A-V:  0.000 Dropped: 5 Cache: 897s/500MB
AV: 00:01:37 / 00:22:10 (7%) A-V:  4.498 ct:  5.516 Cache: 846s/500MB
AV: 00:01:42 / 00:22:10 (8%) A-V:  0.000 Dropped: 9 Cache: 871s/500MB
AV: 00:01:37 / 00:22:10 (7%) A-V:  4.485 ct:  5.530 Cache: 846s/500MB
AV: 00:01:37 / 00:22:10 (7%) A-V:  4.472 ct:  5.543 Cache: 846s/500MB
AV: 00:01:37 / 00:22:10 (7%) A-V:  4.458 ct:  5.556 Cache: 846s/500MB
AV: 00:01:37 / 00:22:10 (7%) A-V:  4.445 ct:  5.570 Cache: 846s/500MB
AV: 00:01:38 / 00:22:10 (7%) A-V:  4.432 ct:  5.583 Cache: 846s/500MB
AV: 00:01:38 / 00:22:10 (7%) A-V:  4.418 ct:  5.596 Cache: 846s/500MB
AV: 00:01:38 / 00:22:10 (7%) A-V:  4.405 ct:  5.610 Cache: 846s/500MB
AV: 00:01:38 / 00:22:10 (7%) A-V:  4.392 ct:  5.623 Cache: 846s/500MB
AV: 00:01:38 / 00:22:10 (7%) A-V:  4.378 ct:  5.636 Cache: 846s/500MB
AV: 00:01:38 / 00:22:10 (7%) A-V:  4.365 ct:  5.650 Cache: 846s/500MB
AV: 00:01:38 / 00:22:10 (7%) A-V:  4.352 ct:  5.663 Cache: 846s/500MB
AV: 00:01:38 / 00:22:10 (7%) A-V:  4.338 ct:  5.676 Cache: 846s/500MB
AV: 00:01:38 / 00:22:10 (7%) A-V:  4.325 ct:  5.690 Cache: 846s/500MB
AV: 00:01:38 / 00:22:10 (7%) A-V:  4.312 ct:  5.703 Cache: 846s/500MB
AV: 00:01:38 / 00:22:10 (7%) A-V:  4.298 ct:  5.716 Cache: 846s/500MB
AV: 00:01:43 / 00:22:10 (8%) A-V:  0.000 Cache: 814s/500MB
AV: 00:01:38 / 00:22:10 (7%) A-V:  4.285 ct:  5.730 Cache: 846s/500MB
AV: 00:01:38 / 00:22:10 (7%) A-V:  4.272 ct:  5.743 Cache: 846s/500MB
AV: 00:01:38 / 00:22:10 (7%) A-V:  4.258 ct:  5.756 Cache: 846s/500MB
AV: 00:01:43 / 00:22:10 (8%) A-V:  0.000 Cache: 813s/500MB
AV: 00:01:38 / 00:22:10 (7%) A-V:  4.245 ct:  5.770 Cache: 846s/500MB
AV: 00:01:38 / 00:22:10 (7%) A-V:  4.231 ct:  5.783 Cache: 846s/500MB
AV: 00:01:38 / 00:22:10 (7%) A-V:  4.218 ct:  5.796 Cache: 846s/500MB
AV: 00:01:38 / 00:22:10 (7%) A-V:  4.205 ct:  5.810 Cache: 846s/500MB
AV: 00:01:38 / 00:22:10 (7%) A-V:  4.191 ct:  5.823 Cache: 846s/500MB
AV: 00:01:38 / 00:22:10 (7%) A-V:  4.178 ct:  5.837 Cache: 846s/500MB
AV: 00:01:38 / 00:22:10 (7%) A-V:  4.165 ct:  5.850 Cache: 846s/500MB
AV: 00:01:38 / 00:22:10 (7%) A-V:  4.151 ct:  5.863 Cache: 846s/500MB
AV: 00:01:42 / 00:22:10 (8%) A-V:  0.000 Dropped: 5 Cache: 896s/500MB
AV: 00:01:38 / 00:22:10 (7%) A-V:  4.138 ct:  5.877 Cache: 846s/500MB
AV: 00:01:38 / 00:22:10 (7%) A-V:  4.125 ct:  5.890 Cache: 846s/500MB
AV: 00:01:38 / 00:22:10 (7%) A-V:  4.111 ct:  5.903 Cache: 846s/500MB
AV: 00:01:38 / 00:22:10 (7%) A-V:  4.098 ct:  5.917 Cache: 846s/500MB
AV: 00:01:38 / 00:22:10 (7%) A-V:  4.085 ct:  5.930 Cache: 846s/500MB
AV: 00:01:38 / 00:22:10 (7%) A-V:  4.071 ct:  5.943 Cache: 846s/500MB
AV: 00:01:38 / 00:22:10 (7%) A-V:  4.058 ct:  5.957 Cache: 846s/500MB
AV: 00:01:38 / 00:22:10 (7%) A-V:  4.045 ct:  5.970 Cache: 845s/500MB
AV: 00:01:39 / 00:22:10 (7%) A-V:  4.031 ct:  5.983 Cache: 845s/500MB
AV: 00:01:39 / 00:22:10 (7%) A-V:  4.018 ct:  5.997 Cache: 845s/500MB
AV: 00:01:39 / 00:22:10 (7%) A-V:  4.005 ct:  6.010 Cache: 845s/500MB
AV: 00:01:39 / 00:22:10 (7%) A-V:  3.991 ct:  6.023 Cache: 845s/500MB
AV: 00:01:39 / 00:22:10 (7%) A-V:  3.978 ct:  6.037 Cache: 845s/500MB
AV: 00:01:39 / 00:22:10 (7%) A-V:  3.965 ct:  6.050 Cache: 845s/500MB
AV: 00:01:39 / 00:22:10 (7%) A-V:  3.951 ct:  6.063 Cache: 845s/500MB
AV: 00:01:39 / 00:22:10 (7%) A-V:  3.938 ct:  6.077 Cache: 845s/500MB
AV: 00:01:39 / 00:22:10 (7%) A-V:  3.925 ct:  6.090 Cache: 845s/500MB
AV: 00:01:39 / 00:22:10 (7%) A-V:  3.911 ct:  6.103 Cache: 845s/500MB
AV: 00:01:39 / 00:22:10 (7%) A-V:  3.898 ct:  6.117 Cache: 845s/500MB
AV: 00:01:39 / 00:22:10 (7%) A-V:  3.884 ct:  6.130 Cache: 845s/500MB
AV: 00:01:39 / 00:22:10 (7%) A-V:  3.871 ct:  6.143 Cache: 845s/500MB
AV: 00:01:39 / 00:22:10 (7%) A-V:  3.858 ct:  6.157 Cache: 845s/500MB
AV: 00:01:39 / 00:22:10 (7%) A-V:  3.844 ct:  6.170 Cache: 845s/500MB
AV: 00:01:43 / 00:22:10 (8%) A-V:  0.000 Dropped: 5 Cache: 896s/500MB
AV: 00:01:39 / 00:22:10 (7%) A-V:  3.831 ct:  6.184 Cache: 845s/500MB
AV: 00:01:43 / 00:22:10 (8%) A-V:  0.000 Dropped: 9 Cache: 871s/500MB
AV: 00:01:39 / 00:22:10 (7%) A-V:  3.818 ct:  6.197 Cache: 845s/500MB
AV: 00:01:39 / 00:22:10 (7%) A-V:  3.804 ct:  6.210 Cache: 845s/500MB
AV: 00:01:39 / 00:22:10 (7%) A-V:  3.791 ct:  6.224 Cache: 845s/500MB
AV: 00:01:39 / 00:22:10 (7%) A-V:  3.778 ct:  6.237 Cache: 845s/500MB
AV: 00:01:39 / 00:22:10 (7%) A-V:  3.764 ct:  6.250 Cache: 845s/500MB
AV: 00:01:39 / 00:22:10 (7%) A-V:  3.751 ct:  6.264 Cache: 845s/500MB
AV: 00:01:39 / 00:22:10 (7%) A-V:  3.738 ct:  6.277 Cache: 845s/500MB
AV: 00:01:39 / 00:22:10 (8%) A-V:  3.724 ct:  6.290 Cache: 845s/500MB
AV: 00:01:39 / 00:22:10 (8%) A-V:  3.711 ct:  6.304 Cache: 845s/500MB
AV: 00:01:39 / 00:22:10 (8%) A-V:  3.698 ct:  6.317 Cache: 845s/500MB
AV: 00:01:39 / 00:22:10 (8%) A-V:  3.684 ct:  6.330 Cache: 845s/500MB
AV: 00:01:39 / 00:22:10 (8%) A-V:  3.671 ct:  6.344 Cache: 845s/500MB
AV: 00:01:39 / 00:22:10 (8%) A-V:  3.658 ct:  6.357 Cache: 845s/500MB
AV: 00:01:39 / 00:22:10 (8%) A-V:  3.644 ct:  6.370 Cache: 845s/500MB
AV: 00:01:40 / 00:22:10 (8%) A-V:  3.631 ct:  6.384 Cache: 845s/500MB
AV: 00:01:44 / 00:22:10 (8%) A-V:  0.000 Cache: 813s/500MB
AV: 00:01:40 / 00:22:10 (8%) A-V:  3.618 ct:  6.397 Cache: 845s/500MB
AV: 00:01:40 / 00:22:10 (8%) A-V:  3.604 ct:  6.410 Cache: 845s/500MB
AV: 00:01:40 / 00:22:10 (8%) A-V:  3.591 ct:  6.424 Cache: 845s/500MB
AV: 00:01:40 / 00:22:10 (8%) A-V:  3.577 ct:  6.437 Cache: 845s/500MB
AV: 00:01:40 / 00:22:10 (8%) A-V:  3.564 ct:  6.450 Cache: 845s/500MB
AV: 00:01:40 / 00:22:10 (8%) A-V:  3.551 ct:  6.464 Cache: 845s/500MB
AV: 00:01:40 / 00:22:10 (8%) A-V:  3.537 ct:  6.477 Cache: 845s/500MB
AV: 00:01:40 / 00:22:10 (8%) A-V:  3.524 ct:  6.491 Cache: 845s/500MB
AV: 00:01:40 / 00:22:10 (8%) A-V:  3.511 ct:  6.504 Cache: 845s/500MB
AV: 00:01:40 / 00:22:10 (8%) A-V:  3.497 ct:  6.517 Cache: 845s/500MB
AV: 00:01:40 / 00:22:10 (8%) A-V:  3.484 ct:  6.531 Cache: 845s/500MB
AV: 00:01:40 / 00:22:10 (8%) A-V:  3.471 ct:  6.544 Cache: 845s/500MB
AV: 00:01:40 / 00:22:10 (8%) A-V:  3.457 ct:  6.557 Cache: 845s/500MB
AV: 00:01:40 / 00:22:10 (8%) A-V:  3.444 ct:  6.571 Cache: 845s/500MB
AV: 00:01:44 / 00:22:10 (8%) A-V:  0.000 Cache: 812s/500MB
AV: 00:01:40 / 00:22:10 (8%) A-V:  3.431 ct:  6.584 Cache: 845s/500MB
AV: 00:01:40 / 00:22:10 (8%) A-V:  3.417 ct:  6.597 Cache: 845s/500MB
AV: 00:01:43 / 00:22:10 (8%) A-V:  0.000 Dropped: 5 Cache: 895s/500MB
AV: 00:01:40 / 00:22:10 (8%) A-V:  3.404 ct:  6.611 Cache: 845s/500MB
AV: 00:01:40 / 00:22:10 (8%) A-V:  3.391 ct:  6.624 Cache: 845s/500MB
AV: 00:01:40 / 00:22:10 (8%) A-V:  3.377 ct:  6.637 Cache: 845s/500MB
AV: 00:01:40 / 00:22:10 (8%) A-V:  3.364 ct:  6.651 Cache: 845s/500MB
AV: 00:01:40 / 00:22:10 (8%) A-V:  3.351 ct:  6.664 Cache: 845s/500MB
AV: 00:01:40 / 00:22:10 (8%) A-V:  3.337 ct:  6.677 Cache: 845s/500MB
AV: 00:01:40 / 00:22:10 (8%) A-V:  3.324 ct:  6.691 Cache: 845s/500MB
AV: 00:01:40 / 00:22:10 (8%) A-V:  3.311 ct:  6.704 Cache: 845s/500MB
AV: 00:01:40 / 00:22:10 (8%) A-V:  3.297 ct:  6.717 Cache: 845s/500MB
AV: 00:01:40 / 00:22:10 (8%) A-V:  3.284 ct:  6.731 Cache: 845s/500MB
AV: 00:01:40 / 00:22:10 (8%) A-V:  3.271 ct:  6.744 Cache: 845s/500MB
AV: 00:01:40 / 00:22:10 (8%) A-V:  3.257 ct:  6.757 Cache: 845s/500MB
AV: 00:01:40 / 00:22:10 (8%) A-V:  3.244 ct:  6.771 Cache: 845s/500MB
AV: 00:01:41 / 00:22:10 (8%) A-V:  3.230 ct:  6.784 Cache: 845s/500MB
AV: 00:01:41 / 00:22:10 (8%) A-V:  3.217 ct:  6.797 Cache: 845s/500MB
AV: 00:01:41 / 00:22:10 (8%) A-V:  3.204 ct:  6.811 Cache: 845s/500MB
AV: 00:01:41 / 00:22:10 (8%) A-V:  3.190 ct:  6.824 Cache: 845s/500MB
AV: 00:01:41 / 00:22:10 (8%) A-V:  3.177 ct:  6.838 Cache: 845s/500MB
AV: 00:01:41 / 00:22:10 (8%) A-V:  3.164 ct:  6.851 Cache: 845s/500MB
AV: 00:01:44 / 00:22:10 (8%) A-V:  0.000 Dropped: 5 Cache: 895s/500MB
AV: 00:01:44 / 00:22:10 (8%) A-V:  0.000 Dropped: 9 Cache: 871s/500MB
AV: 00:01:41 / 00:22:10 (8%) A-V:  3.150 ct:  6.864 Cache: 845s/500MB
AV: 00:01:41 / 00:22:10 (8%) A-V:  3.137 ct:  6.878 Cache: 845s/500MB
AV: 00:01:41 / 00:22:10 (8%) A-V:  3.124 ct:  6.891 Cache: 845s/500MB
AV: 00:01:41 / 00:22:10 (8%) A-V:  3.110 ct:  6.904 Cache: 844s/500MB
AV: 00:01:41 / 00:22:10 (8%) A-V:  3.097 ct:  6.918 Cache: 844s/500MB
AV: 00:01:41 / 00:22:10 (8%) A-V:  3.084 ct:  6.931 Cache: 844s/500MB
AV: 00:01:41 / 00:22:10 (8%) A-V:  3.070 ct:  6.944 Cache: 844s/500MB
AV: 00:01:41 / 00:22:10 (8%) A-V:  3.057 ct:  6.958 Cache: 844s/500MB
AV: 00:01:41 / 00:22:10 (8%) A-V:  3.044 ct:  6.971 Cache: 844s/500MB
AV: 00:01:44 / 00:22:10 (8%) A-V:  0.000 Dropped: 9 Cache: 872s/500MB
AV: 00:01:44 / 00:22:10 (8%) A-V:  0.000 Dropped: 9 Cache: 871s/500MB
AV: 00:01:41 / 00:22:10 (8%) A-V:  3.030 ct:  6.984 Cache: 844s/500MB
AV: 00:01:41 / 00:22:10 (8%) A-V:  3.017 ct:  6.998 Cache: 844s/500MB
AV: 00:01:41 / 00:22:10 (8%) A-V:  3.004 ct:  7.011 Cache: 844s/500MB
AV: 00:01:41 / 00:22:10 (8%) A-V:  2.990 ct:  7.024 Cache: 844s/500MB
AV: 00:01:41 / 00:22:10 (8%) A-V:  2.977 ct:  7.038 Cache: 844s/500MB
AV: 00:01:41 / 00:22:10 (8%) A-V:  2.964 ct:  7.051 Cache: 844s/500MB
AV: 00:01:41 / 00:22:10 (8%) A-V:  2.950 ct:  7.064 Cache: 844s/500MB
AV: 00:01:45 / 00:22:10 (8%) A-V:  0.000 Cache: 812s/500MB
AV: 00:01:41 / 00:22:10 (8%) A-V:  2.937 ct:  7.078 Cache: 844s/500MB
AV: 00:01:41 / 00:22:10 (8%) A-V:  2.924 ct:  7.091 Cache: 844s/500MB
AV: 00:01:41 / 00:22:10 (8%) A-V:  2.910 ct:  7.104 Cache: 844s/500MB
AV: 00:01:41 / 00:22:10 (8%) A-V:  2.897 ct:  7.118 Cache: 844s/500MB
AV: 00:01:41 / 00:22:10 (8%) A-V:  2.883 ct:  7.131 Cache: 844s/500MB
AV: 00:01:44 / 00:22:10 (8%) A-V:  0.000 Dropped: 9 Cache: 872s/500MB
AV: 00:01:41 / 00:22:10 (8%) A-V:  2.870 ct:  7.144 Cache: 844s/500MB
AV: 00:01:41 / 00:22:10 (8%) A-V:  2.857 ct:  7.158 Cache: 844s/500MB
AV: 00:01:44 / 00:22:10 (8%) A-V:  0.000 Dropped: 9 Cache: 871s/500MB
AV: 00:01:41 / 00:22:10 (8%) A-V:  2.843 ct:  7.171 Cache: 844s/500MB
AV: 00:01:44 / 00:22:10 (8%) A-V:  0.000 Dropped: 9 Cache: 872s/500MB
AV: 00:01:44 / 00:22:10 (8%) A-V:  0.000 Dropped: 9 Cache: 871s/500MB
AV: 00:01:42 / 00:22:10 (8%) A-V:  2.830 ct:  7.185 Cache: 844s/500MB
AV: 00:01:42 / 00:22:10 (8%) A-V:  2.817 ct:  7.198 Cache: 844s/500MB
AV: 00:01:42 / 00:22:10 (8%) A-V:  2.803 ct:  7.211 Cache: 844s/500MB
AV: 00:01:42 / 00:22:10 (8%) A-V:  2.790 ct:  7.225 Cache: 844s/500MB
AV: 00:01:42 / 00:22:10 (8%) A-V:  2.777 ct:  7.238 Cache: 844s/500MB
AV: 00:01:42 / 00:22:10 (8%) A-V:  2.763 ct:  7.251 Cache: 844s/500MB
AV: 00:01:45 / 00:22:10 (8%) A-V:  0.000 Cache: 811s/500MB
AV: 00:01:42 / 00:22:10 (8%) A-V:  2.750 ct:  7.265 Cache: 844s/500MB
AV: 00:01:42 / 00:22:10 (8%) A-V:  2.737 ct:  7.278 Cache: 844s/500MB
AV: 00:01:44 / 00:22:10 (8%) A-V:  0.000 Dropped: 5 Cache: 894s/500MB
AV: 00:01:42 / 00:22:10 (8%) A-V:  2.723 ct:  7.291 Cache: 844s/500MB
AV: 00:01:42 / 00:22:10 (8%) A-V:  2.710 ct:  7.305 Cache: 844s/500MB
AV: 00:01:44 / 00:22:10 (8%) A-V:  0.000 Dropped: 9 Cache: 872s/500MB
AV: 00:01:42 / 00:22:10 (8%) A-V:  2.697 ct:  7.318 Cache: 844s/500MB
AV: 00:01:44 / 00:22:10 (8%) A-V:  0.000 Dropped: 9 Cache: 871s/500MB
AV: 00:01:42 / 00:22:10 (8%) A-V:  2.683 ct:  7.331 Cache: 844s/500MB
AV: 00:01:42 / 00:22:10 (8%) A-V:  2.670 ct:  7.345 Cache: 844s/500MB
AV: 00:01:42 / 00:22:10 (8%) A-V:  2.657 ct:  7.358 Cache: 844s/500MB
AV: 00:01:42 / 00:22:10 (8%) A-V:  2.643 ct:  7.371 Cache: 844s/500MB
AV: 00:01:42 / 00:22:10 (8%) A-V:  2.630 ct:  7.385 Cache: 844s/500MB
AV: 00:01:42 / 00:22:10 (8%) A-V:  2.617 ct:  7.398 Cache: 844s/500MB
AV: 00:01:42 / 00:22:10 (8%) A-V:  2.603 ct:  7.411 Cache: 844s/500MB
AV: 00:01:42 / 00:22:10 (8%) A-V:  2.590 ct:  7.425 Cache: 844s/500MB
AV: 00:01:42 / 00:22:10 (8%) A-V:  2.576 ct:  7.438 Cache: 844s/500MB
AV: 00:01:42 / 00:22:10 (8%) A-V:  2.563 ct:  7.451 Cache: 844s/500MB
AV: 00:01:42 / 00:22:10 (8%) A-V:  2.550 ct:  7.465 Cache: 844s/500MB
AV: 00:01:42 / 00:22:10 (8%) A-V:  2.536 ct:  7.478 Cache: 844s/500MB
AV: 00:01:42 / 00:22:10 (8%) A-V:  2.523 ct:  7.492 Cache: 844s/500MB
AV: 00:01:44 / 00:22:10 (8%) A-V:  0.000 Dropped: 9 Cache: 872s/500MB
AV: 00:01:42 / 00:22:10 (8%) A-V:  2.510 ct:  7.505 Cache: 844s/500MB
AV: 00:01:42 / 00:22:10 (8%) A-V:  2.496 ct:  7.518 Cache: 844s/500MB
AV: 00:01:45 / 00:22:10 (8%) A-V:  0.000 Dropped: 5 Cache: 894s/500MB
AV: 00:01:45 / 00:22:10 (8%) A-V:  0.000 Dropped: 9 Cache: 872s/500MB
AV: 00:01:42 / 00:22:10 (8%) A-V:  2.483 ct:  7.532 Cache: 844s/500MB
AV: 00:01:42 / 00:22:10 (8%) A-V:  2.470 ct:  7.545 Cache: 844s/500MB
AV: 00:01:42 / 00:22:10 (8%) A-V:  2.456 ct:  7.558 Cache: 844s/500MB
AV: 00:01:42 / 00:22:10 (8%) A-V:  2.443 ct:  7.572 Cache: 844s/500MB
AV: 00:01:45 / 00:22:10 (8%) A-V:  0.000 Dropped: 9 Cache: 871s/500MB
AV: 00:01:43 / 00:22:10 (8%) A-V:  2.430 ct:  7.585 Cache: 844s/500MB
AV: 00:01:43 / 00:22:10 (8%) A-V:  2.416 ct:  7.598 Cache: 844s/500MB
AV: 00:01:43 / 00:22:10 (8%) A-V:  2.403 ct:  7.612 Cache: 844s/500MB
AV: 00:01:43 / 00:22:10 (8%) A-V:  2.390 ct:  7.625 Cache: 844s/500MB
AV: 00:01:43 / 00:22:10 (8%) A-V:  2.376 ct:  7.638 Cache: 844s/500MB
AV: 00:01:45 / 00:22:10 (8%) A-V:  0.000 Dropped: 9 Cache: 872s/500MB
AV: 00:01:43 / 00:22:10 (8%) A-V:  2.363 ct:  7.652 Cache: 844s/500MB
AV: 00:01:43 / 00:22:10 (8%) A-V:  2.350 ct:  7.665 Cache: 844s/500MB
AV: 00:01:43 / 00:22:10 (8%) A-V:  2.336 ct:  7.678 Cache: 844s/500MB
AV: 00:01:43 / 00:22:10 (8%) A-V:  2.323 ct:  7.692 Cache: 844s/500MB
AV: 00:01:43 / 00:22:10 (8%) A-V:  2.310 ct:  7.705 Cache: 844s/500MB
AV: 00:01:45 / 00:22:10 (8%) A-V:  0.000 Dropped: 9 Cache: 871s/500MB
AV: 00:01:43 / 00:22:10 (8%) A-V:  2.296 ct:  7.718 Cache: 844s/500MB
AV: 00:01:43 / 00:22:10 (8%) A-V:  2.283 ct:  7.732 Cache: 844s/500MB
AV: 00:01:46 / 00:22:10 (8%) A-V:  0.000 Cache: 811s/500MB
AV: 00:01:43 / 00:22:10 (8%) A-V:  2.270 ct:  7.745 Cache: 844s/500MB
AV: 00:01:43 / 00:22:10 (8%) A-V:  2.256 ct:  7.758 Cache: 844s/500MB
AV: 00:01:43 / 00:22:10 (8%) A-V:  2.243 ct:  7.772 Cache: 844s/500MB
AV: 00:01:43 / 00:22:10 (8%) A-V:  2.229 ct:  7.785 Cache: 844s/500MB
AV: 00:01:43 / 00:22:10 (8%) A-V:  2.216 ct:  7.798 Cache: 844s/500MB
AV: 00:01:43 / 00:22:10 (8%) A-V:  2.203 ct:  7.812 Cache: 844s/500MB
AV: 00:01:45 / 00:22:10 (8%) A-V:  0.000 Dropped: 9 Cache: 872s/500MB
AV: 00:01:43 / 00:22:10 (8%) A-V:  2.189 ct:  7.825 Cache: 844s/500MB
AV: 00:01:43 / 00:22:10 (8%) A-V:  2.176 ct:  7.839 Cache: 844s/500MB
AV: 00:01:45 / 00:22:10 (8%) A-V:  0.000 Dropped: 9 Cache: 871s/500MB
AV: 00:01:43 / 00:22:10 (8%) A-V:  2.163 ct:  7.852 Cache: 844s/500MB
AV: 00:01:45 / 00:22:10 (8%) A-V:  0.000 Dropped: 9 Cache: 872s/500MB
AV: 00:01:43 / 00:22:10 (8%) A-V:  2.149 ct:  7.865 Cache: 844s/500MB
AV: 00:01:45 / 00:22:10 (8%) A-V:  0.000 Dropped: 9 Cache: 871s/500MB
AV: 00:01:43 / 00:22:10 (8%) A-V:  2.136 ct:  7.879 Cache: 844s/500MB
AV: 00:01:43 / 00:22:10 (8%) A-V:  2.123 ct:  7.892 Cache: 844s/500MB
AV: 00:01:43 / 00:22:10 (8%) A-V:  2.109 ct:  7.905 Cache: 844s/500MB
AV: 00:01:43 / 00:22:10 (8%) A-V:  2.096 ct:  7.919 Cache: 844s/500MB
AV: 00:01:43 / 00:22:10 (8%) A-V:  2.083 ct:  7.932 Cache: 844s/500MB
AV: 00:01:43 / 00:22:10 (8%) A-V:  2.069 ct:  7.945 Cache: 844s/500MB
AV: 00:01:45 / 00:22:10 (8%) A-V:  0.000 Dropped: 5 Cache: 893s/500MB
AV: 00:01:43 / 00:22:10 (8%) A-V:  2.056 ct:  7.959 Cache: 844s/500MB
AV: 00:01:43 / 00:22:10 (8%) A-V:  2.043 ct:  7.972 Cache: 844s/500MB
AV: 00:01:44 / 00:22:10 (8%) A-V:  2.029 ct:  7.985 Cache: 844s/500MB
AV: 00:01:45 / 00:22:10 (8%) A-V:  0.000 Dropped: 9 Cache: 872s/500MB
AV: 00:01:44 / 00:22:10 (8%) A-V:  2.016 ct:  7.999 Cache: 844s/500MB
AV: 00:01:46 / 00:22:10 (8%) A-V:  0.000 Cache: 810s/500MB
AV: 00:01:44 / 00:22:10 (8%) A-V:  2.003 ct:  8.012 Cache: 844s/500MB
AV: 00:01:44 / 00:22:10 (8%) A-V:  1.989 ct:  8.025 Cache: 844s/500MB
AV: 00:01:44 / 00:22:10 (8%) A-V:  1.976 ct:  8.039 Cache: 844s/500MB
AV: 00:01:44 / 00:22:10 (8%) A-V:  1.963 ct:  8.052 Cache: 844s/500MB
AV: 00:01:45 / 00:22:10 (8%) A-V:  0.000 Dropped: 9 Cache: 871s/500MB
AV: 00:01:44 / 00:22:10 (8%) A-V:  1.949 ct:  8.065 Cache: 843s/500MB
AV: 00:01:44 / 00:22:10 (8%) A-V:  1.936 ct:  8.079 Cache: 843s/500MB
AV: 00:01:44 / 00:22:10 (8%) A-V:  1.922 ct:  8.092 Cache: 843s/500MB
AV: 00:01:44 / 00:22:10 (8%) A-V:  1.909 ct:  8.105 Cache: 843s/500MB
AV: 00:01:44 / 00:22:10 (8%) A-V:  1.896 ct:  8.119 Cache: 843s/500MB
AV: 00:01:44 / 00:22:10 (8%) A-V:  1.882 ct:  8.132 Cache: 843s/500MB
AV: 00:01:44 / 00:22:10 (8%) A-V:  1.869 ct:  8.145 Cache: 843s/500MB
AV: 00:01:44 / 00:22:10 (8%) A-V:  1.856 ct:  8.159 Cache: 843s/500MB
AV: 00:01:45 / 00:22:10 (8%) A-V:  0.000 Dropped: 9 Cache: 872s/500MB
AV: 00:01:44 / 00:22:10 (8%) A-V:  1.842 ct:  8.172 Cache: 843s/500MB
AV: 00:01:45 / 00:22:10 (8%) A-V:  0.000 Dropped: 9 Cache: 871s/500MB
AV: 00:01:44 / 00:22:10 (8%) A-V:  1.829 ct:  8.186 Cache: 843s/500MB
AV: 00:01:46 / 00:22:10 (8%) A-V:  0.000 Dropped: 5 Cache: 893s/500MB
AV: 00:01:46 / 00:22:10 (8%) A-V:  0.000 Dropped: 9 Cache: 871s/500MB
AV: 00:01:44 / 00:22:10 (8%) A-V:  1.816 ct:  8.199 Cache: 843s/500MB
AV: 00:01:44 / 00:22:10 (8%) A-V:  1.802 ct:  8.212 Cache: 843s/500MB
AV: 00:01:46 / 00:22:10 (8%) A-V:  0.000 Dropped: 9 Cache: 872s/500MB
AV: 00:01:44 / 00:22:10 (8%) A-V:  1.789 ct:  8.226 Cache: 843s/500MB
AV: 00:01:46 / 00:22:10 (8%) A-V:  0.000 Dropped: 9 Cache: 871s/500MB
AV: 00:01:44 / 00:22:10 (8%) A-V:  1.776 ct:  8.239 Cache: 843s/500MB
AV: 00:01:44 / 00:22:10 (8%) A-V:  1.762 ct:  8.252 Cache: 843s/500MB
AV: 00:01:44 / 00:22:10 (8%) A-V:  1.749 ct:  8.266 Cache: 843s/500MB
AV: 00:01:44 / 00:22:10 (8%) A-V:  1.736 ct:  8.279 Cache: 843s/500MB
AV: 00:01:44 / 00:22:10 (8%) A-V:  1.722 ct:  8.292 Cache: 843s/500MB
AV: 00:01:44 / 00:22:10 (8%) A-V:  1.709 ct:  8.306 Cache: 843s/500MB
AV: 00:01:44 / 00:22:10 (8%) A-V:  1.696 ct:  8.319 Cache: 843s/500MB
AV: 00:01:44 / 00:22:10 (8%) A-V:  1.682 ct:  8.332 Cache: 843s/500MB
AV: 00:01:44 / 00:22:10 (8%) A-V:  1.669 ct:  8.346 Cache: 843s/500MB
AV: 00:01:44 / 00:22:10 (8%) A-V:  1.656 ct:  8.359 Cache: 843s/500MB
AV: 00:01:44 / 00:22:10 (8%) A-V:  1.642 ct:  8.372 Cache: 843s/500MB
AV: 00:01:46 / 00:22:10 (8%) A-V:  0.000 Dropped: 9 Cache: 872s/500MB
AV: 00:01:46 / 00:22:10 (8%) A-V:  0.000 Dropped: 9 Cache: 871s/500MB
AV: 00:01:45 / 00:22:10 (8%) A-V:  1.629 ct:  8.386 Cache: 843s/500MB
AV: 00:01:45 / 00:22:10 (8%) A-V:  1.616 ct:  8.399 Cache: 843s/500MB
AV: 00:01:47 / 00:22:10 (8%) A-V:  0.000 Cache: 810s/500MB
AV: 00:01:45 / 00:22:10 (8%) A-V:  1.602 ct:  8.412 Cache: 843s/500MB
AV: 00:01:45 / 00:22:10 (8%) A-V:  1.589 ct:  8.426 Cache: 843s/500MB
AV: 00:01:45 / 00:22:10 (8%) A-V:  1.575 ct:  8.439 Cache: 843s/500MB
AV: 00:01:45 / 00:22:10 (8%) A-V:  1.562 ct:  8.452 Cache: 843s/500MB
AV: 00:01:45 / 00:22:10 (8%) A-V:  1.549 ct:  8.466 Cache: 843s/500MB
AO: [pipewire] 48000Hz stereo 2ch floatp
AV: 00:01:45 / 00:22:10 (8%) A-V:  1.549 ct:  8.466 Cache: 843s/500MB
AV: 00:01:45 / 00:22:10 (8%) A-V:  1.722 ct:  8.479 Cache: 843s/500MB
AV: 00:01:45 / 00:22:10 (8%) A-V:  1.522 ct:  8.493 Dropped: 1 Cache: 843s/500MB
AV: 00:01:46 / 00:22:10 (8%) A-V:  0.000 Dropped: 9 Cache: 872s/500MB
AV: 00:01:45 / 00:22:10 (8%) A-V:  1.509 ct:  8.506 Dropped: 1 Cache: 843s/500MB
AV: 00:01:45 / 00:22:10 (8%) A-V:  1.495 ct:  8.519 Dropped: 1 Cache: 843s/500MB
AV: 00:01:45 / 00:22:10 (8%) A-V:  1.482 ct:  8.533 Dropped: 1 Cache: 843s/500MB
AV: 00:01:45 / 00:22:10 (8%) A-V:  1.469 ct:  8.546 Dropped: 1 Cache: 843s/500MB
AV: 00:01:45 / 00:22:10 (8%) A-V:  1.455 ct:  8.559 Dropped: 1 Cache: 843s/500MB
AV: 00:01:45 / 00:22:10 (8%) A-V:  1.442 ct:  8.573 Dropped: 1 Cache: 843s/500MB
AV: 00:01:46 / 00:22:10 (8%) A-V:  0.000 Dropped: 9 Cache: 871s/500MB
AV: 00:01:46 / 00:22:10 (8%) A-V:  0.000 Dropped: 5 Cache: 892s/500MB
AV: 00:01:45 / 00:22:10 (8%) A-V:  1.429 ct:  8.586 Dropped: 1 Cache: 843s/500MB
AV: 00:01:45 / 00:22:10 (8%) A-V:  1.415 ct:  8.599 Dropped: 1 Cache: 843s/500MB
AV: 00:01:45 / 00:22:10 (8%) A-V:  1.402 ct:  8.613 Dropped: 1 Cache: 843s/500MB
AV: 00:01:45 / 00:22:10 (8%) A-V:  1.389 ct:  8.626 Dropped: 1 Cache: 843s/500MB
AV: 00:01:45 / 00:22:10 (8%) A-V:  1.375 ct:  8.639 Dropped: 1 Cache: 843s/500MB
AV: 00:01:45 / 00:22:10 (8%) A-V:  1.362 ct:  8.653 Dropped: 1 Cache: 843s/500MB
AV: 00:01:45 / 00:22:10 (8%) A-V:  1.349 ct:  8.666 Dropped: 1 Cache: 843s/500MB
AV: 00:01:45 / 00:22:10 (8%) A-V:  1.335 ct:  8.679 Dropped: 1 Cache: 843s/500MB
AV: 00:01:45 / 00:22:10 (8%) A-V:  1.322 ct:  8.693 Dropped: 1 Cache: 843s/500MB
AV: 00:01:45 / 00:22:10 (8%) A-V:  1.309 ct:  8.706 Dropped: 1 Cache: 843s/500MB
AV: 00:01:45 / 00:22:10 (8%) A-V:  1.295 ct:  8.719 Dropped: 1 Cache: 843s/500MB
AV: 00:01:45 / 00:22:10 (8%) A-V:  1.282 ct:  8.733 Dropped: 1 Cache: 843s/500MB
AV: 00:01:45 / 00:22:10 (8%) A-V:  1.269 ct:  8.746 Dropped: 1 Cache: 843s/500MB
AV: 00:01:45 / 00:22:10 (8%) A-V:  1.255 ct:  8.759 Dropped: 1 Cache: 843s/500MB
AV: 00:01:45 / 00:22:10 (8%) A-V:  1.242 ct:  8.773 Dropped: 1 Cache: 843s/500MB
AV: 00:01:46 / 00:22:10 (8%) A-V:  1.228 ct:  8.786 Dropped: 1 Cache: 843s/500MB
AV: 00:01:46 / 00:22:10 (8%) A-V:  1.215 ct:  8.799 Dropped: 1 Cache: 843s/500MB
AV: 00:01:47 / 00:22:10 (8%) A-V:  0.000 Cache: 809s/500MB
AV: 00:01:46 / 00:22:10 (8%) A-V:  1.202 ct:  8.813 Dropped: 1 Cache: 843s/500MB
AV: 00:01:46 / 00:22:10 (8%) A-V:  1.188 ct:  8.826 Dropped: 1 Cache: 843s/500MB
AV: 00:01:46 / 00:22:10 (8%) A-V:  1.175 ct:  8.840 Dropped: 1 Cache: 843s/500MB
AV: 00:01:47 / 00:22:10 (8%) A-V:  0.000 Dropped: 5 Cache: 892s/500MB
AV: 00:01:46 / 00:22:10 (8%) A-V:  1.162 ct:  8.853 Dropped: 1 Cache: 843s/500MB
AV: 00:01:47 / 00:22:10 (8%) A-V:  0.000 Dropped: 9 Cache: 871s/500MB
AV: 00:01:46 / 00:22:10 (8%) A-V:  1.148 ct:  8.866 Dropped: 1 Cache: 843s/500MB
AV: 00:01:46 / 00:22:10 (8%) A-V:  1.135 ct:  8.880 Dropped: 1 Cache: 843s/500MB
AV: 00:01:46 / 00:22:10 (8%) A-V:  1.122 ct:  8.893 Dropped: 1 Cache: 843s/500MB
AV: 00:01:46 / 00:22:10 (8%) A-V:  1.108 ct:  8.906 Dropped: 1 Cache: 843s/500MB
AV: 00:01:46 / 00:22:10 (8%) A-V:  1.095 ct:  8.920 Dropped: 1 Cache: 843s/500MB
AV: 00:01:46 / 00:22:10 (8%) A-V:  1.082 ct:  8.933 Dropped: 1 Cache: 843s/500MB
AV: 00:01:46 / 00:22:10 (8%) A-V:  1.068 ct:  8.946 Dropped: 1 Cache: 843s/500MB
AV: 00:01:46 / 00:22:10 (8%) A-V:  1.055 ct:  8.960 Dropped: 1 Cache: 843s/500MB
AV: 00:01:46 / 00:22:10 (8%) A-V:  1.042 ct:  8.973 Dropped: 1 Cache: 843s/500MB
AV: 00:01:46 / 00:22:10 (8%) A-V:  1.028 ct:  8.986 Dropped: 1 Cache: 843s/500MB
AV: 00:01:46 / 00:22:10 (8%) A-V:  1.015 ct:  9.000 Dropped: 1 Cache: 843s/500MB
AV: 00:01:46 / 00:22:10 (8%) A-V:  1.002 ct:  9.013 Dropped: 1 Cache: 843s/500MB
AV: 00:01:46 / 00:22:10 (8%) A-V:  0.988 ct:  9.026 Dropped: 1 Cache: 843s/500MB
AV: 00:01:46 / 00:22:10 (8%) A-V:  0.975 ct:  9.040 Dropped: 1 Cache: 843s/500MB
AV: 00:01:46 / 00:22:10 (8%) A-V:  0.962 ct:  9.053 Dropped: 1 Cache: 843s/500MB
AV: 00:01:48 / 00:22:10 (8%) A-V:  0.000 Cache: 809s/500MB
AV: 00:01:46 / 00:22:10 (8%) A-V:  0.948 ct:  9.066 Dropped: 1 Cache: 843s/500MB
AV: 00:01:46 / 00:22:10 (8%) A-V:  0.935 ct:  9.080 Dropped: 1 Cache: 843s/500MB
AV: 00:01:46 / 00:22:10 (8%) A-V:  0.921 ct:  9.093 Dropped: 1 Cache: 843s/500MB
AV: 00:01:46 / 00:22:10 (8%) A-V:  0.908 ct:  9.106 Dropped: 1 Cache: 843s/500MB
AV: 00:01:46 / 00:22:10 (8%) A-V:  0.895 ct:  9.120 Dropped: 1 Cache: 843s/500MB
AV: 00:01:46 / 00:22:10 (8%) A-V:  0.881 ct:  9.133 Dropped: 1 Cache: 843s/500MB
AV: 00:01:46 / 00:22:10 (8%) A-V:  0.868 ct:  9.146 Dropped: 1 Cache: 843s/500MB
Using hardware decoding (nvdec).
AV: 00:01:46 / 00:22:10 (8%) A-V:  0.868 ct:  9.146 Dropped: 1 Cache: 843s/500MB
AV: 00:01:46 / 00:22:10 (8%) A-V:  0.868 ct:  9.160 Dropped: 1 Cache: 843s/500MB
AV: 00:01:46 / 00:22:10 (8%) A-V:  0.903 ct:  9.160 Dropped: 1 Cache: 843s/500MB
VO: [gpu] 1920x1080 cuda[nv12]
AV: 00:01:46 / 00:22:10 (8%) A-V:  0.903 ct:  9.160 Dropped: 1 Cache: 843s/500MB
AV: 00:01:46 / 00:22:10 (8%) A-V:  0.897 ct:  9.168 Cache: 843s/500MB
AV: 00:01:47 / 00:22:10 (8%) A-V:  0.866 ct:  9.181 Cache: 843s/500MB
AV: 00:01:47 / 00:22:10 (8%) A-V:  0.833 ct:  9.195 Dropped: 1 Cache: 843s/500MB
[dbx] New chapter 9 
AV: 00:01:47 / 00:22:10 (8%) A-V:  0.833 ct:  9.195 Dropped: 1 Cache: 843s/500MB
[dbx] Metadata  
AV: 00:01:47 / 00:22:10 (8%) A-V:  0.833 ct:  9.195 Dropped: 1 Cache: 843s/500MB
[dbx] chapter time is  107 
AV: 00:01:47 / 00:22:10 (8%) A-V:  0.833 ct:  9.195 Dropped: 1 Cache: 843s/500MB
[dbx] Chapter Length is  13 
AV: 00:01:47 / 00:22:10 (8%) A-V:  0.833 ct:  9.195 Dropped: 1 Cache: 843s/500MB
[dbx] record_number was  10 
AV: 00:01:47 / 00:22:10 (8%) A-V:  0.833 ct:  9.195 Dropped: 1 Cache: 843s/500MB
AV: 00:01:47 / 00:22:10 (8%) A-V:  0.807 ct:  9.208 Dropped: 1 Cache: 843s/499MB
AV: 00:01:47 / 00:22:10 (8%) A-V:  0.793 ct:  9.221 Dropped: 1 Cache: 843s/500MB
AV: 00:01:47 / 00:22:10 (8%) A-V:  0.780 ct:  9.235 Dropped: 1 Cache: 843s/500MB
AV: 00:01:47 / 00:22:10 (8%) A-V:  0.000 Dropped: 5 Cache: 891s/500MB
AV: 00:01:47 / 00:22:10 (8%) A-V:  0.767 ct:  9.248 Dropped: 1 Cache: 843s/500MB
AV: 00:01:47 / 00:22:10 (8%) A-V:  0.753 ct:  9.261 Dropped: 1 Cache: 843s/500MB
AV: 00:01:47 / 00:22:10 (8%) A-V:  0.740 ct:  9.275 Dropped: 1 Cache: 843s/500MB
AV: 00:01:47 / 00:22:10 (8%) A-V:  0.727 ct:  9.288 Dropped: 1 Cache: 843s/500MB
AV: 00:01:47 / 00:22:10 (8%) A-V:  0.713 ct:  9.301 Dropped: 1 Cache: 843s/500MB
AV: 00:01:47 / 00:22:10 (8%) A-V:  0.700 ct:  9.315 Dropped: 1 Cache: 843s/500MB
AV: 00:01:47 / 00:22:10 (8%) A-V:  0.687 ct:  9.328 Dropped: 1 Cache: 843s/500MB
AV: 00:01:47 / 00:22:10 (8%) A-V:  0.673 ct:  9.341 Dropped: 1 Cache: 843s/500MB
AV: 00:01:47 / 00:22:10 (8%) A-V:  0.660 ct:  9.355 Dropped: 1 Cache: 843s/500MB
AV: 00:01:47 / 00:22:10 (8%) A-V:  0.647 ct:  9.368 Dropped: 1 Cache: 843s/500MB
AV: 00:01:47 / 00:22:10 (8%) A-V:  0.633 ct:  9.381 Dropped: 1 Cache: 843s/500MB
AV: 00:01:47 / 00:22:10 (8%) A-V:  0.620 ct:  9.395 Dropped: 1 Cache: 843s/500MB
AV: 00:01:47 / 00:22:10 (8%) A-V:  0.607 ct:  9.408 Dropped: 1 Cache: 843s/500MB
AV: 00:01:47 / 00:22:10 (8%) A-V:  0.593 ct:  9.421 Dropped: 1 Cache: 843s/500MB
AV: 00:01:47 / 00:22:10 (8%) A-V:  0.580 ct:  9.435 Dropped: 1 Cache: 843s/500MB
AV: 00:01:47 / 00:22:10 (8%) A-V:  0.567 ct:  9.448 Dropped: 1 Cache: 843s/500MB
AV: 00:01:47 / 00:22:10 (8%) A-V:  0.553 ct:  9.461 Dropped: 1 Cache: 843s/500MB
AV: 00:01:47 / 00:22:10 (8%) A-V:  0.540 ct:  9.475 Dropped: 1 Cache: 843s/500MB
AV: 00:01:47 / 00:22:10 (8%) A-V:  0.527 ct:  9.488 Dropped: 1 Cache: 843s/500MB
AV: 00:01:47 / 00:22:10 (8%) A-V:  0.513 ct:  9.501 Dropped: 1 Cache: 843s/500MB
AV: 00:01:47 / 00:22:10 (8%) A-V:  0.500 ct:  9.515 Dropped: 1 Cache: 843s/500MB
AV: 00:01:48 / 00:22:10 (8%) A-V:  0.000 Dropped: 5 Cache: 891s/500MB
AV: 00:01:48 / 00:22:10 (8%) A-V:  0.000 Dropped: 9 Cache: 871s/500MB
AV: 00:01:47 / 00:22:10 (8%) A-V:  0.487 ct:  9.528 Dropped: 1 Cache: 843s/500MB
AV: 00:01:47 / 00:22:10 (8%) A-V:  0.473 ct:  9.541 Dropped: 1 Cache: 843s/500MB
AV: 00:01:47 / 00:22:10 (8%) A-V:  0.460 ct:  9.555 Dropped: 1 Cache: 843s/500MB
AV: 00:01:47 / 00:22:10 (8%) A-V:  0.447 ct:  9.568 Dropped: 1 Cache: 843s/500MB
AV: 00:01:48 / 00:22:10 (8%) A-V:  0.000 Cache: 808s/500MB
AV: 00:01:48 / 00:22:10 (8%) A-V:  0.433 ct:  9.581 Dropped: 1 Cache: 843s/500MB
AV: 00:01:48 / 00:22:10 (8%) A-V:  0.420 ct:  9.595 Dropped: 1 Cache: 843s/500MB
AV: 00:01:48 / 00:22:10 (8%) A-V:  0.407 ct:  9.608 Dropped: 1 Cache: 843s/500MB
AV: 00:01:48 / 00:22:10 (8%) A-V:  0.393 ct:  9.621 Dropped: 1 Cache: 843s/500MB
AV: 00:01:48 / 00:22:10 (8%) A-V:  0.380 ct:  9.635 Dropped: 1 Cache: 843s/500MB
AV: 00:01:48 / 00:22:10 (8%) A-V:  0.367 ct:  9.648 Dropped: 1 Cache: 843s/500MB
AV: 00:01:48 / 00:22:10 (8%) A-V:  0.353 ct:  9.661 Dropped: 1 Cache: 843s/500MB
AV: 00:01:48 / 00:22:10 (8%) A-V:  0.340 ct:  9.675 Dropped: 1 Cache: 843s/500MB
AV: 00:01:48 / 00:22:10 (8%) A-V:  0.327 ct:  9.688 Dropped: 1 Cache: 843s/500MB
AV: 00:01:48 / 00:22:10 (8%) A-V:  0.313 ct:  9.701 Dropped: 1 Cache: 843s/500MB
AV: 00:01:48 / 00:22:10 (8%) A-V:  0.300 ct:  9.715 Dropped: 1 Cache: 843s/500MB
AV: 00:01:49 / 00:22:10 (8%) A-V:  0.000 Cache: 808s/500MB
AV: 00:01:48 / 00:22:10 (8%) A-V:  0.297 ct:  9.718 Dropped: 1 Cache: 843s/500MB
AV: 00:01:48 / 00:22:10 (8%) A-V:  0.293 ct:  9.721 Dropped: 1 Cache: 843s/500MB
AV: 00:01:48 / 00:22:10 (8%) A-V:  0.290 ct:  9.725 Dropped: 1 Cache: 843s/500MB
AV: 00:01:48 / 00:22:10 (8%) A-V:  0.287 ct:  9.728 Dropped: 1 Cache: 843s/500MB
AV: 00:01:48 / 00:22:10 (8%) A-V:  0.283 ct:  9.731 Dropped: 1 Cache: 843s/500MB
AV: 00:01:48 / 00:22:10 (8%) A-V:  0.280 ct:  9.735 Dropped: 1 Cache: 843s/500MB
AV: 00:01:48 / 00:22:10 (8%) A-V:  0.277 ct:  9.738 Dropped: 1 Cache: 843s/500MB
AV: 00:01:48 / 00:22:10 (8%) A-V:  0.273 ct:  9.741 Dropped: 1 Cache: 843s/500MB
AV: 00:01:48 / 00:22:10 (8%) A-V:  0.270 ct:  9.745 Dropped: 1 Cache: 843s/500MB
AV: 00:01:48 / 00:22:10 (8%) A-V:  0.267 ct:  9.748 Dropped: 1 Cache: 843s/500MB
AV: 00:01:48 / 00:22:10 (8%) A-V:  0.000 Dropped: 5 Cache: 890s/500MB
AV: 00:01:48 / 00:22:10 (8%) A-V:  0.263 ct:  9.751 Dropped: 1 Cache: 843s/500MB
AV: 00:01:48 / 00:22:10 (8%) A-V:  0.000 Dropped: 9 Cache: 871s/499MB
AV: 00:01:48 / 00:22:10 (8%) A-V:  0.000 Dropped: 9 Cache: 871s/500MB
AV: 00:01:48 / 00:22:10 (8%) A-V:  0.260 ct:  9.755 Dropped: 1 Cache: 842s/500MB
AV: 00:01:48 / 00:22:10 (8%) A-V:  0.257 ct:  9.758 Dropped: 1 Cache: 842s/500MB
AV: 00:01:48 / 00:22:10 (8%) A-V:  0.253 ct:  9.761 Dropped: 1 Cache: 842s/500MB
AV: 00:01:48 / 00:22:10 (8%) A-V:  0.250 ct:  9.765 Dropped: 1 Cache: 842s/500MB
AV: 00:01:48 / 00:22:10 (8%) A-V:  0.247 ct:  9.768 Dropped: 1 Cache: 842s/500MB
AV: 00:01:48 / 00:22:10 (8%) A-V:  0.243 ct:  9.771 Dropped: 1 Cache: 842s/500MB
AV: 00:01:48 / 00:22:10 (8%) A-V:  0.240 ct:  9.775 Dropped: 1 Cache: 842s/500MB
AV: 00:01:48 / 00:22:10 (8%) A-V:  0.237 ct:  9.778 Dropped: 1 Cache: 842s/500MB
AV: 00:01:49 / 00:22:10 (8%) A-V:  0.233 ct:  9.781 Dropped: 1 Cache: 842s/500MB
AV: 00:01:49 / 00:22:10 (8%) A-V:  0.230 ct:  9.785 Dropped: 1 Cache: 842s/500MB
AV: 00:01:49 / 00:22:10 (8%) A-V:  0.227 ct:  9.788 Dropped: 1 Cache: 842s/500MB
AV: 00:01:49 / 00:22:10 (8%) A-V:  0.223 ct:  9.791 Dropped: 1 Cache: 842s/500MB
AV: 00:01:49 / 00:22:10 (8%) A-V:  0.000 Dropped: 5 Cache: 890s/500MB
AV: 00:01:49 / 00:22:10 (8%) A-V:  0.220 ct:  9.795 Dropped: 1 Cache: 842s/500MB
AV: 00:01:49 / 00:22:10 (8%) A-V:  0.000 Dropped: 9 Cache: 871s/500MB
AV: 00:01:49 / 00:22:10 (8%) A-V:  0.217 ct:  9.798 Dropped: 1 Cache: 842s/500MB
AV: 00:01:49 / 00:22:10 (8%) A-V:  0.213 ct:  9.801 Dropped: 1 Cache: 842s/500MB
AV: 00:01:49 / 00:22:10 (8%) A-V:  0.210 ct:  9.805 Dropped: 1 Cache: 842s/500MB
AV: 00:01:49 / 00:22:10 (8%) A-V:  0.207 ct:  9.808 Dropped: 1 Cache: 842s/500MB
AV: 00:01:49 / 00:22:10 (8%) A-V:  0.203 ct:  9.811 Dropped: 1 Cache: 842s/500MB
AV: 00:01:49 / 00:22:10 (8%) A-V:  0.200 ct:  9.815 Dropped: 1 Cache: 842s/500MB
AV: 00:01:49 / 00:22:10 (8%) A-V:  0.197 ct:  9.818 Dropped: 1 Cache: 842s/500MB
AV: 00:01:49 / 00:22:10 (8%) A-V:  0.193 ct:  9.821 Dropped: 1 Cache: 842s/500MB
AV: 00:01:49 / 00:22:10 (8%) A-V:  0.190 ct:  9.825 Dropped: 1 Cache: 842s/500MB
AV: 00:01:49 / 00:22:10 (8%) A-V:  0.187 ct:  9.828 Dropped: 1 Cache: 842s/500MB
AV: 00:01:50 / 00:22:10 (8%) A-V:  0.000 Cache: 808s/500MB
AV: 00:01:49 / 00:22:10 (8%) A-V:  0.183 ct:  9.831 Dropped: 1 Cache: 842s/500MB
AV: 00:01:50 / 00:22:10 (8%) A-V:  0.000 Cache: 807s/500MB
AV: 00:01:49 / 00:22:10 (8%) A-V:  0.180 ct:  9.835 Dropped: 1 Cache: 842s/500MB
AV: 00:01:49 / 00:22:10 (8%) A-V:  0.177 ct:  9.838 Dropped: 1 Cache: 842s/500MB
AV: 00:01:49 / 00:22:10 (8%) A-V:  0.173 ct:  9.841 Dropped: 1 Cache: 842s/500MB
AV: 00:01:49 / 00:22:10 (8%) A-V:  0.170 ct:  9.845 Dropped: 1 Cache: 842s/500MB
AV: 00:01:49 / 00:22:10 (8%) A-V:  0.167 ct:  9.848 Dropped: 1 Cache: 842s/500MB
AV: 00:01:49 / 00:22:10 (8%) A-V:  0.163 ct:  9.851 Dropped: 1 Cache: 842s/500MB
AV: 00:01:49 / 00:22:10 (8%) A-V:  0.160 ct:  9.855 Dropped: 1 Cache: 842s/500MB
AV: 00:01:49 / 00:22:10 (8%) A-V:  0.157 ct:  9.858 Dropped: 1 Cache: 842s/500MB
AV: 00:01:49 / 00:22:10 (8%) A-V:  0.000 Dropped: 5 Cache: 889s/500MB
AV: 00:01:49 / 00:22:10 (8%) A-V:  0.153 ct:  9.861 Dropped: 1 Cache: 842s/500MB
AV: 00:01:49 / 00:22:10 (8%) A-V:  0.150 ct:  9.865 Dropped: 1 Cache: 842s/500MB
AV: 00:01:49 / 00:22:10 (8%) A-V:  0.147 ct:  9.868 Dropped: 1 Cache: 842s/500MB
AV: 00:01:49 / 00:22:10 (8%) A-V:  0.143 ct:  9.871 Dropped: 1 Cache: 842s/500MB
AV: 00:01:49 / 00:22:10 (8%) A-V:  0.140 ct:  9.875 Dropped: 1 Cache: 842s/500MB
AV: 00:01:49 / 00:22:10 (8%) A-V:  0.137 ct:  9.878 Dropped: 1 Cache: 842s/500MB
AV: 00:01:50 / 00:22:10 (8%) A-V:  0.133 ct:  9.881 Dropped: 1 Cache: 842s/500MB
AV: 00:01:50 / 00:22:10 (8%) A-V:  0.130 ct:  9.885 Dropped: 1 Cache: 842s/500MB
AV: 00:01:50 / 00:22:10 (8%) A-V:  0.127 ct:  9.888 Dropped: 1 Cache: 842s/500MB
AV: 00:01:50 / 00:22:10 (8%) A-V:  0.123 ct:  9.891 Dropped: 1 Cache: 842s/500MB
AV: 00:01:50 / 00:22:10 (8%) A-V:  0.120 ct:  9.895 Dropped: 1 Cache: 842s/500MB
AV: 00:01:50 / 00:22:10 (8%) A-V:  0.117 ct:  9.898 Dropped: 1 Cache: 842s/500MB
AV: 00:01:50 / 00:22:10 (8%) A-V:  0.113 ct:  9.901 Dropped: 1 Cache: 842s/500MB
AV: 00:01:50 / 00:22:10 (8%) A-V:  0.000 Dropped: 5 Cache: 889s/500MB
AV: 00:01:50 / 00:22:10 (8%) A-V:  0.000 Dropped: 9 Cache: 871s/500MB
AV: 00:01:50 / 00:22:10 (8%) A-V:  0.110 ct:  9.905 Dropped: 1 Cache: 842s/500MB
AV: 00:01:50 / 00:22:10 (8%) A-V:  0.107 ct:  9.908 Dropped: 1 Cache: 842s/500MB
AV: 00:01:50 / 00:22:10 (8%) A-V:  0.103 ct:  9.911 Dropped: 1 Cache: 842s/500MB
AV: 00:01:50 / 00:22:10 (8%) A-V:  0.100 ct:  9.915 Dropped: 1 Cache: 842s/500MB
AV: 00:01:50 / 00:22:10 (8%) A-V:  0.097 ct:  9.918 Dropped: 1 Cache: 842s/500MB
AV: 00:01:50 / 00:22:10 (8%) A-V:  0.093 ct:  9.921 Dropped: 1 Cache: 842s/500MB
AV: 00:01:50 / 00:22:10 (8%) A-V:  0.090 ct:  9.925 Dropped: 1 Cache: 842s/500MB
AV: 00:01:50 / 00:22:10 (8%) A-V:  0.087 ct:  9.928 Dropped: 1 Cache: 841s/500MB
AV: 00:01:50 / 00:22:10 (8%) A-V:  0.083 ct:  9.931 Dropped: 1 Cache: 841s/500MB
AV: 00:01:50 / 00:22:10 (8%) A-V:  0.080 ct:  9.935 Dropped: 1 Cache: 841s/500MB
AV: 00:01:50 / 00:22:10 (8%) A-V:  0.077 ct:  9.938 Dropped: 1 Cache: 841s/500MB
AV: 00:01:51 / 00:22:10 (8%) A-V:  0.000 Cache: 807s/500MB
AV: 00:01:50 / 00:22:10 (8%) A-V:  0.073 ct:  9.941 Dropped: 1 Cache: 841s/500MB
AV: 00:01:50 / 00:22:10 (8%) A-V:  0.070 ct:  9.945 Dropped: 1 Cache: 841s/500MB
AV: 00:01:50 / 00:22:10 (8%) A-V:  0.067 ct:  9.948 Dropped: 1 Cache: 841s/500MB
AV: 00:01:50 / 00:22:10 (8%) A-V:  0.063 ct:  9.951 Dropped: 1 Cache: 841s/500MB
AV: 00:01:50 / 00:22:10 (8%) A-V:  0.060 ct:  9.955 Dropped: 1 Cache: 841s/500MB
AV: 00:01:50 / 00:22:10 (8%) A-V:  0.057 ct:  9.958 Dropped: 1 Cache: 841s/500MB
AV: 00:01:50 / 00:22:10 (8%) A-V:  0.053 ct:  9.961 Dropped: 1 Cache: 841s/500MB
AV: 00:01:50 / 00:22:10 (8%) A-V:  0.050 ct:  9.965 Dropped: 1 Cache: 841s/500MB
AV: 00:01:50 / 00:22:10 (8%) A-V:  0.000 Dropped: 9 Cache: 872s/500MB
AV: 00:01:50 / 00:22:10 (8%) A-V:  0.047 ct:  9.968 Dropped: 1 Cache: 841s/500MB
AV: 00:01:50 / 00:22:10 (8%) A-V:  0.043 ct:  9.971 Dropped: 1 Cache: 841s/500MB
AV: 00:01:50 / 00:22:10 (8%) A-V:  0.000 Dropped: 5 Cache: 888s/500MB
AV: 00:01:50 / 00:22:10 (8%) A-V:  0.040 ct:  9.975 Dropped: 1 Cache: 841s/500MB
AV: 00:01:51 / 00:22:10 (8%) A-V:  0.000 Cache: 806s/500MB
AV: 00:01:50 / 00:22:10 (8%) A-V:  0.037 ct:  9.978 Dropped: 1 Cache: 841s/500MB
AV: 00:01:51 / 00:22:10 (8%) A-V:  0.033 ct:  9.981 Dropped: 1 Cache: 841s/500MB
AV: 00:01:51 / 00:22:10 (8%) A-V:  0.030 ct:  9.985 Dropped: 1 Cache: 841s/500MB
AV: 00:01:51 / 00:22:10 (8%) A-V:  0.027 ct:  9.988 Dropped: 1 Cache: 841s/500MB
AV: 00:01:51 / 00:22:10 (8%) A-V:  0.024 ct:  9.990 Dropped: 1 Cache: 841s/500MB
AV: 00:01:50 / 00:22:10 (8%) A-V:  0.000 Dropped: 9 Cache: 871s/500MB
AV: 00:01:51 / 00:22:10 (8%) A-V:  0.022 ct:  9.993 Dropped: 1 Cache: 841s/500MB
AV: 00:01:50 / 00:22:10 (8%) A-V:  0.000 Dropped: 9 Cache: 872s/500MB
AV: 00:01:51 / 00:22:10 (8%) A-V:  0.020 ct:  9.995 Dropped: 1 Cache: 841s/500MB
AV: 00:01:51 / 00:22:10 (8%) A-V:  0.018 ct:  9.997 Dropped: 1 Cache: 841s/500MB
AV: 00:01:51 / 00:22:10 (8%) A-V:  0.016 ct:  9.999 Dropped: 1 Cache: 841s/500MB
AV: 00:01:51 / 00:22:10 (8%) A-V:  0.014 ct: 10.000 Dropped: 1 Cache: 841s/500MB
AV: 00:01:51 / 00:22:10 (8%) A-V:  0.013 ct: 10.002 Dropped: 1 Cache: 841s/500MB
AV: 00:01:51 / 00:22:10 (8%) A-V:  0.000 Dropped: 5 Cache: 888s/500MB
AV: 00:01:51 / 00:22:10 (8%) A-V:  0.012 ct: 10.003 Dropped: 1 Cache: 841s/500MB
AV: 00:01:51 / 00:22:10 (8%) A-V:  0.010 ct: 10.004 Dropped: 1 Cache: 841s/500MB
Using hardware decoding (nvdec).
AV: 00:01:50 / 00:22:10 (8%) A-V:  0.000 Dropped: 9 Cache: 872s/500MB
AV: 00:01:51 / 00:22:10 (8%) A-V:  0.009 ct: 10.005 Dropped: 1 Cache: 841s/500MB
AV: 00:01:50 / 00:22:10 (8%) A-V:  0.100 Dropped: 9 Cache: 873s/500MB
VO: [gpu] 1920x1080 cuda[nv12]
AV: 00:01:50 / 00:22:10 (8%) A-V:  0.100 Dropped: 9 Cache: 873s/500MB
AV: 00:01:51 / 00:22:10 (8%) A-V:  0.008 ct: 10.006 Dropped: 1 Cache: 841s/500MB
AV: 00:01:50 / 00:22:10 (8%) A-V:  0.119 Cache: 873s/500MB
AV: 00:01:51 / 00:22:10 (8%) A-V:  0.087 Cache: 872s/500MB
AV: 00:01:51 / 00:22:10 (8%) A-V:  0.054 Dropped: 1 Cache: 872s/500MB
AV: 00:01:51 / 00:22:10 (8%) A-V:  0.021 Dropped: 2 Cache: 872s/500MB
[dbx] New chapter 9 
AV: 00:01:51 / 00:22:10 (8%) A-V:  0.021 Dropped: 2 Cache: 872s/500MB
[dbx] Metadata  
AV: 00:01:51 / 00:22:10 (8%) A-V:  0.021 Dropped: 2 Cache: 872s/500MB
[dbx] chapter time is  111 
AV: 00:01:51 / 00:22:10 (8%) A-V:  0.021 Dropped: 2 Cache: 872s/500MB
[dbx] Chapter Length is  17 
AV: 00:01:51 / 00:22:10 (8%) A-V:  0.021 Dropped: 2 Cache: 872s/500MB
[dbx] record_number was  10 
AV: 00:01:51 / 00:22:10 (8%) A-V:  0.021 Dropped: 2 Cache: 872s/500MB
AV: 00:01:51 / 00:22:10 (8%) A-V:  0.000 Dropped: 3 Cache: 873s/500MB
AV: 00:01:51 / 00:22:10 (8%) A-V:  0.008 ct: 10.007 Dropped: 1 Cache: 841s/500MB
AV: 00:01:51 / 00:22:10 (8%) A-V:  0.007 ct: 10.008 Dropped: 1 Cache: 841s/500MB
AV: 00:01:51 / 00:22:10 (8%) A-V:  0.000 Dropped: 3 Cache: 872s/500MB
AV: 00:01:51 / 00:22:10 (8%) A-V:  0.006 ct: 10.008 Dropped: 1 Cache: 841s/500MB
AV: 00:01:51 / 00:22:10 (8%) A-V:  0.006 ct: 10.009 Dropped: 1 Cache: 841s/500MB
AV: 00:01:51 / 00:22:10 (8%) A-V:  0.005 ct: 10.010 Dropped: 1 Cache: 841s/500MB
AV: 00:01:52 / 00:22:10 (8%) A-V:  0.000 Cache: 806s/500MB
AV: 00:01:51 / 00:22:10 (8%) A-V:  0.004 ct: 10.011 Dropped: 1 Cache: 841s/500MB
AV: 00:01:51 / 00:22:10 (8%) A-V:  0.003 ct: 10.011 Dropped: 1 Cache: 841s/500MB
AV: 00:01:51 / 00:22:10 (8%) A-V:  0.003 ct: 10.012 Dropped: 1 Cache: 841s/500MB
AV: 00:01:51 / 00:22:10 (8%) A-V:  0.002 ct: 10.012 Dropped: 1 Cache: 841s/500MB
AV: 00:01:51 / 00:22:10 (8%) A-V:  0.002 ct: 10.012 Dropped: 1 Cache: 840s/500MB
AV: 00:01:51 / 00:22:10 (8%) A-V:  0.002 ct: 10.013 Dropped: 1 Cache: 840s/500MB
AV: 00:01:51 / 00:22:10 (8%) A-V:  0.000 Dropped: 5 Cache: 887s/500MB
AV: 00:01:52 / 00:22:10 (8%) A-V:  0.000 Cache: 805s/500MB
AV: 00:01:52 / 00:22:10 (8%) A-V:  0.001 ct: 10.013 Dropped: 1 Cache: 840s/500MB
AV: 00:01:52 / 00:22:10 (8%) A-V:  0.001 ct: 10.014 Dropped: 1 Cache: 840s/500MB
AV: 00:01:52 / 00:22:10 (8%) A-V:  0.000 Dropped: 5 Cache: 887s/500MB
AV: 00:01:52 / 00:22:10 (8%) A-V:  0.000 ct: 10.014 Dropped: 1 Cache: 840s/500MB
AV: 00:01:52 / 00:22:10 (8%) A-V:  0.000 Dropped: 3 Cache: 872s/500MB
AV: 00:01:53 / 00:22:10 (8%) A-V:  0.000 Cache: 805s/500MB
AV: 00:01:53 / 00:22:10 (9%) A-V:  0.000 Cache: 805s/500MB
AV: 00:01:52 / 00:22:10 (8%) A-V:  0.000 ct: 10.015 Dropped: 1 Cache: 840s/500MB
AV: 00:01:53 / 00:22:10 (9%) A-V:  0.000 Cache: 804s/500MB
AV: 00:01:53 / 00:22:10 (8%) A-V:  0.000 ct: 10.015 Dropped: 1 Cache: 840s/500MB
AV: 00:01:52 / 00:22:10 (8%) A-V:  0.000 Dropped: 3 Cache: 871s/500MB
AV: 00:01:53 / 00:22:10 (9%) A-V:  0.000 ct: 10.015 Dropped: 1 Cache: 840s/500MB
AV: 00:01:52 / 00:22:10 (8%) A-V:  0.000 Dropped: 5 Cache: 886s/500MB
Using hardware decoding (nvdec).
AV: 00:01:52 / 00:22:10 (8%) A-V:  0.000 Dropped: 5 Cache: 886s/500MB
AV: 00:01:52 / 00:22:10 (8%) A-V:  0.000 Dropped: 5 Cache: 889s/500MB
AV: 00:01:53 / 00:22:10 (8%) A-V:  0.000 Dropped: 3 Cache: 871s/500MB
AV: 00:01:53 / 00:22:10 (9%) A-V:  0.000 Dropped: 3 Cache: 871s/500MB
AV: 00:01:52 / 00:22:10 (8%) A-V:  0.117 Dropped: 5 Cache: 892s/500MB
AV: 00:01:52 / 00:22:10 (8%) A-V:  0.085 Dropped: 5 Cache: 892s/500MB
AV: 00:01:53 / 00:22:10 (8%) A-V:  0.053 Dropped: 6 Cache: 892s/500MB
AV: 00:01:53 / 00:22:10 (8%) A-V:  0.020 Dropped: 7 Cache: 892s/500MB
AV: 00:01:53 / 00:22:10 (9%) A-V:  0.000 Dropped: 8 Cache: 892s/500MB
[dbx] New chapter 9 
AV: 00:01:53 / 00:22:10 (9%) A-V:  0.000 Dropped: 8 Cache: 892s/500MB
[dbx] Metadata  
AV: 00:01:53 / 00:22:10 (9%) A-V:  0.000 Dropped: 8 Cache: 892s/500MB
[dbx] chapter time is  113 
AV: 00:01:53 / 00:22:10 (9%) A-V:  0.000 Dropped: 8 Cache: 892s/500MB
[dbx] Chapter Length is  18 
AV: 00:01:53 / 00:22:10 (9%) A-V:  0.000 Dropped: 8 Cache: 892s/500MB
[dbx] record_number was  10 
AV: 00:01:53 / 00:22:10 (9%) A-V:  0.000 Dropped: 8 Cache: 892s/500MB
AV: 00:01:53 / 00:22:10 (9%) A-V:  0.000 ct: 10.015 Dropped: 1 Cache: 839s/500MB
AV: 00:01:53 / 00:22:10 (9%) A-V:  0.000 Dropped: 8 Cache: 893s/500MB
Using hardware decoding (nvdec).
AV: 00:01:53 / 00:22:10 (9%) A-V:  0.000 Cache: 804s/500MB
AV: 00:01:53 / 00:22:10 (9%) A-V:  0.000 Cache: 805s/500MB
AV: 00:01:53 / 00:22:10 (9%) A-V:  0.038 Cache: 805s/500MB
AV: 00:01:53 / 00:22:10 (9%) A-V:  0.000 Dropped: 1 Cache: 805s/500MB
[dbx] New chapter 7 
AV: 00:01:53 / 00:22:10 (9%) A-V:  0.000 Dropped: 1 Cache: 805s/500MB
[dbx] Metadata  
AV: 00:01:53 / 00:22:10 (9%) A-V:  0.000 Dropped: 1 Cache: 805s/500MB
[dbx] chapter time is  114 
AV: 00:01:53 / 00:22:10 (9%) A-V:  0.000 Dropped: 1 Cache: 805s/500MB
[dbx] Chapter Length is  18 
AV: 00:01:53 / 00:22:10 (9%) A-V:  0.000 Dropped: 1 Cache: 805s/500MB
[dbx] record_number was  8 
AV: 00:01:53 / 00:22:10 (9%) A-V:  0.000 Dropped: 1 Cache: 805s/500MB
AV: 00:01:54 / 00:22:10 (9%) A-V:  0.000 Dropped: 1 Cache: 805s/500MB
AV: 00:01:54 / 00:22:10 (9%) A-V:  0.000 Dropped: 1 Cache: 804s/500MB
AV: 00:01:54 / 00:22:10 (9%) A-V:  0.000 Dropped: 1 Cache: 805s/500MB
AV: 00:01:54 / 00:22:10 (9%) A-V:  0.000 Dropped: 1 Cache: 804s/500MB
AV: 00:01:54 / 00:22:10 (9%) A-V:  0.000 ct: 10.015 Dropped: 1 Cache: 839s/500MB
AV: 00:01:54 / 00:22:10 (9%) A-V:  0.000 Dropped: 8 Cache: 893s/500MB
AV: 00:01:54 / 00:22:10 (9%) A-V:  0.000 Dropped: 3 Cache: 871s/500MB
AV: 00:01:54 / 00:22:10 (9%) A-V:  0.000 Dropped: 3 Cache: 870s/500MB
AV: 00:01:54 / 00:22:10 (9%) A-V:  0.000 Dropped: 8 Cache: 894s/500MB
AV: 00:01:55 / 00:22:10 (9%) A-V:  0.000 Dropped: 1 Cache: 804s/500MB
AV: 00:01:54 / 00:22:10 (9%) A-V:  0.000 Dropped: 8 Cache: 893s/500MB
AV: 00:01:54 / 00:22:10 (9%) A-V:  0.000 Dropped: 8 Cache: 894s/500MB
AV: 00:01:54 / 00:22:10 (9%) A-V:  0.000 ct: 10.015 Dropped: 1 Cache: 838s/500MB
AV: 00:01:54 / 00:22:10 (9%) A-V:  0.000 ct: 10.015 Dropped: 1 Cache: 839s/500MB
AV: 00:01:54 / 00:22:10 (9%) A-V:  0.000 ct: 10.015 Dropped: 1 Cache: 838s/500MB
AV: 00:01:55 / 00:22:10 (9%) A-V:  0.000 ct: 10.015 Dropped: 1 Cache: 838s/500MB
AV: 00:01:55 / 00:22:10 (9%) A-V:  0.000 Dropped: 3 Cache: 870s/500MB
AV: 00:01:55 / 00:22:10 (9%) A-V:  0.000 Dropped: 8 Cache: 894s/500MB
AV: 00:01:55 / 00:22:10 (9%) A-V:  0.000 Dropped: 1 Cache: 803s/500MB
AV: 00:01:56 / 00:22:10 (9%) A-V:  0.000 Dropped: 1 Cache: 803s/500MB
AV: 00:01:56 / 00:22:10 (9%) A-V:  0.000 ct: 10.015 Dropped: 1 Cache: 838s/500MB
AV: 00:01:55 / 00:22:10 (9%) A-V:  0.000 Dropped: 3 Cache: 869s/500MB
AV: 00:01:56 / 00:22:10 (9%) A-V:  0.000 ct: 10.015 Dropped: 1 Cache: 837s/500MB
AV: 00:01:56 / 00:22:10 (9%) A-V:  0.000 Dropped: 8 Cache: 894s/500MB
AV: 00:01:56 / 00:22:10 (9%) A-V:  0.000 Dropped: 3 Cache: 869s/500MB
AV: 00:01:56 / 00:22:10 (9%) A-V:  0.000 Dropped: 8 Cache: 893s/500MB
AV: 00:01:57 / 00:22:10 (9%) A-V:  0.000 Dropped: 1 Cache: 803s/500MB
AV: 00:01:57 / 00:22:10 (9%) A-V:  0.000 Dropped: 1 Cache: 802s/500MB
AV: 00:01:57 / 00:22:10 (9%) A-V:  0.000 ct: 10.015 Dropped: 1 Cache: 837s/500MB
AV: 00:01:57 / 00:22:10 (9%) A-V:  0.000 Dropped: 3 Cache: 869s/500MB
AV: 00:01:57 / 00:22:10 (9%) A-V:  0.000 Dropped: 8 Cache: 893s/500MB
AV: 00:01:57 / 00:22:10 (9%) A-V:  0.000 Dropped: 3 Cache: 868s/500MB
AV: 00:01:58 / 00:22:10 (9%) A-V:  0.000 Dropped: 1 Cache: 802s/500MB
AV: 00:01:57 / 00:22:10 (9%) A-V:  0.000 ct: 10.015 Dropped: 1 Cache: 836s/500MB
AV: 00:01:57 / 00:22:10 (9%) A-V:  0.000 Dropped: 8 Cache: 894s/500MB
AV: 00:01:57 / 00:22:10 (9%) A-V:  0.000 Dropped: 8 Cache: 893s/500MB
AV: 00:01:58 / 00:22:10 (9%) A-V:  0.000 ct: 10.015 Dropped: 1 Cache: 836s/500MB
AV: 00:01:58 / 00:22:10 (9%) A-V: -0.000 Dropped: 1 Cache: 802s/500MB
AV: 00:01:58 / 00:22:10 (9%) A-V:  0.000 Dropped: 1 Cache: 802s/500MB
AV: 00:01:58 / 00:22:10 (9%) A-V:  0.000 Dropped: 1 Cache: 801s/500MB
AV: 00:01:58 / 00:22:10 (9%) A-V:  0.000 Dropped: 3 Cache: 868s/500MB
AV: 00:01:58 / 00:22:10 (9%) A-V:  0.000 Dropped: 8 Cache: 893s/500MB
AV: 00:01:59 / 00:22:10 (9%) A-V:  0.000 Dropped: 1 Cache: 801s/500MB
AV: 00:01:58 / 00:22:10 (9%) A-V:  0.000 ct: 10.015 Dropped: 1 Cache: 835s/500MB
AV: 00:01:58 / 00:22:10 (9%) A-V:  0.000 Dropped: 3 Cache: 867s/500MB
AV: 00:01:58 / 00:22:10 (9%) A-V:  0.000 Dropped: 8 Cache: 892s/500MB
Using hardware decoding (nvdec).
AV: 00:01:58 / 00:22:10 (9%) A-V:  0.000 ct: 10.015 Dropped: 1 Cache: 835s/500MB
AV: 00:01:58 / 00:22:10 (9%) A-V:  0.000 ct: 10.015 Dropped: 1 Cache: 836s/500MB
AV: 00:01:58 / 00:22:10 (9%) A-V:  0.055 ct: 10.015 Dropped: 1 Cache: 836s/500MB
VO: [gpu] 3840x2160 cuda[nv12]
AV: 00:01:58 / 00:22:10 (9%) A-V:  0.055 ct: 10.015 Dropped: 1 Cache: 836s/500MB
AV: 00:01:58 / 00:22:10 (9%) A-V:  0.048 ct: 10.015 Cache: 836s/500MB
AV: 00:01:59 / 00:22:10 (9%) A-V:  0.017 ct: 10.015 Cache: 836s/500MB
AV: 00:01:59 / 00:22:10 (9%) A-V:  0.000 ct: 10.015 Dropped: 1 Cache: 836s/500MB
[dbx] New chapter 10 
AV: 00:01:59 / 00:22:10 (9%) A-V:  0.000 ct: 10.015 Dropped: 1 Cache: 836s/500MB
[dbx] Metadata  
AV: 00:01:59 / 00:22:10 (9%) A-V:  0.000 ct: 10.015 Dropped: 1 Cache: 836s/500MB
[dbx] chapter time is  119 
AV: 00:01:59 / 00:22:10 (9%) A-V:  0.000 ct: 10.015 Dropped: 1 Cache: 836s/500MB
[dbx] Chapter Length is  12 
AV: 00:01:59 / 00:22:10 (9%) A-V:  0.000 ct: 10.015 Dropped: 1 Cache: 836s/500MB
[dbx] record_number was  11 
AV: 00:01:59 / 00:22:10 (9%) A-V:  0.000 ct: 10.015 Dropped: 1 Cache: 836s/500MB
AV: 00:01:59 / 00:22:10 (9%) A-V:  0.000 Dropped: 1 Cache: 800s/500MB
AV: 00:01:59 / 00:22:10 (9%) A-V:  0.000 Dropped: 8 Cache: 892s/500MB
AV: 00:01:59 / 00:22:10 (9%) A-V:  0.000 Dropped: 3 Cache: 867s/500MB
AV: 00:02:00 / 00:22:10 (9%) A-V:  0.000 Dropped: 1 Cache: 800s/500MB
AV: 00:01:59 / 00:22:10 (9%) A-V:  0.000 Dropped: 3 Cache: 866s/500MB
AV: 00:01:59 / 00:22:10 (9%) A-V:  0.000 Dropped: 8 Cache: 891s/500MB
AV: 00:02:00 / 00:22:10 (9%) A-V:  0.000 ct: 10.015 Dropped: 1 Cache: 836s/500MB
AV: 00:02:00 / 00:22:10 (9%) A-V:  0.000 Dropped: 1 Cache: 799s/500MB
AV: 00:02:00 / 00:22:10 (9%) A-V:  0.000 Dropped: 8 Cache: 891s/500MB
AV: 00:02:00 / 00:22:10 (9%) A-V:  0.000 Dropped: 3 Cache: 866s/500MB
AV: 00:02:01 / 00:22:10 (9%) A-V:  0.000 Dropped: 1 Cache: 799s/500MB
AV: 00:02:00 / 00:22:10 (9%) A-V:  0.000 Dropped: 8 Cache: 890s/500MB
AV: 00:02:00 / 00:22:10 (9%) A-V:  0.000 Dropped: 3 Cache: 865s/500MB
AV: 00:02:01 / 00:22:10 (9%) A-V:  0.000 ct: 10.015 Dropped: 1 Cache: 836s/500MB
AV: 00:02:01 / 00:22:10 (9%) A-V:  0.000 Dropped: 1 Cache: 798s/500MB
AV: 00:02:01 / 00:22:10 (9%) A-V:  0.000 Dropped: 8 Cache: 890s/500MB
AV: 00:02:01 / 00:22:10 (9%) A-V:  0.000 Dropped: 3 Cache: 865s/500MB
AV: 00:02:02 / 00:22:10 (9%) A-V:  0.000 Dropped: 1 Cache: 798s/500MB
AV: 00:02:01 / 00:22:10 (9%) A-V:  0.000 Dropped: 3 Cache: 864s/500MB
AV: 00:02:01 / 00:22:10 (9%) A-V:  0.000 Dropped: 8 Cache: 889s/500MB
AV: 00:02:02 / 00:22:10 (9%) A-V:  0.000 Dropped: 1 Cache: 799s/500MB
AV: 00:02:02 / 00:22:10 (9%) A-V:  0.000 ct: 10.015 Dropped: 1 Cache: 836s/500MB
AV: 00:02:01 / 00:22:10 (9%) A-V:  0.000 Dropped: 8 Cache: 890s/500MB
AV: 00:02:01 / 00:22:10 (9%) A-V:  0.000 Dropped: 8 Cache: 891s/500MB
AV: 00:02:01 / 00:22:10 (9%) A-V:  0.000 Dropped: 8 Cache: 890s/500MB
AV: 00:02:02 / 00:22:10 (9%) A-V:  0.000 Dropped: 3 Cache: 864s/500MB
AV: 00:02:02 / 00:22:10 (9%) A-V:  0.000 Dropped: 8 Cache: 891s/500MB
AV: 00:02:03 / 00:22:10 (9%) A-V:  0.000 Dropped: 1 Cache: 799s/500MB
AV: 00:02:03 / 00:22:10 (9%) A-V:  0.000 Dropped: 1 Cache: 800s/500MB
AV: 00:02:02 / 00:22:10 (9%) A-V:  0.000 Dropped: 3 Cache: 863s/500MB
AV: 00:02:03 / 00:22:10 (9%) A-V:  0.000 ct: 10.015 Dropped: 1 Cache: 836s/500MB
AV: 00:02:02 / 00:22:10 (9%) A-V:  0.000 Dropped: 8 Cache: 892s/500MB
AV: 00:02:03 / 00:22:10 (9%) A-V:  0.000 Dropped: 8 Cache: 892s/500MB
AV: 00:02:03 / 00:22:10 (9%) A-V:  0.000 Dropped: 3 Cache: 863s/500MB
AV: 00:02:03 / 00:22:10 (9%) A-V:  0.000 Dropped: 8 Cache: 893s/500MB
AV: 00:02:03 / 00:22:10 (9%) A-V:  0.000 Dropped: 8 Cache: 892s/500MB
AV: 00:02:03 / 00:22:10 (9%) A-V:  0.000 ct: 10.015 Dropped: 1 Cache: 835s/500MB
AV: 00:02:04 / 00:22:10 (9%) A-V:  0.000 Dropped: 1 Cache: 800s/500MB
AV: 00:02:03 / 00:22:10 (9%) A-V:  0.000 Dropped: 8 Cache: 893s/500MB
AV: 00:02:04 / 00:22:10 (9%) A-V:  0.000 Dropped: 1 Cache: 801s/500MB
AV: 00:02:04 / 00:22:10 (9%) A-V:  0.000 Dropped: 1 Cache: 800s/500MB
AV: 00:02:04 / 00:22:10 (9%) A-V:  0.000 ct: 10.015 Dropped: 1 Cache: 835s/500MB
AV: 00:02:04 / 00:22:10 (9%) A-V:  0.000 Dropped: 1 Cache: 801s/500MB
AV: 00:02:03 / 00:22:10 (9%) A-V:  0.000 Dropped: 8 Cache: 894s/500MB
AV: 00:02:04 / 00:22:10 (9%) A-V:  0.000 Dropped: 3 Cache: 863s/500MB
AV: 00:02:04 / 00:22:10 (9%) A-V:  0.000 Dropped: 8 Cache: 894s/500MB
AV: 00:02:04 / 00:22:10 (9%) A-V:  0.000 Dropped: 1 Cache: 802s/500MB
Using hardware decoding (nvdec).
AV: 00:02:04 / 00:22:10 (9%) A-V:  0.000 Dropped: 1 Cache: 802s/500MB
AV: 00:02:04 / 00:22:10 (9%) A-V:  0.000 Dropped: 1 Cache: 803s/500MB
AV: 00:02:04 / 00:22:10 (9%) A-V:  0.000 ct: 10.015 Dropped: 1 Cache: 834s/500MB
AV: 00:02:04 / 00:22:10 (9%) A-V:  0.060 Dropped: 1 Cache: 806s/500MB
AV: 00:02:04 / 00:22:10 (9%) A-V:  0.023 Dropped: 1 Cache: 806s/500MB
AV: 00:02:05 / 00:22:10 (9%) A-V:  0.000 Dropped: 2 Cache: 806s/500MB
[dbx] New chapter 8 
AV: 00:02:05 / 00:22:10 (9%) A-V:  0.000 Dropped: 2 Cache: 806s/500MB
[dbx] Metadata  
AV: 00:02:05 / 00:22:10 (9%) A-V:  0.000 Dropped: 2 Cache: 806s/500MB
[dbx] chapter time is  125 
AV: 00:02:05 / 00:22:10 (9%) A-V:  0.000 Dropped: 2 Cache: 806s/500MB
[dbx] Chapter Length is  11 
AV: 00:02:05 / 00:22:10 (9%) A-V:  0.000 Dropped: 2 Cache: 806s/500MB
[dbx] record_number was  9 
AV: 00:02:05 / 00:22:10 (9%) A-V:  0.000 Dropped: 2 Cache: 806s/500MB
AV: 00:02:05 / 00:22:10 (9%) A-V:  0.000 Dropped: 2 Cache: 807s/500MB
AV: 00:02:04 / 00:22:10 (9%) A-V:  0.000 Dropped: 8 Cache: 895s/500MB
AV: 00:02:04 / 00:22:10 (9%) A-V:  0.000 Dropped: 8 Cache: 894s/500MB
AV: 00:02:04 / 00:22:10 (9%) A-V:  0.000 Dropped: 8 Cache: 896s/500MB
AV: 00:02:05 / 00:22:10 (9%) A-V:  0.000 ct: 10.015 Dropped: 1 Cache: 834s/500MB
AV: 00:02:05 / 00:22:10 (9%) A-V:  0.000 Dropped: 3 Cache: 863s/500MB
Using hardware decoding (nvdec).
AV: 00:02:04 / 00:22:10 (9%) A-V:  0.000 Dropped: 8 Cache: 896s/500MB
AV: 00:02:04 / 00:22:10 (9%) A-V:  0.000 Dropped: 8 Cache: 898s/500MB
AV: 00:02:04 / 00:22:10 (9%) A-V:  0.069 Dropped: 8 Cache: 901s/500MB
AV: 00:02:04 / 00:22:10 (9%) A-V:  0.038 Dropped: 8 Cache: 901s/500MB
AV: 00:02:05 / 00:22:10 (9%) A-V:  0.006 Dropped: 9 Cache: 901s/500MB
AV: 00:02:05 / 00:22:10 (9%) A-V:  0.000 Dropped: 9 Cache: 901s/500MB
[dbx] New chapter 10 
AV: 00:02:05 / 00:22:10 (9%) A-V:  0.000 Dropped: 9 Cache: 901s/500MB
[dbx] Metadata  
AV: 00:02:05 / 00:22:10 (9%) A-V:  0.000 Dropped: 9 Cache: 901s/500MB
[dbx] chapter time is  125 
AV: 00:02:05 / 00:22:10 (9%) A-V:  0.000 Dropped: 9 Cache: 901s/500MB
[dbx] Chapter Length is  12 
AV: 00:02:05 / 00:22:10 (9%) A-V:  0.000 Dropped: 9 Cache: 901s/500MB
[dbx] record_number was  11 
AV: 00:02:05 / 00:22:10 (9%) A-V:  0.000 Dropped: 9 Cache: 901s/500MB
AV: 00:02:05 / 00:22:10 (9%) A-V:  0.000 Dropped: 3 Cache: 864s/500MB
AV: 00:02:05 / 00:22:10 (9%) A-V:  0.000 Dropped: 3 Cache: 863s/500MB
AV: 00:02:06 / 00:22:10 (9%) A-V:  0.000 Dropped: 2 Cache: 807s/500MB
AV: 00:02:05 / 00:22:10 (9%) A-V:  0.000 ct: 10.015 Dropped: 1 Cache: 835s/500MB
AV: 00:02:05 / 00:22:10 (9%) A-V:  0.000 Dropped: 9 Cache: 900s/500MB
AV: 00:02:06 / 00:22:10 (9%) A-V:  0.000 Dropped: 2 Cache: 808s/500MB
AV: 00:02:05 / 00:22:10 (9%) A-V:  0.000 Dropped: 3 Cache: 864s/500MB
AV: 00:02:06 / 00:22:10 (9%) A-V:  0.000 Dropped: 2 Cache: 807s/500MB
AV: 00:02:06 / 00:22:10 (9%) A-V:  0.000 ct: 10.015 Dropped: 1 Cache: 835s/500MB
AV: 00:02:06 / 00:22:10 (10%) A-V:  0.000 Dropped: 2 Cache: 807s/500MB
AV: 00:02:06 / 00:22:10 (10%) A-V:  0.000 Dropped: 2 Cache: 808s/500MB
AV: 00:02:06 / 00:22:10 (10%) A-V:  0.000 Dropped: 2 Cache: 807s/500MB
AV: 00:02:05 / 00:22:10 (9%) A-V:  0.000 Dropped: 3 Cache: 863s/500MB
AV: 00:02:05 / 00:22:10 (9%) A-V:  0.000 Dropped: 3 Cache: 864s/500MB
AV: 00:02:06 / 00:22:10 (9%) A-V:  0.000 Dropped: 3 Cache: 864s/500MB
AV: 00:02:06 / 00:22:10 (9%) A-V:  0.000 Dropped: 9 Cache: 900s/500MB
AV: 00:02:06 / 00:22:10 (10%) A-V:  0.000 ct: 10.015 Dropped: 1 Cache: 835s/500MB
AV: 00:02:07 / 00:22:10 (10%) A-V:  0.000 Dropped: 2 Cache: 807s/500MB
AV: 00:02:06 / 00:22:10 (10%) A-V:  0.000 Dropped: 9 Cache: 900s/500MB
AV: 00:02:06 / 00:22:10 (10%) A-V:  0.000 Dropped: 3 Cache: 864s/500MB
AV: 00:02:06 / 00:22:10 (10%) A-V:  0.000 Dropped: 9 Cache: 899s/500MB
AV: 00:02:07 / 00:22:10 (10%) A-V:  0.000 ct: 10.015 Dropped: 1 Cache: 835s/500MB
Using hardware decoding (nvdec).
AV: 00:02:06 / 00:22:10 (10%) A-V:  0.000 Dropped: 3 Cache: 864s/500MB
AV: 00:02:07 / 00:22:10 (10%) A-V:  0.000 Dropped: 9 Cache: 899s/500MB
AV: 00:02:06 / 00:22:10 (10%) A-V:  0.000 Dropped: 3 Cache: 867s/500MB
AV: 00:02:06 / 00:22:10 (10%) A-V:  0.041 Dropped: 3 Cache: 868s/500MB
VO: [gpu] 3840x2160 cuda[nv12]
AV: 00:02:06 / 00:22:10 (10%) A-V:  0.041 Dropped: 3 Cache: 868s/500MB
AV: 00:02:06 / 00:22:10 (10%) A-V:  0.028 Cache: 868s/500MB
AV: 00:02:07 / 00:22:10 (10%) A-V:  0.000 Cache: 868s/500MB
[dbx] New chapter 10 
AV: 00:02:07 / 00:22:10 (10%) A-V:  0.000 Cache: 868s/500MB
[dbx] Metadata  
AV: 00:02:07 / 00:22:10 (10%) A-V:  0.000 Cache: 868s/500MB
[dbx] chapter time is  127 
AV: 00:02:07 / 00:22:10 (10%) A-V:  0.000 Cache: 868s/500MB
[dbx] Chapter Length is  16 
AV: 00:02:07 / 00:22:10 (10%) A-V:  0.000 Cache: 868s/500MB
[dbx] record_number was  11 
AV: 00:02:07 / 00:22:10 (10%) A-V:  0.000 Cache: 868s/500MB
AV: 00:02:08 / 00:22:10 (10%) A-V:  0.000 Dropped: 2 Cache: 807s/500MB
AV: 00:02:07 / 00:22:10 (10%) A-V:  0.000 Dropped: 9 Cache: 898s/500MB
AV: 00:02:07 / 00:22:10 (10%) A-V:  0.000 Cache: 869s/500MB
AV: 00:02:08 / 00:22:10 (10%) A-V:  0.000 ct: 10.015 Dropped: 1 Cache: 835s/500MB
AV: 00:02:08 / 00:22:10 (10%) A-V:  0.000 ct: 10.015 Dropped: 1 Cache: 836s/500MB
AV: 00:02:08 / 00:22:10 (10%) A-V:  0.000 ct: 10.015 Dropped: 1 Cache: 835s/500MB
AV: 00:02:08 / 00:22:10 (10%) A-V:  0.000 ct: 10.015 Dropped: 1 Cache: 836s/500MB
AV: 00:02:08 / 00:22:10 (10%) A-V:  0.000 Cache: 869s/500MB
AV: 00:02:08 / 00:22:10 (10%) A-V:  0.000 Dropped: 9 Cache: 898s/500MB
AV: 00:02:09 / 00:22:10 (10%) A-V:  0.000 Dropped: 2 Cache: 807s/500MB
AV: 00:02:08 / 00:22:10 (10%) A-V:  0.000 Cache: 870s/500MB
AV: 00:02:08 / 00:22:10 (10%) A-V:  0.000 Dropped: 9 Cache: 897s/500MB
AV: 00:02:08 / 00:22:10 (10%) A-V:  0.000 Cache: 869s/500MB
AV: 00:02:09 / 00:22:10 (10%) A-V:  0.000 ct: 10.015 Dropped: 1 Cache: 836s/500MB
AV: 00:02:09 / 00:22:10 (10%) A-V:  0.000 Dropped: 9 Cache: 897s/500MB
AV: 00:02:09 / 00:22:10 (10%) A-V:  0.000 Cache: 869s/500MB
AV: 00:02:10 / 00:22:10 (10%) A-V:  0.000 Dropped: 2 Cache: 807s/500MB
AV: 00:02:09 / 00:22:10 (10%) A-V:  0.000 Dropped: 9 Cache: 896s/500MB
AV: 00:02:09 / 00:22:10 (10%) A-V:  0.000 Cache: 868s/500MB
Using hardware decoding (nvdec).
AV: 00:02:09 / 00:22:10 (10%) A-V:  0.000 ct: 10.015 Dropped: 1 Cache: 836s/500MB
AV: 00:02:09 / 00:22:10 (10%) A-V:  0.000 ct: 10.015 Dropped: 1 Cache: 838s/500MB
AV: 00:02:09 / 00:22:10 (10%) A-V:  0.044 ct: 10.015 Dropped: 1 Cache: 838s/500MB
VO: [gpu] 1920x1080 cuda[nv12]
AV: 00:02:09 / 00:22:10 (10%) A-V:  0.044 ct: 10.015 Dropped: 1 Cache: 838s/500MB
AV: 00:02:09 / 00:22:10 (10%) A-V:  0.034 ct: 10.015 Cache: 838s/500MB
AV: 00:02:10 / 00:22:10 (10%) A-V:  0.001 ct: 10.015 Cache: 838s/500MB
AV: 00:02:10 / 00:22:10 (10%) A-V:  0.000 ct: 10.015 Cache: 838s/500MB
[dbx] New chapter 11 
AV: 00:02:10 / 00:22:10 (10%) A-V:  0.000 ct: 10.015 Cache: 838s/500MB
[dbx] Metadata  
AV: 00:02:10 / 00:22:10 (10%) A-V:  0.000 ct: 10.015 Cache: 838s/500MB
[dbx] chapter time is  130 
AV: 00:02:10 / 00:22:10 (10%) A-V:  0.000 ct: 10.015 Cache: 838s/500MB
[dbx] Chapter Length is  11 
AV: 00:02:10 / 00:22:10 (10%) A-V:  0.000 ct: 10.015 Cache: 838s/500MB
[dbx] record_number was  12 
AV: 00:02:10 / 00:22:10 (10%) A-V:  0.000 ct: 10.015 Cache: 838s/500MB
AV: 00:02:10 / 00:22:10 (10%) A-V:  0.000 Cache: 868s/500MB
AV: 00:02:10 / 00:22:10 (10%) A-V:  0.000 Dropped: 9 Cache: 896s/500MB
AV: 00:02:10 / 00:22:10 (10%) A-V:  0.000 Dropped: 2 Cache: 808s/500MB
AV: 00:02:11 / 00:22:10 (10%) A-V:  0.000 Dropped: 2 Cache: 808s/500MB
AV: 00:02:10 / 00:22:10 (10%) A-V:  0.000 Dropped: 9 Cache: 895s/500MB
AV: 00:02:10 / 00:22:10 (10%) A-V:  0.000 Cache: 867s/500MB
AV: 00:02:11 / 00:22:10 (10%) A-V:  0.000 ct: 10.015 Cache: 838s/500MB
AV: 00:02:11 / 00:22:10 (10%) A-V:  0.000 ct: 10.015 Cache: 837s/500MB
AV: 00:02:11 / 00:22:10 (10%) A-V:  0.000 Dropped: 9 Cache: 895s/500MB
AV: 00:02:11 / 00:22:10 (10%) A-V:  0.000 Cache: 867s/500MB
AV: 00:02:11 / 00:22:10 (10%) A-V:  0.000 Cache: 868s/500MB
AV: 00:02:12 / 00:22:10 (10%) A-V:  0.000 Dropped: 2 Cache: 808s/500MB
AV: 00:02:11 / 00:22:10 (10%) A-V:  0.000 Dropped: 9 Cache: 894s/500MB
AV: 00:02:12 / 00:22:10 (10%) A-V:  0.000 ct: 10.015 Cache: 837s/500MB
AV: 00:02:12 / 00:22:10 (10%) A-V:  0.000 Dropped: 9 Cache: 894s/500MB
AV: 00:02:12 / 00:22:10 (10%) A-V:  0.000 Cache: 868s/500MB
AV: 00:02:13 / 00:22:10 (10%) A-V:  0.000 Dropped: 2 Cache: 808s/500MB
AV: 00:02:12 / 00:22:10 (10%) A-V:  0.000 Cache: 869s/500MB
AV: 00:02:12 / 00:22:10 (10%) A-V:  0.000 Cache: 868s/500MB
AV: 00:02:12 / 00:22:10 (10%) A-V:  0.000 Dropped: 9 Cache: 893s/500MB
AV: 00:02:12 / 00:22:10 (10%) A-V:  0.000 Cache: 869s/500MB
AV: 00:02:13 / 00:22:10 (10%) A-V:  0.000 ct: 10.015 Cache: 837s/500MB
AV: 00:02:13 / 00:22:10 (10%) A-V:  0.000 ct: 10.015 Cache: 836s/500MB
AV: 00:02:13 / 00:22:10 (10%) A-V:  0.000 Cache: 869s/500MB
AV: 00:02:13 / 00:22:10 (10%) A-V:  0.000 Dropped: 9 Cache: 893s/500MB
AV: 00:02:13 / 00:22:10 (10%) A-V:  0.000 ct: 10.015 Cache: 837s/500MB
AV: 00:02:13 / 00:22:10 (10%) A-V:  0.000 ct: 10.015 Cache: 836s/500MB
AV: 00:02:14 / 00:22:10 (10%) A-V:  0.000 Dropped: 2 Cache: 808s/500MB
AV: 00:02:13 / 00:22:10 (10%) A-V:  0.000 Cache: 870s/500MB
AV: 00:02:13 / 00:22:10 (10%) A-V:  0.000 Cache: 869s/500MB
AV: 00:02:13 / 00:22:10 (10%) A-V:  0.000 Cache: 870s/500MB
AV: 00:02:13 / 00:22:10 (10%) A-V:  0.000 Dropped: 9 Cache: 892s/500MB
AV: 00:02:14 / 00:22:10 (10%) A-V:  0.000 ct: 10.015 Cache: 836s/500MB
AV: 00:02:14 / 00:22:10 (10%) A-V:  0.000 ct: 10.015 Cache: 837s/500MB
AV: 00:02:14 / 00:22:10 (10%) A-V:  0.000 Dropped: 2 Cache: 809s/500MB
AV: 00:02:14 / 00:22:10 (10%) A-V:  0.000 Dropped: 2 Cache: 808s/500MB
AV: 00:02:14 / 00:22:10 (10%) A-V:  0.000 Cache: 870s/500MB
AV: 00:02:14 / 00:22:10 (10%) A-V:  0.000 Dropped: 9 Cache: 892s/500MB
AV: 00:02:14 / 00:22:10 (10%) A-V:  0.000 ct: 10.015 Cache: 836s/500MB
AV: 00:02:14 / 00:22:10 (10%) A-V:  0.000 ct: 10.015 Cache: 837s/500MB
Using hardware decoding (nvdec).
AV: 00:02:14 / 00:22:10 (10%) A-V:  0.000 Dropped: 2 Cache: 808s/500MB
AV: 00:02:14 / 00:22:10 (10%) A-V:  0.000 Dropped: 2 Cache: 810s/500MB
AV: 00:02:14 / 00:22:10 (10%) A-V:  0.000 ct: 10.015 Cache: 836s/500MB
AV: 00:02:14 / 00:22:10 (10%) A-V:  0.293 Dropped: 2 Cache: 824s/500MB
VO: [gpu] 3840x2160 cuda[nv12]
AV: 00:02:14 / 00:22:10 (10%) A-V:  0.293 Dropped: 2 Cache: 824s/500MB
AV: 00:02:14 / 00:22:10 (10%) A-V:  0.281 Cache: 824s/500MB
AV: 00:02:15 / 00:22:10 (10%) A-V:  0.266 Cache: 824s/500MB
AV: 00:02:15 / 00:22:10 (10%) A-V:  0.252 Dropped: 1 Cache: 824s/500MB
AV: 00:02:15 / 00:22:10 (10%) A-V:  0.235 Dropped: 2 Cache: 824s/500MB
AV: 00:02:15 / 00:22:10 (10%) A-V:  0.220 Dropped: 3 Cache: 824s/500MB
[dbx] New chapter 9 
AV: 00:02:15 / 00:22:10 (10%) A-V:  0.220 Dropped: 3 Cache: 824s/500MB
[dbx] Metadata  
AV: 00:02:15 / 00:22:10 (10%) A-V:  0.220 Dropped: 3 Cache: 824s/500MB
[dbx] chapter time is  135 
AV: 00:02:15 / 00:22:10 (10%) A-V:  0.220 Dropped: 3 Cache: 824s/500MB
[dbx] Chapter Length is  10 
AV: 00:02:15 / 00:22:10 (10%) A-V:  0.220 Dropped: 3 Cache: 824s/500MB
[dbx] record_number was  10 
AV: 00:02:15 / 00:22:10 (10%) A-V:  0.220 Dropped: 3 Cache: 824s/500MB
AV: 00:02:15 / 00:22:10 (10%) A-V:  0.206 Dropped: 4 Cache: 824s/500MB
AV: 00:02:15 / 00:22:10 (10%) A-V:  0.191 Dropped: 5 Cache: 824s/500MB
AV: 00:02:15 / 00:22:10 (10%) A-V:  0.176 Dropped: 6 Cache: 824s/500MB
AV: 00:02:15 / 00:22:10 (10%) A-V:  0.162 Dropped: 7 Cache: 824s/500MB
AV: 00:02:15 / 00:22:10 (10%) A-V:  0.147 Dropped: 8 Cache: 824s/500MB
AV: 00:02:15 / 00:22:10 (10%) A-V:  0.132 Dropped: 9 Cache: 824s/500MB
AV: 00:02:15 / 00:22:10 (10%) A-V:  0.116 Dropped: 10 Cache: 824s/500MB
AV: 00:02:15 / 00:22:10 (10%) A-V:  0.104 Dropped: 11 Cache: 824s/500MB
AV: 00:02:15 / 00:22:10 (10%) A-V:  0.089 Dropped: 12 Cache: 824s/500MB
AV: 00:02:15 / 00:22:10 (10%) A-V:  0.075 Dropped: 13 Cache: 824s/500MB
AV: 00:02:14 / 00:22:10 (10%) A-V:  0.000 Dropped: 9 Cache: 891s/500MB
AV: 00:02:15 / 00:22:10 (10%) A-V:  0.060 Dropped: 14 Cache: 824s/500MB
AV: 00:02:15 / 00:22:10 (10%) A-V:  0.047 Dropped: 15 Cache: 824s/500MB
AV: 00:02:15 / 00:22:10 (10%) A-V:  0.033 Dropped: 16 Cache: 824s/500MB
AV: 00:02:15 / 00:22:10 (10%) A-V:  0.016 Dropped: 17 Cache: 824s/500MB
AV: 00:02:15 / 00:22:10 (10%) A-V:  0.001 Dropped: 18 Cache: 824s/500MB
AV: 00:02:15 / 00:22:10 (10%) A-V:  0.000 Dropped: 18 Cache: 824s/500MB
AV: 00:02:15 / 00:22:10 (10%) A-V:  0.000 ct: 10.015 Cache: 836s/500MB
AV: 00:02:15 / 00:22:10 (10%) A-V:  0.000 Dropped: 18 Cache: 823s/500MB
AV: 00:02:14 / 00:22:10 (10%) A-V:  0.000 Cache: 871s/500MB
Using hardware decoding (nvdec).
AV: 00:02:14 / 00:22:10 (10%) A-V:  0.000 Dropped: 9 Cache: 891s/500MB
AV: 00:02:15 / 00:22:10 (10%) A-V:  0.000 Cache: 871s/500MB
AV: 00:02:14 / 00:22:10 (10%) A-V:  0.054 Dropped: 9 Cache: 891s/500MB
VO: [gpu] 1280x720 cuda[nv12]
AV: 00:02:14 / 00:22:10 (10%) A-V:  0.054 Dropped: 9 Cache: 891s/500MB
AV: 00:02:14 / 00:22:10 (10%) A-V:  0.003 Cache: 891s/500MB
AV: 00:02:15 / 00:22:10 (10%) A-V:  0.000 Cache: 891s/500MB
[dbx] New chapter 11 
AV: 00:02:15 / 00:22:10 (10%) A-V:  0.000 Cache: 891s/500MB
[dbx] Metadata  
AV: 00:02:15 / 00:22:10 (10%) A-V:  0.000 Cache: 891s/500MB
[dbx] chapter time is  135 
AV: 00:02:15 / 00:22:10 (10%) A-V:  0.000 Cache: 891s/500MB
[dbx] Chapter Length is  10 
AV: 00:02:15 / 00:22:10 (10%) A-V:  0.000 Cache: 891s/500MB
[dbx] record_number was  12 
AV: 00:02:15 / 00:22:10 (10%) A-V:  0.000 Cache: 891s/500MB
AV: 00:02:16 / 00:22:10 (10%) A-V:  0.000 Dropped: 18 Cache: 823s/500MB
AV: 00:02:15 / 00:22:10 (10%) A-V:  0.000 Cache: 890s/500MB
AV: 00:02:16 / 00:22:10 (10%) A-V:  0.000 ct: 10.015 Cache: 836s/500MB
AV: 00:02:16 / 00:22:10 (10%) A-V:  0.000 Dropped: 18 Cache: 822s/500MB
AV: 00:02:16 / 00:22:10 (10%) A-V:  0.000 Cache: 871s/500MB
AV: 00:02:16 / 00:22:10 (10%) A-V:  0.000 Cache: 890s/500MB
AV: 00:02:17 / 00:22:10 (10%) A-V:  0.000 Dropped: 18 Cache: 822s/500MB
AV: 00:02:16 / 00:22:10 (10%) A-V:  0.000 Cache: 872s/500MB
AV: 00:02:16 / 00:22:10 (10%) A-V:  0.000 ct: 10.015 Cache: 835s/500MB
AV: 00:02:16 / 00:22:10 (10%) A-V:  0.000 Cache: 889s/500MB
AV: 00:02:17 / 00:22:10 (10%) A-V:  0.000 ct: 10.015 Cache: 835s/500MB
AV: 00:02:17 / 00:22:10 (10%) A-V:  0.000 Dropped: 18 Cache: 821s/500MB
AV: 00:02:17 / 00:22:10 (10%) A-V:  0.000 Cache: 872s/500MB
AV: 00:02:17 / 00:22:10 (10%) A-V:  0.000 Cache: 889s/500MB
AV: 00:02:18 / 00:22:10 (10%) A-V:  0.000 Dropped: 18 Cache: 821s/500MB
AV: 00:02:17 / 00:22:10 (10%) A-V:  0.000 Cache: 873s/500MB
AV: 00:02:17 / 00:22:10 (10%) A-V:  0.000 Cache: 888s/500MB
AV: 00:02:18 / 00:22:10 (10%) A-V:  0.000 ct: 10.015 Cache: 835s/500MB
AV: 00:02:18 / 00:22:10 (10%) A-V:  0.000 ct: 10.015 Cache: 834s/500MB
AV: 00:02:18 / 00:22:10 (10%) A-V:  0.000 Dropped: 18 Cache: 820s/500MB
AV: 00:02:18 / 00:22:10 (10%) A-V:  0.000 Cache: 873s/500MB
AV: 00:02:18 / 00:22:10 (10%) A-V:  0.000 Cache: 888s/500MB
AV: 00:02:19 / 00:22:10 (10%) A-V:  0.000 Dropped: 18 Cache: 820s/500MB
AV: 00:02:18 / 00:22:10 (10%) A-V:  0.000 Cache: 874s/500MB
AV: 00:02:18 / 00:22:10 (10%) A-V:  0.000 Cache: 873s/500MB
AV: 00:02:18 / 00:22:10 (10%) A-V:  0.000 Cache: 887s/500MB
Using hardware decoding (nvdec).
AV: 00:02:18 / 00:22:10 (10%) A-V:  0.000 ct: 10.015 Cache: 834s/500MB
[dbx] New chapter 12 
AV: 00:02:18 / 00:22:10 (10%) A-V:  0.000 ct: 10.015 Cache: 834s/500MB
[dbx] Metadata  
AV: 00:02:18 / 00:22:10 (10%) A-V:  0.000 ct: 10.015 Cache: 834s/500MB
[dbx] chapter time is  139 
AV: 00:02:18 / 00:22:10 (10%) A-V:  0.000 ct: 10.015 Cache: 834s/500MB
[dbx] Chapter Length is  9 
AV: 00:02:18 / 00:22:10 (10%) A-V:  0.000 ct: 10.015 Cache: 834s/500MB
[dbx] record_number was  13 
AV: 00:02:18 / 00:22:10 (10%) A-V:  0.000 ct: 10.015 Cache: 834s/500MB
AV: 00:02:19 / 00:22:10 (10%) A-V:  0.000 ct: 10.015 Cache: 834s/500MB
AV: 00:02:18 / 00:22:10 (10%) A-V:  0.000 Cache: 874s/500MB
AV: 00:02:19 / 00:22:10 (11%) A-V:  0.000 Dropped: 18 Cache: 820s/500MB
AV: 00:02:19 / 00:22:10 (10%) A-V:  0.000 Cache: 887s/500MB
AV: 00:02:19 / 00:22:10 (10%) A-V:  0.000 Cache: 874s/500MB
AV: 00:02:19 / 00:22:10 (10%) A-V:  0.000 ct: 10.015 Cache: 833s/500MB
AV: 00:02:20 / 00:22:10 (11%) A-V:  0.000 Dropped: 18 Cache: 820s/500MB
AV: 00:02:19 / 00:22:10 (11%) A-V:  0.000 ct: 10.015 Cache: 833s/500MB
AV: 00:02:19 / 00:22:10 (10%) A-V:  0.000 Cache: 873s/500MB
AV: 00:02:19 / 00:22:10 (10%) A-V:  0.000 Cache: 886s/500MB
AV: 00:02:19 / 00:22:10 (10%) A-V:  0.000 Cache: 874s/500MB
AV: 00:02:19 / 00:22:10 (11%) A-V:  0.000 Cache: 874s/500MB
AV: 00:02:20 / 00:22:10 (11%) A-V:  0.000 ct: 10.015 Cache: 833s/500MB
AV: 00:02:19 / 00:22:10 (11%) A-V:  0.000 Cache: 886s/500MB
AV: 00:02:19 / 00:22:10 (11%) A-V:  0.000 Cache: 873s/500MB
AV: 00:02:20 / 00:22:10 (11%) A-V:  0.000 Cache: 886s/500MB
AV: 00:02:20 / 00:22:10 (11%) A-V:  0.000 Cache: 874s/500MB
AV: 00:02:21 / 00:22:10 (11%) A-V:  0.000 Dropped: 18 Cache: 820s/500MB
AV: 00:02:20 / 00:22:10 (11%) A-V:  0.000 Cache: 885s/500MB
AV: 00:02:20 / 00:22:10 (11%) A-V:  0.000 ct: 10.015 Cache: 832s/500MB
AV: 00:02:21 / 00:22:10 (11%) A-V:  0.000 ct: 10.015 Cache: 832s/500MB
AV: 00:02:21 / 00:22:10 (11%) A-V:  0.000 Cache: 874s/500MB
AV: 00:02:21 / 00:22:10 (11%) A-V:  0.000 Cache: 885s/500MB
AV: 00:02:21 / 00:22:10 (11%) A-V:  0.000 Cache: 875s/500MB
AV: 00:02:22 / 00:22:10 (11%) A-V:  0.000 Dropped: 18 Cache: 820s/500MB
AV: 00:02:21 / 00:22:10 (11%) A-V:  0.000 Cache: 874s/500MB
AV: 00:02:21 / 00:22:10 (11%) A-V:  0.000 Cache: 884s/500MB
AV: 00:02:22 / 00:22:10 (11%) A-V:  0.000 ct: 10.015 Cache: 832s/500MB
AV: 00:02:22 / 00:22:10 (11%) A-V:  0.000 ct: 10.015 Cache: 831s/500MB
AV: 00:02:22 / 00:22:10 (11%) A-V:  0.000 Cache: 874s/500MB
AV: 00:02:22 / 00:22:10 (11%) A-V:  0.000 Cache: 884s/500MB
AV: 00:02:23 / 00:22:10 (11%) A-V:  0.000 Dropped: 18 Cache: 820s/500MB
AV: 00:02:22 / 00:22:10 (11%) A-V:  0.000 Cache: 875s/500MB
AV: 00:02:22 / 00:22:10 (11%) A-V:  0.000 Cache: 883s/500MB
AV: 00:02:23 / 00:22:10 (11%) A-V:  0.000 ct: 10.015 Cache: 831s/500MB
AV: 00:02:22 / 00:22:10 (11%) A-V:  0.000 Cache: 876s/500MB
AV: 00:02:22 / 00:22:10 (11%) A-V:  0.000 Cache: 877s/500MB
AV: 00:02:22 / 00:22:10 (11%) A-V:  0.000 Cache: 876s/500MB
AV: 00:02:23 / 00:22:10 (11%) A-V:  0.000 Cache: 883s/500MB
AV: 00:02:23 / 00:22:10 (11%) A-V:  0.000 Cache: 877s/500MB
AV: 00:02:23 / 00:22:10 (11%) A-V:  0.000 ct: 10.015 Cache: 830s/500MB
AV: 00:02:23 / 00:22:10 (11%) A-V:  0.000 Cache: 876s/500MB
AV: 00:02:23 / 00:22:10 (11%) A-V:  0.000 Cache: 877s/500MB
AV: 00:02:23 / 00:22:10 (11%) A-V:  0.000 Cache: 878s/500MB
AV: 00:02:24 / 00:22:10 (11%) A-V:  0.000 Dropped: 18 Cache: 820s/500MB
AV: 00:02:23 / 00:22:10 (11%) A-V:  0.000 Cache: 879s/500MB
AV: 00:02:23 / 00:22:10 (11%) A-V:  0.000 Cache: 882s/500MB
AV: 00:02:24 / 00:22:10 (11%) A-V:  0.000 ct: 10.015 Cache: 830s/500MB
AV: 00:02:23 / 00:22:10 (11%) A-V:  0.000 Cache: 880s/500MB
AV: 00:02:24 / 00:22:10 (11%) A-V:  0.003 Dropped: 19 Cache: 820s/500MB
AV: 00:02:24 / 00:22:10 (11%) A-V:  0.000 Dropped: 19 Cache: 820s/500MB
Using hardware decoding (nvdec).
AV: 00:02:23 / 00:22:10 (11%) A-V:  0.000 Cache: 882s/500MB
AV: 00:02:23 / 00:22:10 (11%) A-V:  0.019 Cache: 882s/500MB
AV: 00:02:24 / 00:22:10 (11%) A-V:  0.000 Cache: 880s/500MB
AV: 00:02:24 / 00:22:10 (11%) A-V:  0.034 Dropped: 20 Cache: 820s/500MB
AV: 00:02:23 / 00:22:10 (11%) A-V:  0.001 Dropped: 1 Cache: 882s/500MB
AV: 00:02:24 / 00:22:10 (11%) A-V:  0.019 Dropped: 21 Cache: 820s/500MB
AV: 00:02:24 / 00:22:10 (11%) A-V:  0.000 Dropped: 1 Cache: 882s/500MB
[dbx] New chapter 12 
AV: 00:02:24 / 00:22:10 (11%) A-V:  0.000 Dropped: 1 Cache: 882s/500MB
[dbx] Metadata  
AV: 00:02:24 / 00:22:10 (11%) A-V:  0.000 Dropped: 1 Cache: 882s/500MB
[dbx] chapter time is  144 
AV: 00:02:24 / 00:22:10 (11%) A-V:  0.000 Dropped: 1 Cache: 882s/500MB
[dbx] Chapter Length is  9 
AV: 00:02:24 / 00:22:10 (11%) A-V:  0.000 Dropped: 1 Cache: 882s/500MB
[dbx] record_number was  13 
AV: 00:02:24 / 00:22:10 (11%) A-V:  0.000 Dropped: 1 Cache: 882s/500MB
AV: 00:02:24 / 00:22:10 (11%) A-V:  0.005 Dropped: 22 Cache: 820s/500MB
AV: 00:02:24 / 00:22:10 (11%) A-V:  0.000 Dropped: 22 Cache: 820s/500MB
AV: 00:02:24 / 00:22:10 (11%) A-V:  0.001 Dropped: 2 Cache: 882s/500MB
AV: 00:02:24 / 00:22:10 (11%) A-V:  0.000 Dropped: 2 Cache: 882s/500MB
AV: 00:02:25 / 00:22:10 (11%) A-V:  0.000 Dropped: 22 Cache: 820s/500MB
AV: 00:02:24 / 00:22:10 (11%) A-V:  0.001 Dropped: 3 Cache: 882s/500MB
AV: 00:02:24 / 00:22:10 (11%) A-V:  0.000 Dropped: 3 Cache: 882s/500MB
AV: 00:02:24 / 00:22:10 (11%) A-V:  0.000 ct: 10.015 Cache: 829s/500MB
AV: 00:02:24 / 00:22:10 (11%) A-V:  0.000 Dropped: 3 Cache: 881s/500MB
AV: 00:02:25 / 00:22:10 (11%) A-V:  0.000 ct: 10.015 Cache: 829s/500MB
AV: 00:02:24 / 00:22:10 (11%) A-V:  0.000 Cache: 881s/500MB
AV: 00:02:24 / 00:22:10 (11%) A-V:  0.000 Cache: 882s/500MB
Using hardware decoding (nvdec).
AV: 00:02:24 / 00:22:10 (11%) A-V:  0.000 Cache: 882s/500MB
AV: 00:02:25 / 00:22:10 (11%) A-V:  0.000 Dropped: 3 Cache: 881s/500MB
AV: 00:02:24 / 00:22:10 (11%) A-V:  0.052 Cache: 882s/500MB
VO: [gpu] 1920x1080 cuda[nv12]
AV: 00:02:24 / 00:22:10 (11%) A-V:  0.052 Cache: 882s/500MB
AV: 00:02:25 / 00:22:10 (11%) A-V:  0.001 Dropped: 23 Cache: 820s/500MB
AV: 00:02:25 / 00:22:10 (11%) A-V:  0.000 Dropped: 23 Cache: 820s/500MB
AV: 00:02:24 / 00:22:10 (11%) A-V:  0.055 Cache: 882s/500MB
AV: 00:02:25 / 00:22:10 (11%) A-V:  0.025 Cache: 882s/500MB
AV: 00:02:25 / 00:22:10 (11%) A-V:  0.000 Dropped: 1 Cache: 882s/500MB
[dbx] New chapter 11 
AV: 00:02:25 / 00:22:10 (11%) A-V:  0.000 Dropped: 1 Cache: 882s/500MB
[dbx] Metadata  
AV: 00:02:25 / 00:22:10 (11%) A-V:  0.000 Dropped: 1 Cache: 882s/500MB
[dbx] chapter time is  145 
AV: 00:02:25 / 00:22:10 (11%) A-V:  0.000 Dropped: 1 Cache: 882s/500MB
[dbx] Chapter Length is  18 
AV: 00:02:25 / 00:22:10 (11%) A-V:  0.000 Dropped: 1 Cache: 882s/500MB
[dbx] record_number was  12 
AV: 00:02:25 / 00:22:10 (11%) A-V:  0.000 Dropped: 1 Cache: 882s/500MB
AV: 00:02:26 / 00:22:10 (11%) A-V:  0.000 Dropped: 23 Cache: 820s/500MB
AV: 00:02:25 / 00:22:10 (11%) A-V:  0.000 Dropped: 3 Cache: 880s/500MB
AV: 00:02:25 / 00:22:10 (11%) A-V:  0.000 Dropped: 1 Cache: 881s/500MB
AV: 00:02:26 / 00:22:10 (11%) A-V:  0.000 ct: 10.015 Cache: 829s/500MB
AV: 00:02:26 / 00:22:10 (11%) A-V:  0.000 Dropped: 3 Cache: 880s/500MB
AV: 00:02:26 / 00:22:10 (11%) A-V:  0.000 Dropped: 1 Cache: 881s/500MB
AV: 00:02:26 / 00:22:10 (11%) A-V:  0.000 ct: 10.015 Cache: 828s/500MB
AV: 00:02:26 / 00:22:10 (11%) A-V:  0.000 ct: 10.015 Cache: 829s/500MB
AV: 00:02:26 / 00:22:10 (11%) A-V:  0.000 ct: 10.015 Cache: 828s/500MB
AV: 00:02:27 / 00:22:10 (11%) A-V:  0.000 Dropped: 23 Cache: 820s/500MB
AV: 00:02:26 / 00:22:10 (11%) A-V:  0.000 Dropped: 3 Cache: 879s/500MB
AV: 00:02:26 / 00:22:10 (11%) A-V:  0.000 Dropped: 1 Cache: 880s/500MB
AV: 00:02:27 / 00:22:10 (11%) A-V:  0.000 ct: 10.015 Cache: 828s/500MB
AV: 00:02:27 / 00:22:10 (11%) A-V:  0.000 Dropped: 3 Cache: 879s/500MB
AV: 00:02:27 / 00:22:10 (11%) A-V:  0.000 Dropped: 1 Cache: 880s/500MB
AV: 00:02:28 / 00:22:10 (11%) A-V:  0.000 Dropped: 23 Cache: 820s/500MB
AV: 00:02:27 / 00:22:10 (11%) A-V:  0.000 Dropped: 3 Cache: 878s/500MB
AV: 00:02:27 / 00:22:10 (11%) A-V:  0.000 Dropped: 1 Cache: 879s/500MB
Using hardware decoding (nvdec).
AV: 00:02:27 / 00:22:10 (11%) A-V:  0.000 ct: 10.015 Cache: 828s/500MB
AV: 00:02:27 / 00:22:10 (11%) A-V:  0.049 ct: 10.015 Cache: 829s/500MB
AV: 00:02:27 / 00:22:10 (11%) A-V:  0.010 ct: 10.015 Dropped: 1 Cache: 829s/500MB
AV: 00:02:28 / 00:22:10 (11%) A-V:  0.000 ct: 10.015 Dropped: 1 Cache: 829s/500MB
[dbx] New chapter 13 
AV: 00:02:28 / 00:22:10 (11%) A-V:  0.000 ct: 10.015 Dropped: 1 Cache: 829s/500MB
[dbx] Metadata  
AV: 00:02:28 / 00:22:10 (11%) A-V:  0.000 ct: 10.015 Dropped: 1 Cache: 829s/500MB
[dbx] chapter time is  148 
AV: 00:02:28 / 00:22:10 (11%) A-V:  0.000 ct: 10.015 Dropped: 1 Cache: 829s/500MB
[dbx] Chapter Length is  9 
AV: 00:02:28 / 00:22:10 (11%) A-V:  0.000 ct: 10.015 Dropped: 1 Cache: 829s/500MB
[dbx] record_number was  14 
AV: 00:02:28 / 00:22:10 (11%) A-V:  0.000 ct: 10.015 Dropped: 1 Cache: 829s/500MB
AV: 00:02:28 / 00:22:10 (11%) A-V:  0.000 ct: 10.015 Dropped: 1 Cache: 828s/500MB
AV: 00:02:28 / 00:22:10 (11%) A-V:  0.000 Dropped: 3 Cache: 878s/500MB
AV: 00:02:28 / 00:22:10 (11%) A-V:  0.000 Dropped: 1 Cache: 879s/500MB
AV: 00:02:29 / 00:22:10 (11%) A-V:  0.000 Dropped: 23 Cache: 820s/500MB
AV: 00:02:28 / 00:22:10 (11%) A-V:  0.000 Dropped: 3 Cache: 877s/500MB
AV: 00:02:28 / 00:22:10 (11%) A-V:  0.000 Dropped: 1 Cache: 878s/500MB
AV: 00:02:29 / 00:22:10 (11%) A-V:  0.000 ct: 10.015 Dropped: 1 Cache: 828s/500MB
AV: 00:02:29 / 00:22:10 (11%) A-V:  0.000 Dropped: 3 Cache: 877s/500MB
AV: 00:02:29 / 00:22:10 (11%) A-V:  0.000 Dropped: 1 Cache: 878s/500MB
AV: 00:02:29 / 00:22:10 (11%) A-V:  0.000 ct: 10.015 Dropped: 1 Cache: 827s/500MB
AV: 00:02:30 / 00:22:10 (11%) A-V:  0.000 Dropped: 23 Cache: 820s/500MB
AV: 00:02:29 / 00:22:10 (11%) A-V:  0.000 Dropped: 3 Cache: 876s/500MB
AV: 00:02:29 / 00:22:10 (11%) A-V:  0.000 Dropped: 1 Cache: 877s/500MB
AV: 00:02:30 / 00:22:10 (11%) A-V:  0.000 ct: 10.015 Dropped: 1 Cache: 827s/500MB
Invalid audio PTS: 150.999955 -> 159.000000
AV: 00:02:30 / 00:22:10 (11%) A-V:  0.000 Dropped: 23 Cache: 820s/500MB
Reset playback due to audio timestamp reset.
AV: 00:02:30 / 00:22:10 (11%) A-V:  0.000 Dropped: 23 Cache: 820s/500MB
[ffmpeg/video] av1: No sequence header available: unable to decode frame header.
AV: 00:02:30 / 00:22:10 (11%) A-V:  0.000 Dropped: 23 Cache: 820s/500MB
[ffmpeg/video] av1: Failed to read unit 0 (type 6).
AV: 00:02:30 / 00:22:10 (11%) A-V:  0.000 Dropped: 23 Cache: 820s/500MB
[ffmpeg/video] av1: Failed to read packet.
AV: 00:02:30 / 00:22:10 (11%) A-V:  0.000 Dropped: 23 Cache: 820s/500MB
Error while decoding frame (hardware decoding)!
AV: 00:02:30 / 00:22:10 (11%) A-V:  0.000 Dropped: 23 Cache: 820s/500MB
[ffmpeg/video] av1: No sequence header available: unable to decode frame header.
AV: 00:02:30 / 00:22:10 (11%) A-V:  0.000 Dropped: 23 Cache: 820s/500MB
[ffmpeg/video] av1: Failed to read unit 0 (type 6).
AV: 00:02:30 / 00:22:10 (11%) A-V:  0.000 Dropped: 23 Cache: 820s/500MB
[ffmpeg/video] av1: Failed to read packet.
AV: 00:02:30 / 00:22:10 (11%) A-V:  0.000 Dropped: 23 Cache: 820s/500MB
Error while decoding frame (hardware decoding)!
AV: 00:02:30 / 00:22:10 (11%) A-V:  0.000 Dropped: 23 Cache: 820s/500MB
[ffmpeg/video] av1: No sequence header available: unable to decode frame header.
AV: 00:02:30 / 00:22:10 (11%) A-V:  0.000 Dropped: 23 Cache: 820s/500MB
[ffmpeg/video] av1: Failed to read unit 0 (type 6).
AV: 00:02:30 / 00:22:10 (11%) A-V:  0.000 Dropped: 23 Cache: 820s/500MB
[ffmpeg/video] av1: Failed to read packet.
AV: 00:02:30 / 00:22:10 (11%) A-V:  0.000 Dropped: 23 Cache: 820s/500MB
Error while decoding frame (hardware decoding)!
AV: 00:02:30 / 00:22:10 (11%) A-V:  0.000 Dropped: 23 Cache: 820s/500MB
Attempting next decoding method after failure of av1-nvdec.
AV: 00:02:30 / 00:22:10 (11%) A-V:  0.000 Dropped: 23 Cache: 820s/500MB
[ffmpeg/video] libdav1d: Error parsing OBU data
AV: 00:02:30 / 00:22:10 (11%) A-V:  0.000 Dropped: 23 Cache: 820s/500MB
Error while decoding frame!
AV: 00:02:30 / 00:22:10 (11%) A-V:  0.000 Dropped: 23 Cache: 820s/500MB
[ffmpeg/video] libdav1d: Error parsing OBU data
AV: 00:02:30 / 00:22:10 (11%) A-V:  0.000 Dropped: 23 Cache: 820s/500MB
Error while decoding frame!
AV: 00:02:30 / 00:22:10 (11%) A-V:  0.000 Dropped: 23 Cache: 820s/500MB
[ffmpeg/video] libdav1d: Error parsing OBU data
AV: 00:02:30 / 00:22:10 (11%) A-V:  0.000 Dropped: 23 Cache: 820s/500MB
Error while decoding frame!
AV: 00:02:30 / 00:22:10 (11%) A-V:  0.000 Dropped: 23 Cache: 820s/500MB
[ffmpeg/video] libdav1d: Error parsing OBU data
AV: 00:02:30 / 00:22:10 (11%) A-V:  0.000 Dropped: 23 Cache: 820s/500MB
Error while decoding frame!
AV: 00:02:30 / 00:22:10 (11%) A-V:  0.000 Dropped: 23 Cache: 820s/500MB
[ffmpeg/video] libdav1d: Error parsing OBU data
AV: 00:02:30 / 00:22:10 (11%) A-V:  0.000 Dropped: 23 Cache: 820s/500MB
Error while decoding frame!
AV: 00:02:30 / 00:22:10 (11%) A-V:  0.000 Dropped: 23 Cache: 820s/500MB
[ffmpeg/video] libdav1d: Error parsing OBU data
AV: 00:02:30 / 00:22:10 (11%) A-V:  0.000 Dropped: 23 Cache: 820s/500MB
Error while decoding frame!
AV: 00:02:30 / 00:22:10 (11%) A-V:  0.000 Dropped: 23 Cache: 820s/500MB
[ffmpeg/video] libdav1d: Error parsing OBU data
AV: 00:02:30 / 00:22:10 (11%) A-V:  0.000 Dropped: 23 Cache: 820s/500MB
Error while decoding frame!
AV: 00:02:30 / 00:22:10 (11%) A-V:  0.000 Dropped: 23 Cache: 820s/500MB
[ffmpeg/video] libdav1d: Error parsing OBU data
AV: 00:02:30 / 00:22:10 (11%) A-V:  0.000 Dropped: 23 Cache: 820s/500MB
Error while decoding frame!
AV: 00:02:30 / 00:22:10 (11%) A-V:  0.000 Dropped: 23 Cache: 820s/500MB
[ffmpeg/video] libdav1d: Error parsing OBU data
AV: 00:02:30 / 00:22:10 (11%) A-V:  0.000 Dropped: 23 Cache: 820s/500MB
Error while decoding frame!
AV: 00:02:30 / 00:22:10 (11%) A-V:  0.000 Dropped: 23 Cache: 820s/500MB
[ffmpeg/video] libdav1d: Error parsing OBU data
AV: 00:02:30 / 00:22:10 (11%) A-V:  0.000 Dropped: 23 Cache: 820s/500MB
Error while decoding frame!
AV: 00:02:30 / 00:22:10 (11%) A-V:  0.000 Dropped: 23 Cache: 820s/500MB
[ffmpeg/video] libdav1d: Error parsing OBU data
AV: 00:02:30 / 00:22:10 (11%) A-V:  0.000 Dropped: 23 Cache: 820s/500MB
Error while decoding frame!
AV: 00:02:30 / 00:22:10 (11%) A-V:  0.000 Dropped: 23 Cache: 820s/500MB
[ffmpeg/video] libdav1d: Error parsing OBU data
AV: 00:02:30 / 00:22:10 (11%) A-V:  0.000 Dropped: 23 Cache: 820s/500MB
Error while decoding frame!
AV: 00:02:30 / 00:22:10 (11%) A-V:  0.000 Dropped: 23 Cache: 820s/500MB
[ffmpeg/video] libdav1d: Error parsing OBU data
AV: 00:02:30 / 00:22:10 (11%) A-V:  0.000 Dropped: 23 Cache: 820s/500MB
Error while decoding frame!
AV: 00:02:30 / 00:22:10 (11%) A-V:  0.000 Dropped: 23 Cache: 820s/500MB
[ffmpeg/video] libdav1d: Error parsing OBU data
AV: 00:02:30 / 00:22:10 (11%) A-V:  0.000 Dropped: 23 Cache: 820s/500MB
Error while decoding frame!
AV: 00:02:30 / 00:22:10 (11%) A-V:  0.000 Dropped: 23 Cache: 820s/500MB
[ffmpeg/video] libdav1d: Error parsing OBU data
AV: 00:02:30 / 00:22:10 (11%) A-V:  0.000 Dropped: 23 Cache: 820s/500MB
Error while decoding frame!
AV: 00:02:30 / 00:22:10 (11%) A-V:  0.000 Dropped: 23 Cache: 820s/500MB
[ffmpeg/video] libdav1d: Error parsing OBU data
AV: 00:02:30 / 00:22:10 (11%) A-V:  0.000 Dropped: 23 Cache: 820s/500MB
Error while decoding frame!
AV: 00:02:30 / 00:22:10 (11%) A-V:  0.000 Dropped: 23 Cache: 820s/500MB
[ffmpeg/video] libdav1d: Error parsing OBU data
AV: 00:02:30 / 00:22:10 (11%) A-V:  0.000 Dropped: 23 Cache: 820s/500MB
Error while decoding frame!
AV: 00:02:30 / 00:22:10 (11%) A-V:  0.000 Dropped: 23 Cache: 820s/500MB
[ffmpeg/video] libdav1d: Error parsing OBU data
AV: 00:02:30 / 00:22:10 (11%) A-V:  0.000 Dropped: 23 Cache: 820s/500MB
Error while decoding frame!
AV: 00:02:30 / 00:22:10 (11%) A-V:  0.000 Dropped: 23 Cache: 820s/500MB
[ffmpeg/video] libdav1d: Error parsing OBU data
AV: 00:02:30 / 00:22:10 (11%) A-V:  0.000 Dropped: 23 Cache: 820s/500MB
Error while decoding frame!
AV: 00:02:30 / 00:22:10 (11%) A-V:  0.000 Dropped: 23 Cache: 820s/500MB
[ffmpeg/video] libdav1d: Error parsing OBU data
AV: 00:02:30 / 00:22:10 (11%) A-V:  0.000 Dropped: 23 Cache: 820s/500MB
Error while decoding frame!
AV: 00:02:30 / 00:22:10 (11%) A-V:  0.000 Dropped: 23 Cache: 820s/500MB
[ffmpeg/video] libdav1d: Error parsing OBU data
AV: 00:02:30 / 00:22:10 (11%) A-V:  0.000 Dropped: 23 Cache: 820s/500MB
Error while decoding frame!
AV: 00:02:30 / 00:22:10 (11%) A-V:  0.000 Dropped: 23 Cache: 820s/500MB
[ffmpeg/video] libdav1d: Error parsing OBU data
AV: 00:02:30 / 00:22:10 (11%) A-V:  0.000 Dropped: 23 Cache: 820s/500MB
Error while decoding frame!
AV: 00:02:30 / 00:22:10 (11%) A-V:  0.000 Dropped: 23 Cache: 820s/500MB
[ffmpeg/video] libdav1d: Error parsing OBU data
AV: 00:02:30 / 00:22:10 (11%) A-V:  0.000 Dropped: 23 Cache: 820s/500MB
Error while decoding frame!
AV: 00:02:30 / 00:22:10 (11%) A-V:  0.000 Dropped: 23 Cache: 820s/500MB
[ffmpeg/video] libdav1d: Error parsing OBU data
AV: 00:02:30 / 00:22:10 (11%) A-V:  0.000 Dropped: 23 Cache: 820s/500MB
Error while decoding frame!
AV: 00:02:30 / 00:22:10 (11%) A-V:  0.000 Dropped: 23 Cache: 820s/500MB
[ffmpeg/video] libdav1d: Error parsing OBU data
AV: 00:02:30 / 00:22:10 (11%) A-V:  0.000 Dropped: 23 Cache: 820s/500MB
Error while decoding frame!
AV: 00:02:30 / 00:22:10 (11%) A-V:  0.000 Dropped: 23 Cache: 820s/500MB
[ffmpeg/video] libdav1d: Error parsing OBU data
AV: 00:02:30 / 00:22:10 (11%) A-V:  0.000 Dropped: 23 Cache: 820s/500MB
Error while decoding frame!
AV: 00:02:30 / 00:22:10 (11%) A-V:  0.000 Dropped: 23 Cache: 820s/500MB
[ffmpeg/video] libdav1d: Error parsing OBU data
AV: 00:02:30 / 00:22:10 (11%) A-V:  0.000 Dropped: 23 Cache: 820s/500MB
Error while decoding frame!
AV: 00:02:30 / 00:22:10 (11%) A-V:  0.000 Dropped: 23 Cache: 820s/500MB
[ffmpeg/video] libdav1d: Error parsing OBU data
AV: 00:02:30 / 00:22:10 (11%) A-V:  0.000 Dropped: 23 Cache: 820s/500MB
Error while decoding frame!
AV: 00:02:30 / 00:22:10 (11%) A-V:  0.000 Dropped: 23 Cache: 820s/500MB
[ffmpeg/video] libdav1d: Error parsing OBU data
AV: 00:02:30 / 00:22:10 (11%) A-V:  0.000 Dropped: 23 Cache: 820s/500MB
Error while decoding frame!
AV: 00:02:30 / 00:22:10 (11%) A-V:  0.000 Dropped: 23 Cache: 820s/500MB
[ffmpeg/video] libdav1d: Error parsing OBU data
AV: 00:02:30 / 00:22:10 (11%) A-V:  0.000 Dropped: 23 Cache: 820s/500MB
Error while decoding frame!
AV: 00:02:30 / 00:22:10 (11%) A-V:  0.000 Dropped: 23 Cache: 820s/500MB
[ffmpeg/video] libdav1d: Error parsing OBU data
AV: 00:02:30 / 00:22:10 (11%) A-V:  0.000 Dropped: 23 Cache: 820s/500MB
Error while decoding frame!
AV: 00:02:30 / 00:22:10 (11%) A-V:  0.000 Dropped: 23 Cache: 820s/500MB
[ffmpeg/video] libdav1d: Error parsing OBU data
AV: 00:02:30 / 00:22:10 (11%) A-V:  0.000 Dropped: 23 Cache: 820s/500MB
Error while decoding frame!
AV: 00:02:30 / 00:22:10 (11%) A-V:  0.000 Dropped: 23 Cache: 820s/500MB
[ffmpeg/video] libdav1d: Error parsing OBU data
AV: 00:02:30 / 00:22:10 (11%) A-V:  0.000 Dropped: 23 Cache: 820s/500MB
Error while decoding frame!
AV: 00:02:30 / 00:22:10 (11%) A-V:  0.000 Dropped: 23 Cache: 820s/500MB
[ffmpeg/video] libdav1d: Error parsing OBU data
AV: 00:02:30 / 00:22:10 (11%) A-V:  0.000 Dropped: 23 Cache: 820s/500MB
Error while decoding frame!
AV: 00:02:30 / 00:22:10 (11%) A-V:  0.000 Dropped: 23 Cache: 820s/500MB
[ffmpeg/video] libdav1d: Error parsing OBU data
AV: 00:02:30 / 00:22:10 (11%) A-V:  0.000 Dropped: 23 Cache: 820s/500MB
Error while decoding frame!
AV: 00:02:30 / 00:22:10 (11%) A-V:  0.000 Dropped: 23 Cache: 820s/500MB
Using hardware decoding (nvdec).
AV: 00:02:30 / 00:22:10 (11%) A-V:  0.000 Dropped: 23 Cache: 820s/500MB
(...) AV: 00:00:00 / 00:22:10 (0%) A-V:  0.000 Cache: 813s/500MB
VO: [gpu] 1920x1080 cuda[nv12]
(...) AV: 00:00:00 / 00:22:10 (0%) A-V:  0.000 Cache: 813s/500MB
AV: 00:02:30 / 00:22:10 (11%) A-V:  0.000 Dropped: 3 Cache: 876s/500MB
AV: 00:02:31 / 00:22:10 (11%) A-V:  0.000 Cache: 813s/500MB
[dbx] New chapter 10 
AV: 00:02:31 / 00:22:10 (11%) A-V:  0.000 Cache: 813s/500MB
[dbx] Metadata  
AV: 00:02:31 / 00:22:10 (11%) A-V:  0.000 Cache: 813s/500MB
[dbx] chapter time is  151 
AV: 00:02:31 / 00:22:10 (11%) A-V:  0.000 Cache: 813s/500MB
[dbx] Chapter Length is  16 
AV: 00:02:31 / 00:22:10 (11%) A-V:  0.000 Cache: 813s/500MB
[dbx] record_number was  11 
AV: 00:02:31 / 00:22:10 (11%) A-V:  0.000 Cache: 813s/500MB
AV: 00:02:30 / 00:22:10 (11%) A-V:  0.000 Dropped: 1 Cache: 877s/500MB
AV: 00:02:31 / 00:22:10 (11%) A-V:  0.000 ct:  0.064 Cache: 813s/500MB
AV: 00:02:31 / 00:22:10 (11%) A-V:  0.000 ct:  0.080 Cache: 813s/500MB
AV: 00:02:31 / 00:22:10 (11%) A-V:  0.000 ct:  0.096 Cache: 813s/500MB
AV: 00:02:31 / 00:22:10 (11%) A-V:  0.000 ct:  0.112 Cache: 813s/500MB
AV: 00:02:30 / 00:22:10 (11%) A-V:  0.000 ct: 10.015 Dropped: 1 Cache: 826s/500MB
AV: 00:02:31 / 00:22:10 (11%) A-V:  0.000 ct:  0.128 Cache: 813s/500MB
AV: 00:02:31 / 00:22:10 (11%) A-V:  0.000 ct:  0.144 Cache: 813s/500MB
AV: 00:02:31 / 00:22:10 (11%) A-V:  0.000 ct:  0.160 Cache: 813s/500MB
AV: 00:02:31 / 00:22:10 (11%) A-V:  0.000 ct:  0.176 Cache: 813s/500MB
AV: 00:02:31 / 00:22:10 (11%) A-V:  0.000 ct:  0.192 Cache: 813s/500MB
AV: 00:02:31 / 00:22:10 (11%) A-V:  0.000 ct:  0.208 Cache: 813s/500MB
AV: 00:02:31 / 00:22:10 (11%) A-V:  0.000 ct:  0.224 Cache: 813s/500MB
AV: 00:02:31 / 00:22:10 (11%) A-V:  0.000 ct:  0.240 Cache: 813s/500MB
AV: 00:02:31 / 00:22:10 (11%) A-V:  0.000 ct:  0.256 Cache: 813s/500MB
AV: 00:02:30 / 00:22:10 (11%) A-V:  0.000 Dropped: 3 Cache: 875s/500MB
AV: 00:02:30 / 00:22:10 (11%) A-V:  0.000 Dropped: 1 Cache: 876s/500MB
AV: 00:02:31 / 00:22:10 (11%) A-V:  0.000 ct:  0.272 Cache: 813s/500MB
AV: 00:02:31 / 00:22:10 (11%) A-V:  0.000 ct: 10.015 Dropped: 1 Cache: 826s/500MB
AV: 00:02:31 / 00:22:10 (11%) A-V:  0.000 ct:  0.288 Cache: 813s/500MB
AV: 00:02:31 / 00:22:10 (11%) A-V:  0.000 ct:  0.304 Cache: 813s/500MB
AV: 00:02:31 / 00:22:10 (11%) A-V:  0.000 ct:  0.320 Cache: 813s/500MB
AV: 00:02:31 / 00:22:10 (11%) A-V:  0.000 ct:  0.336 Cache: 813s/500MB
AV: 00:02:31 / 00:22:10 (11%) A-V:  0.000 ct:  0.352 Cache: 813s/500MB
AV: 00:02:31 / 00:22:10 (11%) A-V:  0.000 ct:  0.368 Cache: 813s/500MB
AV: 00:02:31 / 00:22:10 (11%) A-V:  0.000 ct:  0.384 Cache: 813s/500MB
AV: 00:02:31 / 00:22:10 (11%) A-V:  0.000 ct:  0.400 Cache: 813s/500MB
AV: 00:02:31 / 00:22:10 (11%) A-V:  0.000 Dropped: 3 Cache: 875s/500MB
AV: 00:02:32 / 00:22:10 (11%) A-V:  0.000 ct:  0.416 Cache: 812s/500MB
AV: 00:02:31 / 00:22:10 (11%) A-V:  0.000 Dropped: 1 Cache: 876s/500MB
AV: 00:02:32 / 00:22:10 (11%) A-V:  0.000 ct:  0.432 Cache: 812s/500MB
AV: 00:02:32 / 00:22:10 (11%) A-V:  0.000 ct:  0.448 Cache: 812s/500MB
AV: 00:02:32 / 00:22:10 (11%) A-V:  0.000 ct:  0.464 Cache: 812s/500MB
AV: 00:02:32 / 00:22:10 (11%) A-V:  0.000 ct:  0.480 Cache: 812s/500MB
AV: 00:02:32 / 00:22:10 (11%) A-V:  0.000 ct:  0.496 Cache: 812s/500MB
AV: 00:02:32 / 00:22:10 (11%) A-V:  0.000 ct:  0.512 Cache: 812s/500MB
AV: 00:02:32 / 00:22:10 (11%) A-V:  0.000 ct:  0.528 Cache: 812s/500MB
AV: 00:02:31 / 00:22:10 (11%) A-V:  0.000 ct: 10.015 Dropped: 1 Cache: 825s/500MB
AV: 00:02:32 / 00:22:10 (11%) A-V:  0.000 ct:  0.544 Cache: 812s/500MB
AV: 00:02:32 / 00:22:10 (11%) A-V:  0.000 ct:  0.560 Cache: 812s/500MB
AV: 00:02:32 / 00:22:10 (11%) A-V:  0.000 ct:  0.576 Cache: 812s/500MB
AV: 00:02:32 / 00:22:10 (11%) A-V:  0.000 ct:  0.592 Cache: 812s/500MB
AV: 00:02:32 / 00:22:10 (11%) A-V:  0.000 ct:  0.608 Cache: 812s/500MB
AV: 00:02:32 / 00:22:10 (11%) A-V:  0.000 ct:  0.624 Cache: 812s/500MB
AV: 00:02:32 / 00:22:10 (11%) A-V:  0.000 ct:  0.640 Cache: 812s/500MB
AV: 00:02:32 / 00:22:10 (11%) A-V:  0.000 ct:  0.656 Cache: 812s/500MB
AV: 00:02:31 / 00:22:10 (11%) A-V:  0.000 Dropped: 3 Cache: 874s/500MB
AV: 00:02:31 / 00:22:10 (11%) A-V:  0.000 Dropped: 1 Cache: 875s/500MB
AV: 00:02:32 / 00:22:10 (11%) A-V:  0.000 ct:  0.672 Cache: 812s/500MB
AV: 00:02:32 / 00:22:10 (11%) A-V:  0.000 ct: 10.015 Dropped: 1 Cache: 825s/500MB
AV: 00:02:32 / 00:22:10 (11%) A-V:  0.000 ct:  0.688 Cache: 812s/500MB
AV: 00:02:32 / 00:22:10 (11%) A-V:  0.000 ct:  0.704 Cache: 812s/500MB
AV: 00:02:32 / 00:22:10 (11%) A-V:  0.000 ct:  0.720 Cache: 812s/500MB
AV: 00:02:32 / 00:22:10 (11%) A-V:  0.000 ct:  0.736 Cache: 812s/500MB
AV: 00:02:32 / 00:22:10 (11%) A-V:  0.000 ct:  0.752 Cache: 812s/500MB
AV: 00:02:32 / 00:22:10 (11%) A-V:  0.000 ct:  0.768 Cache: 812s/500MB
AV: 00:02:32 / 00:22:10 (11%) A-V:  0.000 ct:  0.784 Cache: 812s/500MB
AV: 00:02:32 / 00:22:10 (12%) A-V:  0.000 ct:  0.800 Cache: 812s/500MB
AV: 00:02:32 / 00:22:10 (11%) A-V:  0.000 Dropped: 3 Cache: 874s/500MB
AV: 00:02:33 / 00:22:10 (12%) A-V:  0.000 ct:  0.816 Cache: 812s/500MB
AV: 00:02:32 / 00:22:10 (11%) A-V:  0.000 Dropped: 1 Cache: 875s/500MB
AV: 00:02:33 / 00:22:10 (12%) A-V:  0.000 ct:  0.832 Cache: 812s/500MB
AV: 00:02:33 / 00:22:10 (12%) A-V:  0.000 ct:  0.848 Cache: 812s/500MB
AV: 00:02:33 / 00:22:10 (12%) A-V:  0.000 ct:  0.864 Cache: 812s/500MB
AV: 00:02:33 / 00:22:10 (12%) A-V:  0.000 ct:  0.880 Cache: 812s/500MB
AV: 00:02:33 / 00:22:10 (12%) A-V:  0.000 ct:  0.896 Cache: 812s/500MB
AV: 00:02:33 / 00:22:10 (12%) A-V:  0.000 ct:  0.912 Cache: 812s/500MB
AV: 00:02:33 / 00:22:10 (12%) A-V:  0.000 ct:  0.928 Cache: 812s/500MB
AV: 00:02:32 / 00:22:10 (11%) A-V:  0.000 ct: 10.015 Dropped: 1 Cache: 824s/500MB
AV: 00:02:33 / 00:22:10 (12%) A-V:  0.000 ct:  0.944 Cache: 811s/500MB
AV: 00:02:33 / 00:22:10 (12%) A-V:  0.000 ct:  0.960 Cache: 811s/500MB
AV: 00:02:33 / 00:22:10 (12%) A-V:  0.000 ct:  0.976 Cache: 811s/500MB
AV: 00:02:33 / 00:22:10 (12%) A-V:  0.000 ct:  0.992 Cache: 812s/500MB
AV: 00:02:33 / 00:22:10 (12%) A-V:  0.000 ct:  1.008 Cache: 812s/500MB
AV: 00:02:33 / 00:22:10 (12%) A-V:  0.000 ct:  1.024 Cache: 812s/500MB
AV: 00:02:33 / 00:22:10 (12%) A-V:  0.000 ct:  1.040 Cache: 812s/500MB
AV: 00:02:33 / 00:22:10 (12%) A-V:  0.000 ct:  1.056 Cache: 812s/500MB
AV: 00:02:32 / 00:22:10 (11%) A-V:  0.000 Dropped: 3 Cache: 873s/500MB
AV: 00:02:32 / 00:22:10 (11%) A-V:  0.000 Dropped: 1 Cache: 874s/500MB
AV: 00:02:33 / 00:22:10 (12%) A-V:  0.000 ct:  1.072 Cache: 812s/500MB
AV: 00:02:32 / 00:22:10 (12%) A-V:  0.000 ct: 10.015 Dropped: 1 Cache: 824s/500MB
AV: 00:02:33 / 00:22:10 (12%) A-V:  0.000 ct: 10.015 Dropped: 1 Cache: 824s/500MB
AV: 00:02:33 / 00:22:10 (12%) A-V:  0.000 ct:  1.088 Cache: 812s/500MB
AV: 00:02:33 / 00:22:10 (12%) A-V:  0.000 ct:  1.104 Cache: 812s/500MB
AV: 00:02:33 / 00:22:10 (12%) A-V:  0.000 ct:  1.120 Cache: 812s/500MB
AV: 00:02:33 / 00:22:10 (12%) A-V:  0.000 ct:  1.136 Cache: 812s/500MB
AV: 00:02:33 / 00:22:10 (12%) A-V:  0.000 ct:  1.152 Cache: 811s/500MB
AV: 00:02:33 / 00:22:10 (12%) A-V:  0.000 ct:  1.168 Cache: 811s/500MB
AV: 00:02:33 / 00:22:10 (12%) A-V:  0.000 ct:  1.184 Cache: 811s/500MB
AV: 00:02:32 / 00:22:10 (12%) A-V:  0.000 Dropped: 3 Cache: 873s/500MB
AV: 00:02:33 / 00:22:10 (12%) A-V:  0.000 ct:  1.200 Cache: 811s/500MB
AV: 00:02:32 / 00:22:10 (12%) A-V:  0.000 Dropped: 1 Cache: 874s/500MB
AV: 00:02:33 / 00:22:10 (12%) A-V:  0.000 Dropped: 3 Cache: 873s/500MB
AV: 00:02:34 / 00:22:10 (12%) A-V:  0.000 ct:  1.216 Cache: 811s/500MB
AV: 00:02:33 / 00:22:10 (12%) A-V:  0.000 Dropped: 1 Cache: 874s/500MB
AV: 00:02:34 / 00:22:10 (12%) A-V:  0.000 ct:  1.232 Cache: 811s/500MB
AV: 00:02:34 / 00:22:10 (12%) A-V:  0.000 ct:  1.248 Cache: 811s/500MB
AV: 00:02:34 / 00:22:10 (12%) A-V:  0.000 ct:  1.264 Cache: 811s/500MB
AV: 00:02:34 / 00:22:10 (12%) A-V:  0.000 ct:  1.280 Cache: 811s/500MB
AV: 00:02:34 / 00:22:10 (12%) A-V:  0.000 ct:  1.296 Cache: 811s/500MB
AV: 00:02:34 / 00:22:10 (12%) A-V:  0.000 ct:  1.312 Cache: 811s/500MB
AV: 00:02:34 / 00:22:10 (12%) A-V:  0.000 ct:  1.328 Cache: 811s/500MB
AV: 00:02:33 / 00:22:10 (12%) A-V:  0.000 ct: 10.015 Dropped: 1 Cache: 823s/500MB
AV: 00:02:34 / 00:22:10 (12%) A-V:  0.000 ct:  1.344 Cache: 811s/500MB
AV: 00:02:34 / 00:22:10 (12%) A-V:  0.000 ct:  1.360 Cache: 811s/500MB
AV: 00:02:34 / 00:22:10 (12%) A-V:  0.000 ct:  1.376 Cache: 811s/500MB
AV: 00:02:34 / 00:22:10 (12%) A-V:  0.000 ct:  1.392 Cache: 811s/500MB
AV: 00:02:34 / 00:22:10 (12%) A-V:  0.000 ct:  1.408 Cache: 811s/500MB
AV: 00:02:34 / 00:22:10 (12%) A-V:  0.000 ct:  1.424 Cache: 811s/500MB
AV: 00:02:34 / 00:22:10 (12%) A-V:  0.000 ct:  1.440 Cache: 811s/500MB
AV: 00:02:34 / 00:22:10 (12%) A-V:  0.000 ct:  1.456 Cache: 811s/500MB
AV: 00:02:33 / 00:22:10 (12%) A-V:  0.000 Dropped: 1 Cache: 873s/500MB
AV: 00:02:34 / 00:22:10 (12%) A-V:  0.000 ct:  1.472 Cache: 811s/500MB
AV: 00:02:33 / 00:22:10 (12%) A-V:  0.000 Dropped: 3 Cache: 872s/500MB
AV: 00:02:34 / 00:22:10 (12%) A-V:  0.000 ct: 10.015 Dropped: 1 Cache: 823s/500MB
AV: 00:02:34 / 00:22:10 (12%) A-V:  0.000 ct:  1.488 Cache: 811s/500MB
AV: 00:02:34 / 00:22:10 (12%) A-V:  0.000 ct:  1.504 Cache: 811s/500MB
AV: 00:02:34 / 00:22:10 (12%) A-V:  0.000 ct:  1.520 Cache: 811s/500MB
AV: 00:02:34 / 00:22:10 (12%) A-V:  0.000 ct:  1.536 Cache: 811s/500MB
AV: 00:02:34 / 00:22:10 (12%) A-V:  0.000 ct:  1.552 Cache: 811s/500MB
AV: 00:02:34 / 00:22:10 (12%) A-V:  0.000 ct:  1.568 Cache: 811s/500MB
AV: 00:02:34 / 00:22:10 (12%) A-V:  0.000 ct:  1.584 Cache: 811s/500MB
AV: 00:02:34 / 00:22:10 (12%) A-V:  0.000 ct:  1.600 Cache: 811s/500MB
AV: 00:02:35 / 00:22:10 (12%) A-V:  0.000 ct:  1.616 Cache: 811s/500MB
Using hardware decoding (nvdec).
AV: 00:02:33 / 00:22:10 (12%) A-V:  0.000 Dropped: 3 Cache: 872s/500MB
AV: 00:02:34 / 00:22:10 (12%) A-V:  0.000 Dropped: 1 Cache: 873s/500MB
AV: 00:02:35 / 00:22:10 (12%) A-V:  0.000 ct:  1.632 Cache: 811s/500MB
AV: 00:02:33 / 00:22:10 (12%) A-V:  0.000 Dropped: 3 Cache: 873s/500MB
AV: 00:02:35 / 00:22:10 (12%) A-V:  0.000 ct:  1.648 Cache: 811s/500MB
AV: 00:02:35 / 00:22:10 (12%) A-V:  0.000 ct:  1.664 Cache: 810s/500MB
AV: 00:02:35 / 00:22:10 (12%) A-V:  0.000 ct:  1.680 Cache: 810s/500MB
AV: 00:02:35 / 00:22:10 (12%) A-V:  0.000 ct:  1.696 Cache: 810s/500MB
AV: 00:02:35 / 00:22:10 (12%) A-V:  0.000 ct:  1.712 Cache: 810s/500MB
AV: 00:02:35 / 00:22:10 (12%) A-V:  0.000 ct:  1.728 Cache: 810s/500MB
AV: 00:02:34 / 00:22:10 (12%) A-V:  0.000 ct: 10.015 Dropped: 1 Cache: 822s/500MB
AV: 00:02:35 / 00:22:10 (12%) A-V:  0.000 ct:  1.744 Cache: 810s/500MB
Audio device underrun detected.
AV: 00:02:33 / 00:22:10 (12%) A-V:  0.000 Dropped: 3 Cache: 873s/500MB
AV: 00:02:33 / 00:22:10 (12%) A-V:  0.315 Dropped: 3 Cache: 874s/500MB
VO: [gpu] 3840x2160 cuda[nv12]
AV: 00:02:33 / 00:22:10 (12%) A-V:  0.315 Dropped: 3 Cache: 874s/500MB
AV: 00:02:33 / 00:22:10 (12%) A-V:  0.190 Cache: 874s/500MB
AV: 00:02:34 / 00:22:10 (12%) A-V:  0.175 Cache: 874s/500MB
AV: 00:02:34 / 00:22:10 (12%) A-V:  0.161 Dropped: 1 Cache: 874s/500MB
AV: 00:02:35 / 00:22:10 (12%) A-V:  0.000 ct:  1.760 Cache: 810s/500MB
AV: 00:02:34 / 00:22:10 (12%) A-V:  0.141 Dropped: 2 Cache: 874s/500MB
[dbx] New chapter 13 
AV: 00:02:34 / 00:22:10 (12%) A-V:  0.141 Dropped: 2 Cache: 874s/500MB
[dbx] Metadata  
AV: 00:02:34 / 00:22:10 (12%) A-V:  0.141 Dropped: 2 Cache: 874s/500MB
[dbx] chapter time is  154 
AV: 00:02:34 / 00:22:10 (12%) A-V:  0.141 Dropped: 2 Cache: 874s/500MB
[dbx] Chapter Length is  10 
AV: 00:02:34 / 00:22:10 (12%) A-V:  0.141 Dropped: 2 Cache: 874s/500MB
[dbx] record_number was  14 
AV: 00:02:34 / 00:22:10 (12%) A-V:  0.141 Dropped: 2 Cache: 874s/500MB
AV: 00:02:34 / 00:22:10 (12%) A-V:  0.127 Dropped: 3 Cache: 874s/500MB
AV: 00:02:34 / 00:22:10 (12%) A-V:  0.111 Dropped: 4 Cache: 874s/500MB
AV: 00:02:34 / 00:22:10 (12%) A-V:  0.097 Dropped: 5 Cache: 874s/500MB
AV: 00:02:34 / 00:22:10 (12%) A-V:  0.082 Dropped: 6 Cache: 874s/500MB
AV: 00:02:34 / 00:22:10 (12%) A-V:  0.067 Dropped: 7 Cache: 874s/500MB
AV: 00:02:34 / 00:22:10 (12%) A-V:  0.052 Dropped: 8 Cache: 874s/500MB
AV: 00:02:34 / 00:22:10 (12%) A-V:  0.037 Dropped: 9 Cache: 874s/500MB
AV: 00:02:34 / 00:22:10 (12%) A-V:  0.021 Dropped: 10 Cache: 874s/500MB
AV: 00:02:34 / 00:22:10 (12%) A-V:  0.009 Dropped: 11 Cache: 874s/500MB
AV: 00:02:34 / 00:22:10 (12%) A-V:  0.000 Dropped: 11 Cache: 874s/500MB
AV: 00:02:35 / 00:22:10 (12%) A-V:  0.000 ct:  1.776 Cache: 810s/500MB
AV: 00:02:35 / 00:22:10 (12%) A-V:  0.000 ct:  1.792 Cache: 810s/500MB
AV: 00:02:35 / 00:22:10 (12%) A-V:  0.000 ct:  1.808 Cache: 810s/500MB
AV: 00:02:35 / 00:22:10 (12%) A-V:  0.000 ct:  1.824 Cache: 810s/500MB
AV: 00:02:35 / 00:22:10 (12%) A-V:  0.000 ct:  1.840 Cache: 810s/500MB
AV: 00:02:35 / 00:22:10 (12%) A-V:  0.000 ct:  1.856 Cache: 810s/500MB
AV: 00:02:34 / 00:22:10 (12%) A-V:  0.000 Dropped: 1 Cache: 872s/500MB
AV: 00:02:35 / 00:22:10 (12%) A-V:  0.000 ct:  1.872 Cache: 810s/500MB
AV: 00:02:35 / 00:22:10 (12%) A-V:  0.000 ct: 10.015 Dropped: 1 Cache: 822s/500MB
AV: 00:02:35 / 00:22:10 (12%) A-V:  0.000 ct:  1.888 Cache: 810s/500MB
AV: 00:02:35 / 00:22:10 (12%) A-V:  0.000 ct:  1.904 Cache: 810s/500MB
AV: 00:02:35 / 00:22:10 (12%) A-V:  0.000 ct:  1.920 Cache: 810s/500MB
AV: 00:02:35 / 00:22:10 (12%) A-V:  0.000 ct:  1.936 Cache: 810s/500MB
AV: 00:02:35 / 00:22:10 (12%) A-V:  0.000 ct:  1.952 Cache: 810s/500MB
AV: 00:02:35 / 00:22:10 (12%) A-V:  0.000 ct:  1.968 Cache: 810s/500MB
AV: 00:02:35 / 00:22:10 (12%) A-V:  0.000 ct:  1.984 Cache: 810s/500MB
AV: 00:02:35 / 00:22:10 (12%) A-V:  0.000 ct:  2.000 Cache: 810s/500MB
AV: 00:02:36 / 00:22:10 (12%) A-V:  0.000 ct:  2.016 Cache: 810s/500MB
AV: 00:02:35 / 00:22:10 (12%) A-V:  0.000 Dropped: 1 Cache: 872s/500MB
AV: 00:02:36 / 00:22:10 (12%) A-V:  0.000 ct:  2.032 Cache: 810s/500MB
AV: 00:02:36 / 00:22:10 (12%) A-V:  0.000 ct:  2.048 Cache: 810s/500MB
AV: 00:02:36 / 00:22:10 (12%) A-V:  0.000 ct:  2.064 Cache: 810s/500MB
AV: 00:02:35 / 00:22:10 (12%) A-V:  0.000 Dropped: 11 Cache: 874s/500MB
AV: 00:02:36 / 00:22:10 (12%) A-V:  0.000 ct:  2.080 Cache: 810s/500MB
AV: 00:02:36 / 00:22:10 (12%) A-V:  0.000 ct:  2.096 Cache: 810s/500MB
AV: 00:02:36 / 00:22:10 (12%) A-V:  0.000 ct:  2.112 Cache: 810s/500MB
AV: 00:02:36 / 00:22:10 (12%) A-V:  0.000 ct:  2.128 Cache: 810s/500MB
AV: 00:02:36 / 00:22:10 (12%) A-V:  0.000 ct:  2.144 Cache: 810s/500MB
AV: 00:02:36 / 00:22:10 (12%) A-V:  0.000 ct:  2.160 Cache: 809s/500MB
AV: 00:02:36 / 00:22:10 (12%) A-V:  0.000 ct:  2.176 Cache: 809s/500MB
AV: 00:02:35 / 00:22:10 (12%) A-V:  0.000 Dropped: 11 Cache: 874s/499MB
AV: 00:02:35 / 00:22:10 (12%) A-V:  0.000 Dropped: 11 Cache: 874s/500MB
AV: 00:02:36 / 00:22:10 (12%) A-V:  0.000 ct:  2.192 Cache: 809s/500MB
AV: 00:02:36 / 00:22:10 (12%) A-V:  0.000 ct:  2.208 Cache: 809s/500MB
AV: 00:02:36 / 00:22:10 (12%) A-V:  0.000 ct:  2.224 Cache: 809s/500MB
AV: 00:02:35 / 00:22:10 (12%) A-V:  0.000 Dropped: 11 Cache: 873s/500MB
AV: 00:02:36 / 00:22:10 (12%) A-V:  0.000 ct:  2.240 Cache: 809s/500MB
AV: 00:02:36 / 00:22:10 (12%) A-V:  0.000 ct:  2.256 Cache: 809s/500MB
AV: 00:02:35 / 00:22:10 (12%) A-V:  0.000 Dropped: 1 Cache: 871s/500MB
AV: 00:02:36 / 00:22:10 (12%) A-V:  0.000 ct:  2.272 Cache: 809s/500MB
AV: 00:02:36 / 00:22:10 (12%) A-V:  0.000 ct:  2.288 Cache: 809s/500MB
AV: 00:02:36 / 00:22:10 (12%) A-V:  0.000 ct: 10.015 Dropped: 1 Cache: 822s/500MB
AV: 00:02:36 / 00:22:10 (12%) A-V:  0.000 ct:  2.304 Cache: 809s/500MB
AV: 00:02:36 / 00:22:10 (12%) A-V:  0.000 ct:  2.320 Cache: 809s/500MB
AV: 00:02:36 / 00:22:10 (12%) A-V:  0.000 ct:  2.336 Cache: 809s/500MB
AV: 00:02:36 / 00:22:10 (12%) A-V:  0.000 ct:  2.352 Cache: 809s/500MB
AV: 00:02:36 / 00:22:10 (12%) A-V:  0.000 ct:  2.368 Cache: 809s/500MB
AV: 00:02:36 / 00:22:10 (12%) A-V:  0.000 ct:  2.384 Cache: 809s/500MB
AV: 00:02:36 / 00:22:10 (12%) A-V:  0.000 ct:  2.400 Cache: 809s/500MB
AV: 00:02:37 / 00:22:10 (12%) A-V:  0.000 ct:  2.416 Cache: 809s/500MB
AV: 00:02:36 / 00:22:10 (12%) A-V:  0.000 Dropped: 1 Cache: 871s/500MB
AV: 00:02:37 / 00:22:10 (12%) A-V:  0.000 ct:  2.432 Cache: 809s/500MB
AV: 00:02:37 / 00:22:10 (12%) A-V:  0.000 ct:  2.448 Cache: 809s/500MB
AV: 00:02:37 / 00:22:10 (12%) A-V:  0.000 ct:  2.464 Cache: 809s/500MB
AV: 00:02:36 / 00:22:10 (12%) A-V:  0.000 Dropped: 11 Cache: 873s/500MB
AV: 00:02:37 / 00:22:10 (12%) A-V:  0.000 ct:  2.480 Cache: 809s/500MB
AV: 00:02:37 / 00:22:10 (12%) A-V:  0.000 ct:  2.496 Cache: 809s/500MB
AV: 00:02:36 / 00:22:10 (12%) A-V:  0.000 ct: 10.015 Dropped: 1 Cache: 821s/500MB
AV: 00:02:37 / 00:22:10 (12%) A-V:  0.000 ct:  2.512 Cache: 809s/500MB
AV: 00:02:37 / 00:22:10 (12%) A-V:  0.000 ct:  2.528 Cache: 809s/500MB
AV: 00:02:37 / 00:22:10 (12%) A-V:  0.000 ct:  2.544 Cache: 809s/500MB
AV: 00:02:37 / 00:22:10 (12%) A-V:  0.000 ct:  2.560 Cache: 808s/500MB
AV: 00:02:37 / 00:22:10 (12%) A-V:  0.000 ct:  2.576 Cache: 808s/500MB
AV: 00:02:37 / 00:22:10 (12%) A-V:  0.000 ct:  2.592 Cache: 808s/500MB
AV: 00:02:37 / 00:22:10 (12%) A-V:  0.000 ct:  2.608 Cache: 808s/500MB
AV: 00:02:37 / 00:22:10 (12%) A-V:  0.000 ct:  2.624 Cache: 808s/500MB
AV: 00:02:37 / 00:22:10 (12%) A-V:  0.000 ct:  2.640 Cache: 808s/500MB
AV: 00:02:37 / 00:22:10 (12%) A-V:  0.000 ct:  2.656 Cache: 808s/500MB
AV: 00:02:36 / 00:22:10 (12%) A-V:  0.000 Dropped: 1 Cache: 870s/500MB
AV: 00:02:37 / 00:22:10 (12%) A-V:  0.000 ct:  2.672 Cache: 808s/500MB
AV: 00:02:37 / 00:22:10 (12%) A-V:  0.000 ct: 10.015 Dropped: 1 Cache: 821s/500MB
AV: 00:02:37 / 00:22:10 (12%) A-V:  0.000 ct:  2.688 Cache: 808s/500MB
AV: 00:02:37 / 00:22:10 (12%) A-V:  0.000 ct:  2.704 Cache: 808s/500MB
AV: 00:02:37 / 00:22:10 (12%) A-V:  0.000 ct:  2.720 Cache: 808s/500MB
AV: 00:02:37 / 00:22:10 (12%) A-V:  0.000 ct:  2.736 Cache: 808s/500MB
AV: 00:02:37 / 00:22:10 (12%) A-V:  0.000 ct:  2.752 Cache: 808s/500MB
AV: 00:02:37 / 00:22:10 (12%) A-V:  0.000 ct:  2.768 Cache: 808s/500MB
AV: 00:02:37 / 00:22:10 (12%) A-V:  0.000 ct:  2.784 Cache: 808s/500MB
AV: 00:02:37 / 00:22:10 (12%) A-V:  0.000 ct:  2.800 Cache: 808s/500MB
AV: 00:02:38 / 00:22:10 (12%) A-V:  0.000 ct:  2.816 Cache: 808s/500MB
AV: 00:02:37 / 00:22:10 (12%) A-V:  0.000 Dropped: 1 Cache: 870s/500MB
AV: 00:02:38 / 00:22:10 (12%) A-V:  0.000 ct:  2.832 Cache: 808s/500MB
AV: 00:02:38 / 00:22:10 (12%) A-V:  0.000 ct:  2.848 Cache: 808s/500MB
AV: 00:02:38 / 00:22:10 (12%) A-V:  0.000 ct:  2.864 Cache: 808s/500MB
AV: 00:02:37 / 00:22:10 (12%) A-V:  0.000 Dropped: 11 Cache: 873s/500MB
AV: 00:02:38 / 00:22:10 (12%) A-V:  0.000 ct:  2.880 Cache: 808s/500MB
AV: 00:02:38 / 00:22:10 (12%) A-V:  0.000 ct:  2.896 Cache: 808s/500MB
AV: 00:02:38 / 00:22:10 (12%) A-V:  0.000 ct:  2.912 Cache: 808s/500MB
AV: 00:02:38 / 00:22:10 (12%) A-V:  0.000 ct:  2.928 Cache: 808s/500MB
AV: 00:02:38 / 00:22:10 (12%) A-V:  0.000 ct:  2.944 Cache: 808s/500MB
AV: 00:02:38 / 00:22:10 (12%) A-V:  0.000 ct:  2.960 Cache: 808s/500MB
AV: 00:02:38 / 00:22:10 (12%) A-V:  0.000 ct:  2.976 Cache: 808s/500MB
AV: 00:02:38 / 00:22:10 (12%) A-V:  0.000 ct:  2.992 Cache: 808s/500MB
AV: 00:02:38 / 00:22:10 (12%) A-V:  0.000 ct:  3.008 Cache: 808s/500MB
AV: 00:02:38 / 00:22:10 (12%) A-V:  0.000 ct:  3.024 Cache: 808s/500MB
AV: 00:02:38 / 00:22:10 (12%) A-V:  0.000 ct:  3.040 Cache: 808s/500MB
AV: 00:02:38 / 00:22:10 (12%) A-V:  0.000 ct:  3.056 Cache: 808s/500MB
AV: 00:02:37 / 00:22:10 (12%) A-V:  0.000 Dropped: 1 Cache: 869s/500MB
AV: 00:02:38 / 00:22:10 (12%) A-V:  0.000 ct:  3.072 Cache: 808s/500MB
AV: 00:02:38 / 00:22:10 (12%) A-V:  0.000 ct:  3.088 Cache: 808s/500MB
AV: 00:02:38 / 00:22:10 (12%) A-V:  0.000 ct: 10.015 Dropped: 1 Cache: 821s/500MB
AV: 00:02:38 / 00:22:10 (12%) A-V:  0.000 ct:  3.104 Cache: 808s/500MB
AV: 00:02:38 / 00:22:10 (12%) A-V:  0.000 ct:  3.120 Cache: 808s/500MB
AV: 00:02:38 / 00:22:10 (12%) A-V:  0.000 ct:  3.136 Cache: 808s/500MB
AV: 00:02:38 / 00:22:10 (12%) A-V:  0.000 ct:  3.152 Cache: 808s/500MB
AV: 00:02:38 / 00:22:10 (12%) A-V:  0.000 ct:  3.168 Cache: 808s/500MB
AV: 00:02:38 / 00:22:10 (12%) A-V:  0.000 ct:  3.184 Cache: 808s/500MB
AV: 00:02:38 / 00:22:10 (12%) A-V:  0.000 Dropped: 1 Cache: 869s/500MB
Using hardware decoding (nvdec).
AV: 00:02:38 / 00:22:10 (12%) A-V:  0.000 ct:  3.184 Cache: 808s/500MB
AV: 00:02:38 / 00:22:10 (12%) A-V:  0.000 Dropped: 11 Cache: 873s/500MB
AV: 00:02:38 / 00:22:10 (12%) A-V:  0.000 Dropped: 11 Cache: 872s/500MB
AV: 00:02:38 / 00:22:10 (12%) A-V:  0.000 ct:  3.184 Cache: 811s/500MB
VO: [gpu] 3840x2160 cuda[nv12]
AV: 00:02:38 / 00:22:10 (12%) A-V:  0.000 ct:  3.184 Cache: 811s/500MB
AV: 00:02:38 / 00:22:10 (12%) A-V:  0.000 ct:  3.200 Cache: 811s/500MB
AV: 00:02:39 / 00:22:10 (12%) A-V:  0.000 ct:  3.207 Cache: 811s/500MB
[dbx] New chapter 11 
AV: 00:02:39 / 00:22:10 (12%) A-V:  0.000 ct:  3.207 Cache: 811s/500MB
[dbx] Metadata  
AV: 00:02:39 / 00:22:10 (12%) A-V:  0.000 ct:  3.207 Cache: 811s/500MB
[dbx] chapter time is  159 
AV: 00:02:39 / 00:22:10 (12%) A-V:  0.000 ct:  3.207 Cache: 811s/500MB
[dbx] Chapter Length is  8 
AV: 00:02:39 / 00:22:10 (12%) A-V:  0.000 ct:  3.207 Cache: 811s/500MB
[dbx] record_number was  12 
AV: 00:02:39 / 00:22:10 (12%) A-V:  0.000 ct:  3.207 Cache: 811s/500MB
AV: 00:02:39 / 00:22:10 (12%) A-V:  0.000 ct:  3.213 Cache: 811s/500MB
AV: 00:02:39 / 00:22:10 (12%) A-V:  0.000 ct:  3.220 Cache: 811s/500MB
AV: 00:02:39 / 00:22:10 (12%) A-V:  0.000 ct:  3.227 Cache: 811s/500MB
AV: 00:02:39 / 00:22:10 (12%) A-V:  0.000 ct:  3.233 Cache: 811s/500MB
AV: 00:02:39 / 00:22:10 (12%) A-V:  0.000 ct:  3.240 Cache: 811s/500MB
AV: 00:02:39 / 00:22:10 (12%) A-V:  0.000 ct:  3.247 Cache: 811s/500MB
AV: 00:02:39 / 00:22:10 (12%) A-V:  0.000 ct:  3.253 Cache: 811s/500MB
AV: 00:02:38 / 00:22:10 (12%) A-V:  0.000 ct: 10.015 Dropped: 1 Cache: 820s/500MB
AV: 00:02:39 / 00:22:10 (12%) A-V:  0.000 ct:  3.260 Cache: 811s/500MB
AV: 00:02:39 / 00:22:10 (12%) A-V:  0.000 ct:  3.267 Cache: 811s/500MB
AV: 00:02:39 / 00:22:10 (12%) A-V:  0.000 ct:  3.273 Cache: 811s/500MB
AV: 00:02:38 / 00:22:10 (12%) A-V:  0.000 Dropped: 1 Cache: 868s/500MB
AV: 00:02:39 / 00:22:10 (12%) A-V:  0.000 ct:  3.280 Cache: 811s/500MB
AV: 00:02:39 / 00:22:10 (12%) A-V:  0.000 ct:  3.287 Cache: 811s/500MB
AV: 00:02:39 / 00:22:10 (12%) A-V:  0.000 ct:  3.293 Cache: 811s/500MB
AV: 00:02:39 / 00:22:10 (12%) A-V:  0.000 ct: 10.015 Dropped: 1 Cache: 820s/500MB
AV: 00:02:39 / 00:22:10 (12%) A-V:  0.000 ct:  3.300 Cache: 811s/500MB
AV: 00:02:39 / 00:22:10 (12%) A-V:  0.000 ct:  3.307 Cache: 811s/500MB
AV: 00:02:39 / 00:22:10 (12%) A-V:  0.000 ct:  3.313 Cache: 811s/500MB
AV: 00:02:39 / 00:22:10 (12%) A-V:  0.000 ct:  3.320 Cache: 811s/500MB
AV: 00:02:39 / 00:22:10 (12%) A-V:  0.000 ct:  3.327 Cache: 811s/500MB
AV: 00:02:39 / 00:22:10 (12%) A-V:  0.000 ct:  3.333 Cache: 811s/500MB
AV: 00:02:39 / 00:22:10 (12%) A-V:  0.000 ct:  3.340 Cache: 811s/500MB
AV: 00:02:39 / 00:22:10 (12%) A-V:  0.000 ct:  3.347 Cache: 811s/500MB
AV: 00:02:39 / 00:22:10 (12%) A-V:  0.000 ct:  3.353 Cache: 811s/500MB
AV: 00:02:39 / 00:22:10 (12%) A-V:  0.000 ct:  3.360 Cache: 811s/500MB
AV: 00:02:39 / 00:22:10 (12%) A-V:  0.000 ct:  3.367 Cache: 811s/500MB
AV: 00:02:39 / 00:22:10 (12%) A-V:  0.000 ct:  3.373 Cache: 811s/500MB
AV: 00:02:39 / 00:22:10 (12%) A-V:  0.000 ct:  3.380 Cache: 811s/500MB
AV: 00:02:39 / 00:22:10 (12%) A-V:  0.000 ct:  3.387 Cache: 811s/500MB
AV: 00:02:39 / 00:22:10 (12%) A-V:  0.000 ct:  3.393 Cache: 811s/500MB
AV: 00:02:39 / 00:22:10 (12%) A-V:  0.000 ct:  3.400 Cache: 811s/500MB
AV: 00:02:39 / 00:22:10 (12%) A-V:  0.000 ct:  3.407 Cache: 811s/500MB
Using hardware decoding (nvdec).
AV: 00:02:38 / 00:22:10 (12%) A-V:  0.000 Dropped: 1 Cache: 868s/500MB
AV: 00:02:39 / 00:22:10 (12%) A-V:  0.000 ct:  3.413 Cache: 811s/500MB
AV: 00:02:39 / 00:22:10 (12%) A-V:  0.000 ct:  3.420 Cache: 811s/500MB
AV: 00:02:39 / 00:22:10 (12%) A-V:  0.000 ct:  3.427 Cache: 811s/500MB
AV: 00:02:39 / 00:22:10 (12%) A-V:  0.000 ct:  3.433 Cache: 811s/500MB
AV: 00:02:38 / 00:22:10 (12%) A-V:  0.022 Dropped: 1 Cache: 868s/500MB
AV: 00:02:38 / 00:22:10 (12%) A-V:  0.009 Dropped: 2 Cache: 868s/500MB
AV: 00:02:39 / 00:22:10 (12%) A-V:  0.000 Dropped: 2 Cache: 868s/500MB
[dbx] New chapter 12 
AV: 00:02:39 / 00:22:10 (12%) A-V:  0.000 Dropped: 2 Cache: 868s/500MB
[dbx] Metadata  
AV: 00:02:39 / 00:22:10 (12%) A-V:  0.000 Dropped: 2 Cache: 868s/500MB
[dbx] chapter time is  159 
AV: 00:02:39 / 00:22:10 (12%) A-V:  0.000 Dropped: 2 Cache: 868s/500MB
[dbx] Chapter Length is  14 
AV: 00:02:39 / 00:22:10 (12%) A-V:  0.000 Dropped: 2 Cache: 868s/500MB
[dbx] record_number was  13 
AV: 00:02:39 / 00:22:10 (12%) A-V:  0.000 Dropped: 2 Cache: 868s/500MB
AV: 00:02:39 / 00:22:10 (12%) A-V:  0.000 ct:  3.440 Cache: 811s/500MB
AV: 00:02:39 / 00:22:10 (12%) A-V:  0.000 ct:  3.447 Cache: 811s/500MB
AV: 00:02:39 / 00:22:10 (12%) A-V:  0.000 ct:  3.453 Cache: 811s/500MB
AV: 00:02:39 / 00:22:10 (12%) A-V:  0.000 ct:  3.460 Cache: 811s/500MB
AV: 00:02:39 / 00:22:10 (12%) A-V:  0.000 ct:  3.467 Cache: 811s/500MB
AV: 00:02:39 / 00:22:10 (12%) A-V:  0.000 ct:  3.473 Cache: 811s/500MB
AV: 00:02:39 / 00:22:10 (12%) A-V:  0.000 ct:  3.480 Cache: 811s/500MB
AV: 00:02:39 / 00:22:10 (12%) A-V:  0.000 ct:  3.487 Cache: 811s/500MB
AV: 00:02:39 / 00:22:10 (12%) A-V:  0.000 Dropped: 11 Cache: 872s/500MB
AV: 00:02:39 / 00:22:10 (12%) A-V:  0.000 ct:  3.493 Cache: 811s/500MB
AV: 00:02:39 / 00:22:10 (12%) A-V:  0.000 ct:  3.500 Cache: 811s/500MB
AV: 00:02:39 / 00:22:10 (12%) A-V:  0.000 ct:  3.507 Cache: 811s/500MB
AV: 00:02:39 / 00:22:10 (12%) A-V:  0.000 ct:  3.513 Cache: 811s/500MB
AV: 00:02:39 / 00:22:10 (12%) A-V:  0.000 ct:  3.520 Cache: 811s/500MB
AV: 00:02:39 / 00:22:10 (12%) A-V:  0.000 ct:  3.527 Cache: 811s/500MB
AV: 00:02:39 / 00:22:10 (12%) A-V:  0.000 ct:  3.533 Cache: 811s/500MB
AV: 00:02:39 / 00:22:10 (12%) A-V:  0.000 ct:  3.540 Cache: 811s/500MB
AV: 00:02:39 / 00:22:10 (12%) A-V:  0.000 ct:  3.547 Cache: 811s/500MB
AV: 00:02:39 / 00:22:10 (12%) A-V:  0.000 ct:  3.553 Cache: 811s/500MB
AV: 00:02:39 / 00:22:10 (12%) A-V:  0.000 ct:  3.560 Cache: 811s/500MB
AV: 00:02:39 / 00:22:10 (12%) A-V:  0.000 ct:  3.567 Cache: 811s/500MB
AV: 00:02:39 / 00:22:10 (12%) A-V:  0.000 ct:  3.573 Cache: 811s/500MB
AV: 00:02:39 / 00:22:10 (12%) A-V:  0.000 ct:  3.580 Cache: 811s/500MB
AV: 00:02:39 / 00:22:10 (12%) A-V:  0.000 ct:  3.587 Cache: 811s/500MB
AV: 00:02:39 / 00:22:10 (12%) A-V:  0.000 ct:  3.593 Cache: 812s/500MB
AV: 00:02:39 / 00:22:10 (12%) A-V:  0.000 ct:  3.600 Cache: 812s/500MB
AV: 00:02:40 / 00:22:10 (12%) A-V:  0.000 ct:  3.607 Cache: 812s/500MB
AV: 00:02:40 / 00:22:10 (12%) A-V:  0.000 ct:  3.613 Cache: 812s/500MB
AV: 00:02:40 / 00:22:10 (12%) A-V:  0.000 ct:  3.620 Cache: 812s/500MB
AV: 00:02:40 / 00:22:10 (12%) A-V:  0.000 ct:  3.627 Cache: 812s/500MB
AV: 00:02:40 / 00:22:10 (12%) A-V:  0.000 ct:  3.633 Cache: 812s/500MB
AV: 00:02:40 / 00:22:10 (12%) A-V:  0.000 ct:  3.640 Cache: 812s/500MB
AV: 00:02:40 / 00:22:10 (12%) A-V:  0.000 ct:  3.647 Cache: 812s/500MB
AV: 00:02:40 / 00:22:10 (12%) A-V:  0.000 ct:  3.653 Cache: 812s/500MB
AV: 00:02:40 / 00:22:10 (12%) A-V:  0.000 ct:  3.660 Cache: 813s/500MB
AV: 00:02:40 / 00:22:10 (12%) A-V:  0.000 ct:  3.667 Cache: 813s/500MB
AV: 00:02:40 / 00:22:10 (12%) A-V:  0.000 ct:  3.673 Cache: 813s/500MB
AV: 00:02:40 / 00:22:10 (12%) A-V:  0.000 ct:  3.680 Cache: 813s/500MB
AV: 00:02:39 / 00:22:10 (12%) A-V:  0.000 Dropped: 2 Cache: 867s/500MB
AV: 00:02:40 / 00:22:10 (12%) A-V:  0.000 ct:  3.687 Cache: 813s/500MB
AV: 00:02:40 / 00:22:10 (12%) A-V:  0.000 ct: 10.015 Dropped: 1 Cache: 820s/500MB
AV: 00:02:40 / 00:22:10 (12%) A-V:  0.000 ct:  3.693 Cache: 813s/500MB
AV: 00:02:40 / 00:22:10 (12%) A-V:  0.000 ct:  3.700 Cache: 813s/500MB
AV: 00:02:40 / 00:22:10 (12%) A-V:  0.000 ct:  3.707 Cache: 813s/500MB
AV: 00:02:40 / 00:22:10 (12%) A-V:  0.000 ct:  3.713 Cache: 813s/500MB
AV: 00:02:40 / 00:22:10 (12%) A-V:  0.000 ct:  3.720 Cache: 813s/500MB
AV: 00:02:40 / 00:22:10 (12%) A-V:  0.000 ct:  3.727 Cache: 814s/500MB
AV: 00:02:40 / 00:22:10 (12%) A-V:  0.000 ct:  3.733 Cache: 814s/500MB
AV: 00:02:40 / 00:22:10 (12%) A-V:  0.000 ct:  3.740 Cache: 814s/500MB
AV: 00:02:40 / 00:22:10 (12%) A-V:  0.000 ct:  3.747 Cache: 814s/500MB
AV: 00:02:40 / 00:22:10 (12%) A-V:  0.000 ct:  3.753 Cache: 814s/500MB
AV: 00:02:40 / 00:22:10 (12%) A-V:  0.000 ct:  3.760 Cache: 814s/500MB
AV: 00:02:40 / 00:22:10 (12%) A-V:  0.000 ct:  3.767 Cache: 814s/500MB
AV: 00:02:40 / 00:22:10 (12%) A-V:  0.000 ct:  3.773 Cache: 814s/500MB
AV: 00:02:40 / 00:22:10 (12%) A-V:  0.000 ct:  3.780 Cache: 814s/500MB
AV: 00:02:40 / 00:22:10 (12%) A-V:  0.000 ct:  3.787 Cache: 814s/500MB
AV: 00:02:40 / 00:22:10 (12%) A-V:  0.000 ct:  3.793 Cache: 814s/500MB
AV: 00:02:40 / 00:22:10 (12%) A-V:  0.000 ct:  3.800 Cache: 814s/500MB
AV: 00:02:40 / 00:22:10 (12%) A-V:  0.000 ct:  3.807 Cache: 815s/500MB
AV: 00:02:40 / 00:22:10 (12%) A-V:  0.000 ct:  3.813 Cache: 815s/500MB
AV: 00:02:40 / 00:22:10 (12%) A-V:  0.000 ct:  3.820 Cache: 815s/500MB
AV: 00:02:40 / 00:22:10 (12%) A-V:  0.000 ct:  3.827 Cache: 815s/500MB
AV: 00:02:40 / 00:22:10 (12%) A-V:  0.000 Dropped: 2 Cache: 867s/500MB
AV: 00:02:40 / 00:22:10 (12%) A-V:  0.000 ct:  3.833 Cache: 815s/500MB
AV: 00:02:40 / 00:22:10 (12%) A-V:  0.000 ct:  3.840 Cache: 815s/500MB
AV: 00:02:40 / 00:22:10 (12%) A-V:  0.000 ct:  3.847 Cache: 815s/500MB
AV: 00:02:40 / 00:22:10 (12%) A-V:  0.000 ct:  3.853 Cache: 815s/500MB
AV: 00:02:40 / 00:22:10 (12%) A-V:  0.000 ct:  3.860 Cache: 815s/500MB
AV: 00:02:40 / 00:22:10 (12%) A-V:  0.000 ct:  3.867 Cache: 815s/500MB
AV: 00:02:40 / 00:22:10 (12%) A-V:  0.000 ct:  3.873 Cache: 815s/500MB
AV: 00:02:40 / 00:22:10 (12%) A-V:  0.000 ct:  3.880 Cache: 815s/500MB
AV: 00:02:40 / 00:22:10 (12%) A-V:  0.000 Dropped: 11 Cache: 872s/500MB
AV: 00:02:40 / 00:22:10 (12%) A-V:  0.000 ct:  3.887 Cache: 815s/500MB
AV: 00:02:40 / 00:22:10 (12%) A-V:  0.000 ct:  3.893 Cache: 815s/500MB
AV: 00:02:40 / 00:22:10 (12%) A-V:  0.000 ct:  3.900 Cache: 815s/500MB
AV: 00:02:40 / 00:22:10 (12%) A-V:  0.000 ct:  3.907 Cache: 815s/500MB
AV: 00:02:40 / 00:22:10 (12%) A-V:  0.000 ct:  3.913 Cache: 816s/500MB
AV: 00:02:40 / 00:22:10 (12%) A-V:  0.000 ct:  3.920 Cache: 816s/500MB
AV: 00:02:40 / 00:22:10 (12%) A-V:  0.000 ct:  3.927 Cache: 816s/500MB
AV: 00:02:40 / 00:22:10 (12%) A-V:  0.000 ct:  3.933 Cache: 816s/500MB
AV: 00:02:40 / 00:22:10 (12%) A-V:  0.000 ct:  3.940 Cache: 816s/500MB
AV: 00:02:40 / 00:22:10 (12%) A-V:  0.000 ct:  3.947 Cache: 816s/500MB
AV: 00:02:40 / 00:22:10 (12%) A-V:  0.000 ct:  3.953 Cache: 816s/500MB
AV: 00:02:40 / 00:22:10 (12%) A-V:  0.000 ct:  3.960 Cache: 816s/500MB
AV: 00:02:40 / 00:22:10 (12%) A-V:  0.000 ct:  3.967 Cache: 816s/500MB
AV: 00:02:40 / 00:22:10 (12%) A-V:  0.000 ct:  3.973 Cache: 816s/500MB
AV: 00:02:40 / 00:22:10 (12%) A-V:  0.000 ct:  3.980 Cache: 817s/500MB
AV: 00:02:40 / 00:22:10 (12%) A-V:  0.000 ct:  3.987 Cache: 817s/500MB
AV: 00:02:40 / 00:22:10 (12%) A-V:  0.000 ct:  3.993 Cache: 817s/500MB
AV: 00:02:40 / 00:22:10 (12%) A-V:  0.000 ct:  4.000 Cache: 817s/500MB
AV: 00:02:41 / 00:22:10 (12%) A-V:  0.000 ct:  4.007 Cache: 817s/500MB
AV: 00:02:41 / 00:22:10 (12%) A-V:  0.000 ct:  4.013 Cache: 817s/500MB
AV: 00:02:41 / 00:22:10 (12%) A-V:  0.000 ct:  4.020 Cache: 817s/500MB
AV: 00:02:41 / 00:22:10 (12%) A-V:  0.000 ct:  4.027 Cache: 817s/500MB
AV: 00:02:41 / 00:22:10 (12%) A-V:  0.000 ct:  4.033 Cache: 817s/500MB
AV: 00:02:41 / 00:22:10 (12%) A-V:  0.000 ct:  4.040 Cache: 817s/500MB
AV: 00:02:41 / 00:22:10 (12%) A-V:  0.000 ct:  4.047 Cache: 817s/500MB
AV: 00:02:41 / 00:22:10 (12%) A-V:  0.000 ct:  4.053 Cache: 817s/500MB
AV: 00:02:41 / 00:22:10 (12%) A-V:  0.000 ct:  4.060 Cache: 817s/500MB
AV: 00:02:41 / 00:22:10 (12%) A-V:  0.000 ct:  4.067 Cache: 817s/500MB
AV: 00:02:41 / 00:22:10 (12%) A-V:  0.000 ct:  4.073 Cache: 818s/500MB
AV: 00:02:41 / 00:22:10 (12%) A-V:  0.000 ct:  4.080 Cache: 818s/500MB
AV: 00:02:40 / 00:22:10 (12%) A-V:  0.000 Dropped: 2 Cache: 866s/500MB
AV: 00:02:41 / 00:22:10 (12%) A-V:  0.000 ct:  4.087 Cache: 818s/500MB
AV: 00:02:41 / 00:22:10 (12%) A-V:  0.000 ct: 10.015 Dropped: 1 Cache: 820s/500MB
AV: 00:02:41 / 00:22:10 (12%) A-V:  0.000 ct:  4.093 Cache: 818s/500MB
AV: 00:02:41 / 00:22:10 (12%) A-V:  0.000 ct:  4.100 Cache: 818s/500MB
AV: 00:02:41 / 00:22:10 (12%) A-V:  0.000 ct:  4.107 Cache: 818s/500MB
AV: 00:02:41 / 00:22:10 (12%) A-V:  0.000 ct:  4.113 Cache: 818s/500MB
AV: 00:02:40 / 00:22:10 (12%) A-V:  0.000 Dropped: 11 Cache: 871s/500MB
AV: 00:02:41 / 00:22:10 (12%) A-V:  0.000 ct:  4.120 Cache: 818s/500MB
AV: 00:02:41 / 00:22:10 (12%) A-V:  0.000 ct:  4.127 Cache: 818s/500MB
AV: 00:02:40 / 00:22:10 (12%) A-V:  0.000 Dropped: 11 Cache: 872s/500MB
AV: 00:02:41 / 00:22:10 (12%) A-V:  0.000 ct:  4.133 Cache: 818s/500MB
AV: 00:02:40 / 00:22:10 (12%) A-V:  0.000 Dropped: 11 Cache: 871s/500MB
AV: 00:02:41 / 00:22:10 (12%) A-V:  0.000 ct:  4.140 Cache: 818s/500MB
AV: 00:02:41 / 00:22:10 (12%) A-V:  0.000 ct:  4.147 Cache: 818s/500MB
AV: 00:02:41 / 00:22:10 (12%) A-V:  0.000 ct:  4.153 Cache: 818s/500MB
AV: 00:02:41 / 00:22:10 (12%) A-V:  0.000 ct:  4.160 Cache: 818s/500MB
AV: 00:02:41 / 00:22:10 (12%) A-V:  0.000 ct:  4.167 Cache: 819s/500MB
AV: 00:02:41 / 00:22:10 (12%) A-V:  0.000 ct:  4.173 Cache: 819s/500MB
AV: 00:02:41 / 00:22:10 (12%) A-V:  0.000 ct:  4.180 Cache: 819s/500MB
AV: 00:02:41 / 00:22:10 (12%) A-V:  0.000 ct:  4.187 Cache: 819s/500MB
AV: 00:02:41 / 00:22:10 (12%) A-V:  0.000 ct:  4.193 Cache: 819s/500MB
AV: 00:02:41 / 00:22:10 (12%) A-V:  0.000 ct:  4.200 Cache: 819s/500MB
AV: 00:02:41 / 00:22:10 (12%) A-V:  0.000 ct:  4.207 Cache: 819s/500MB
AV: 00:02:41 / 00:22:10 (12%) A-V:  0.000 ct:  4.213 Cache: 819s/500MB
AV: 00:02:41 / 00:22:10 (12%) A-V:  0.000 ct:  4.220 Cache: 819s/500MB
AV: 00:02:41 / 00:22:10 (12%) A-V:  0.000 ct:  4.227 Cache: 819s/500MB
AV: 00:02:41 / 00:22:10 (12%) A-V:  0.000 Dropped: 2 Cache: 866s/500MB
AV: 00:02:41 / 00:22:10 (12%) A-V:  0.000 ct:  4.233 Cache: 819s/500MB
AV: 00:02:41 / 00:22:10 (12%) A-V:  0.000 ct:  4.240 Cache: 819s/500MB
AV: 00:02:41 / 00:22:10 (12%) A-V:  0.000 ct:  4.247 Cache: 819s/500MB
AV: 00:02:41 / 00:22:10 (12%) A-V:  0.000 ct:  4.253 Cache: 819s/500MB
AV: 00:02:41 / 00:22:10 (12%) A-V:  0.000 ct:  4.260 Cache: 820s/500MB
AV: 00:02:41 / 00:22:10 (12%) A-V:  0.000 ct:  4.267 Cache: 820s/500MB
AV: 00:02:41 / 00:22:10 (12%) A-V:  0.000 ct:  4.273 Cache: 820s/500MB
AV: 00:02:41 / 00:22:10 (12%) A-V:  0.000 ct:  4.280 Cache: 820s/500MB
AV: 00:02:41 / 00:22:10 (12%) A-V:  0.000 ct:  4.287 Cache: 820s/500MB
AV: 00:02:41 / 00:22:10 (12%) A-V:  0.000 Dropped: 11 Cache: 871s/500MB
AV: 00:02:41 / 00:22:10 (12%) A-V:  0.000 ct:  4.293 Cache: 820s/500MB
AV: 00:02:41 / 00:22:10 (12%) A-V:  0.000 ct:  4.300 Cache: 820s/500MB
AV: 00:02:41 / 00:22:10 (12%) A-V:  0.000 ct:  4.307 Cache: 820s/500MB
AV: 00:02:41 / 00:22:10 (12%) A-V:  0.000 ct:  4.313 Cache: 821s/500MB
AV: 00:02:41 / 00:22:10 (12%) A-V:  0.000 ct:  4.320 Cache: 821s/500MB
AV: 00:02:41 / 00:22:10 (12%) A-V:  0.000 ct:  4.327 Cache: 821s/500MB
AV: 00:02:41 / 00:22:10 (12%) A-V:  0.000 ct:  4.333 Cache: 821s/500MB
AV: 00:02:41 / 00:22:10 (12%) A-V:  0.000 ct:  4.340 Cache: 821s/500MB
AV: 00:02:41 / 00:22:10 (12%) A-V:  0.000 ct:  4.347 Cache: 821s/500MB
AV: 00:02:41 / 00:22:10 (12%) A-V:  0.000 ct:  4.353 Cache: 821s/500MB
AV: 00:02:41 / 00:22:10 (12%) A-V:  0.000 ct:  4.360 Cache: 821s/500MB
AV: 00:02:41 / 00:22:10 (12%) A-V:  0.000 ct:  4.367 Cache: 821s/500MB
AV: 00:02:41 / 00:22:10 (12%) A-V:  0.000 ct:  4.373 Cache: 821s/500MB
AV: 00:02:41 / 00:22:10 (12%) A-V:  0.000 ct:  4.380 Cache: 821s/500MB
AV: 00:02:41 / 00:22:10 (12%) A-V:  0.000 ct:  4.387 Cache: 821s/500MB
AV: 00:02:41 / 00:22:10 (12%) A-V:  0.000 ct:  4.393 Cache: 821s/500MB
AV: 00:02:41 / 00:22:10 (12%) A-V:  0.000 ct:  4.400 Cache: 821s/500MB
AV: 00:02:42 / 00:22:10 (12%) A-V:  0.000 ct:  4.407 Cache: 822s/500MB
AV: 00:02:42 / 00:22:10 (12%) A-V:  0.000 ct:  4.413 Cache: 822s/500MB
AV: 00:02:42 / 00:22:10 (12%) A-V:  0.000 ct:  4.420 Cache: 822s/500MB
AV: 00:02:42 / 00:22:10 (12%) A-V:  0.000 ct:  4.427 Cache: 822s/500MB
AV: 00:02:42 / 00:22:10 (12%) A-V:  0.000 ct:  4.433 Cache: 822s/500MB
AV: 00:02:42 / 00:22:10 (12%) A-V:  0.000 ct:  4.440 Cache: 822s/500MB
AV: 00:02:42 / 00:22:10 (12%) A-V:  0.000 ct:  4.447 Cache: 822s/500MB
AV: 00:02:42 / 00:22:10 (12%) A-V:  0.000 ct:  4.453 Cache: 822s/500MB
AV: 00:02:42 / 00:22:10 (12%) A-V:  0.000 ct:  4.460 Cache: 822s/500MB
AV: 00:02:42 / 00:22:10 (12%) A-V:  0.000 ct:  4.467 Cache: 822s/500MB
AV: 00:02:42 / 00:22:10 (12%) A-V:  0.000 ct:  4.473 Cache: 822s/500MB
AV: 00:02:42 / 00:22:10 (12%) A-V:  0.000 ct:  4.480 Cache: 822s/500MB
AV: 00:02:41 / 00:22:10 (12%) A-V:  0.000 Dropped: 2 Cache: 865s/500MB
AV: 00:02:42 / 00:22:10 (12%) A-V:  0.000 ct:  4.487 Cache: 823s/500MB
AV: 00:02:42 / 00:22:10 (12%) A-V:  0.000 ct: 10.015 Dropped: 1 Cache: 820s/500MB
AV: 00:02:42 / 00:22:10 (12%) A-V:  0.000 ct:  4.493 Cache: 823s/500MB
AV: 00:02:42 / 00:22:10 (12%) A-V:  0.000 ct:  4.500 Cache: 823s/500MB
AV: 00:02:42 / 00:22:10 (12%) A-V:  0.000 ct:  4.507 Cache: 823s/500MB
AV: 00:02:42 / 00:22:10 (12%) A-V:  0.000 ct:  4.513 Cache: 823s/500MB
AV: 00:02:42 / 00:22:10 (12%) A-V:  0.000 ct:  4.520 Cache: 823s/500MB
AV: 00:02:42 / 00:22:10 (12%) A-V:  0.000 ct:  4.527 Cache: 823s/500MB
AV: 00:02:42 / 00:22:10 (12%) A-V:  0.000 ct:  4.533 Cache: 823s/500MB
AV: 00:02:42 / 00:22:10 (12%) A-V:  0.000 ct: 10.015 Dropped: 1 Cache: 819s/500MB
AV: 00:02:42 / 00:22:10 (12%) A-V:  0.000 ct:  4.540 Cache: 823s/500MB
AV: 00:02:42 / 00:22:10 (12%) A-V:  0.000 ct:  4.547 Cache: 823s/500MB
AV: 00:02:42 / 00:22:10 (12%) A-V:  0.000 ct:  4.553 Cache: 823s/500MB
AV: 00:02:42 / 00:22:10 (12%) A-V:  0.000 ct:  4.560 Cache: 823s/500MB
AV: 00:02:42 / 00:22:10 (12%) A-V:  0.000 ct:  4.567 Cache: 823s/500MB
AV: 00:02:42 / 00:22:10 (12%) A-V:  0.000 ct:  4.573 Cache: 823s/500MB
AV: 00:02:42 / 00:22:10 (12%) A-V:  0.000 ct:  4.580 Cache: 823s/500MB
AV: 00:02:42 / 00:22:10 (12%) A-V:  0.000 ct:  4.587 Cache: 823s/500MB
AV: 00:02:42 / 00:22:10 (12%) A-V:  0.000 ct:  4.593 Cache: 824s/500MB
AV: 00:02:42 / 00:22:10 (12%) A-V:  0.000 ct:  4.600 Cache: 824s/500MB
AV: 00:02:42 / 00:22:10 (12%) A-V:  0.000 ct:  4.607 Cache: 824s/500MB
AV: 00:02:42 / 00:22:10 (12%) A-V:  0.000 ct:  4.613 Cache: 824s/500MB
AV: 00:02:42 / 00:22:10 (12%) A-V:  0.000 ct:  4.620 Cache: 824s/500MB
AV: 00:02:42 / 00:22:10 (12%) A-V:  0.000 ct:  4.627 Cache: 824s/500MB
AV: 00:02:42 / 00:22:10 (12%) A-V:  0.000 Dropped: 2 Cache: 865s/500MB
AV: 00:02:42 / 00:22:10 (12%) A-V:  0.000 ct:  4.633 Cache: 824s/500MB
AV: 00:02:42 / 00:22:10 (12%) A-V:  0.000 ct:  4.640 Cache: 824s/500MB
AV: 00:02:42 / 00:22:10 (12%) A-V:  0.000 ct:  4.647 Cache: 825s/500MB
AV: 00:02:42 / 00:22:10 (12%) A-V:  0.000 ct:  4.653 Cache: 825s/500MB
AV: 00:02:42 / 00:22:10 (12%) A-V:  0.000 ct:  4.660 Cache: 825s/500MB
AV: 00:02:42 / 00:22:10 (12%) A-V:  0.000 ct:  4.667 Cache: 825s/500MB
AV: 00:02:41 / 00:22:10 (12%) A-V:  0.000 Dropped: 11 Cache: 870s/500MB
AV: 00:02:41 / 00:22:10 (12%) A-V:  0.000 Dropped: 11 Cache: 871s/500MB
AV: 00:02:42 / 00:22:10 (12%) A-V:  0.000 ct:  4.673 Cache: 825s/500MB
AV: 00:02:42 / 00:22:10 (12%) A-V:  0.000 ct:  4.680 Cache: 825s/500MB
AV: 00:02:42 / 00:22:10 (12%) A-V:  0.000 Dropped: 11 Cache: 871s/500MB
AV: 00:02:42 / 00:22:10 (12%) A-V:  0.000 ct:  4.687 Cache: 825s/500MB
AV: 00:02:42 / 00:22:10 (12%) A-V:  0.000 Dropped: 11 Cache: 870s/500MB
AV: 00:02:42 / 00:22:10 (12%) A-V:  0.000 ct:  4.693 Cache: 825s/500MB
AV: 00:02:42 / 00:22:10 (12%) A-V:  0.000 ct:  4.700 Cache: 825s/500MB
AV: 00:02:42 / 00:22:10 (12%) A-V:  0.000 ct:  4.707 Cache: 825s/500MB
AV: 00:02:42 / 00:22:10 (12%) A-V:  0.000 ct:  4.713 Cache: 825s/500MB
AV: 00:02:42 / 00:22:10 (12%) A-V:  0.000 ct:  4.720 Cache: 825s/500MB
AV: 00:02:42 / 00:22:10 (12%) A-V:  0.000 ct:  4.727 Cache: 825s/500MB
AV: 00:02:42 / 00:22:10 (12%) A-V:  0.000 ct: 10.015 Dropped: 1 Cache: 820s/500MB
AV: 00:02:42 / 00:22:10 (12%) A-V:  0.000 ct:  4.733 Cache: 825s/500MB
AV: 00:02:42 / 00:22:10 (12%) A-V:  0.000 ct:  4.740 Cache: 825s/500MB
AV: 00:02:42 / 00:22:10 (12%) A-V:  0.000 ct:  4.747 Cache: 825s/500MB
AV: 00:02:42 / 00:22:10 (12%) A-V:  0.000 ct:  4.753 Cache: 825s/500MB
AV: 00:02:42 / 00:22:10 (12%) A-V:  0.000 ct:  4.760 Cache: 825s/500MB
AV: 00:02:42 / 00:22:10 (12%) A-V:  0.000 ct:  4.767 Cache: 825s/500MB
AV: 00:02:42 / 00:22:10 (12%) A-V:  0.000 ct:  4.773 Cache: 825s/500MB
AV: 00:02:42 / 00:22:10 (12%) A-V:  0.000 ct:  4.780 Cache: 825s/500MB
AV: 00:02:42 / 00:22:10 (12%) A-V:  0.000 ct:  4.787 Cache: 825s/500MB
AV: 00:02:42 / 00:22:10 (12%) A-V:  0.000 ct:  4.793 Cache: 826s/500MB
AV: 00:02:42 / 00:22:10 (12%) A-V:  0.000 ct:  4.800 Cache: 826s/500MB
AV: 00:02:43 / 00:22:10 (12%) A-V:  0.000 ct:  4.807 Cache: 826s/500MB
AV: 00:02:43 / 00:22:10 (12%) A-V:  0.000 ct:  4.813 Cache: 826s/500MB
AV: 00:02:43 / 00:22:10 (12%) A-V:  0.000 ct:  4.820 Cache: 826s/500MB
AV: 00:02:43 / 00:22:10 (12%) A-V:  0.000 ct:  4.827 Cache: 826s/500MB
AV: 00:02:43 / 00:22:10 (12%) A-V:  0.000 ct:  4.833 Cache: 826s/500MB
AV: 00:02:43 / 00:22:10 (12%) A-V:  0.000 ct:  4.840 Cache: 826s/500MB
AV: 00:02:43 / 00:22:10 (12%) A-V:  0.000 ct:  4.847 Cache: 826s/500MB
AV: 00:02:43 / 00:22:10 (12%) A-V:  0.000 ct:  4.853 Cache: 826s/500MB
AV: 00:02:43 / 00:22:10 (12%) A-V:  0.000 ct:  4.860 Cache: 826s/500MB
AV: 00:02:43 / 00:22:10 (12%) A-V:  0.000 ct:  4.867 Cache: 826s/500MB
AV: 00:02:42 / 00:22:10 (12%) A-V:  0.000 Dropped: 2 Cache: 864s/500MB
AV: 00:02:43 / 00:22:10 (12%) A-V:  0.000 ct:  4.873 Cache: 826s/500MB
AV: 00:02:43 / 00:22:10 (12%) A-V:  0.000 ct:  4.880 Cache: 826s/500MB
Using hardware decoding (nvdec).
AV: 00:02:42 / 00:22:10 (12%) A-V:  0.000 ct: 10.015 Dropped: 1 Cache: 820s/500MB
AV: 00:02:43 / 00:22:10 (12%) A-V:  0.000 ct:  4.887 Cache: 826s/500MB
AV: 00:02:42 / 00:22:10 (12%) A-V:  0.000 ct: 10.015 Dropped: 1 Cache: 821s/500MB
AV: 00:02:43 / 00:22:10 (12%) A-V:  0.000 ct:  4.893 Cache: 826s/500MB
AV: 00:02:43 / 00:22:10 (12%) A-V:  0.000 ct:  4.900 Cache: 826s/500MB
AV: 00:02:43 / 00:22:10 (12%) A-V:  0.000 ct:  4.907 Cache: 826s/500MB
AV: 00:02:43 / 00:22:10 (12%) A-V:  0.000 ct:  4.913 Cache: 826s/500MB
AV: 00:02:43 / 00:22:10 (12%) A-V:  0.000 ct:  4.920 Cache: 826s/500MB
AV: 00:02:43 / 00:22:10 (12%) A-V:  0.000 ct:  4.927 Cache: 826s/500MB
AV: 00:02:43 / 00:22:10 (12%) A-V:  0.000 ct:  4.933 Cache: 826s/500MB
AV: 00:02:43 / 00:22:10 (12%) A-V:  0.000 ct:  4.940 Cache: 826s/500MB
AV: 00:02:43 / 00:22:10 (12%) A-V:  0.000 ct:  4.947 Cache: 826s/500MB
AV: 00:02:43 / 00:22:10 (12%) A-V:  0.000 ct:  4.953 Cache: 826s/500MB
AV: 00:02:43 / 00:22:10 (12%) A-V:  0.000 ct:  4.960 Cache: 826s/500MB
AV: 00:02:43 / 00:22:10 (12%) A-V:  0.000 ct:  4.967 Cache: 826s/500MB
AV: 00:02:43 / 00:22:10 (12%) A-V:  0.000 ct:  4.973 Cache: 826s/500MB
AV: 00:02:43 / 00:22:10 (12%) A-V:  0.000 ct:  4.980 Cache: 826s/500MB
AV: 00:02:43 / 00:22:10 (12%) A-V:  0.000 ct:  4.987 Cache: 826s/500MB
AV: 00:02:43 / 00:22:10 (12%) A-V:  0.000 ct:  4.993 Cache: 826s/500MB
AV: 00:02:43 / 00:22:10 (12%) A-V:  0.000 ct:  5.000 Cache: 826s/500MB
AV: 00:02:43 / 00:22:10 (12%) A-V:  0.000 ct:  5.007 Cache: 826s/500MB
AV: 00:02:43 / 00:22:10 (12%) A-V:  0.000 ct:  5.013 Cache: 826s/500MB
AV: 00:02:43 / 00:22:10 (12%) A-V:  0.000 ct:  5.020 Cache: 826s/500MB
AV: 00:02:43 / 00:22:10 (12%) A-V:  0.000 ct:  5.027 Cache: 826s/500MB
AV: 00:02:43 / 00:22:10 (12%) A-V:  0.000 Dropped: 2 Cache: 864s/500MB
AV: 00:02:43 / 00:22:10 (12%) A-V:  0.000 ct:  5.033 Cache: 826s/500MB
AV: 00:02:43 / 00:22:10 (12%) A-V:  0.000 ct:  5.040 Cache: 826s/500MB
AV: 00:02:43 / 00:22:10 (12%) A-V:  0.000 ct:  5.047 Cache: 826s/500MB
AV: 00:02:43 / 00:22:10 (12%) A-V:  0.000 ct:  5.053 Cache: 826s/500MB
AV: 00:02:43 / 00:22:10 (12%) A-V:  0.000 ct:  5.060 Cache: 826s/500MB
AV: 00:02:43 / 00:22:10 (12%) A-V:  0.000 ct:  5.067 Cache: 826s/500MB
AV: 00:02:43 / 00:22:10 (12%) A-V:  0.000 ct:  5.073 Cache: 826s/500MB
AV: 00:02:43 / 00:22:10 (12%) A-V:  0.000 ct:  5.080 Cache: 827s/500MB
AV: 00:02:43 / 00:22:10 (12%) A-V:  0.000 Dropped: 11 Cache: 870s/500MB
AV: 00:02:43 / 00:22:10 (12%) A-V:  0.000 ct:  5.087 Cache: 827s/500MB
AV: 00:02:43 / 00:22:10 (12%) A-V:  0.000 ct:  5.093 Cache: 827s/500MB
AV: 00:02:43 / 00:22:10 (12%) A-V:  0.000 ct:  5.100 Cache: 828s/500MB
AV: 00:02:43 / 00:22:10 (12%) A-V:  0.000 ct:  5.107 Cache: 828s/500MB
AV: 00:02:43 / 00:22:10 (12%) A-V:  0.000 ct:  5.113 Cache: 828s/500MB
AV: 00:02:43 / 00:22:10 (12%) A-V:  0.000 ct:  5.120 Cache: 828s/500MB
AV: 00:02:43 / 00:22:10 (12%) A-V:  0.000 ct:  5.127 Cache: 828s/500MB
AV: 00:02:43 / 00:22:10 (12%) A-V:  0.000 ct:  5.133 Cache: 828s/500MB
AV: 00:02:43 / 00:22:10 (12%) A-V:  0.000 ct:  5.140 Cache: 828s/500MB
AV: 00:02:43 / 00:22:10 (12%) A-V:  0.000 ct:  5.147 Cache: 828s/500MB
AV: 00:02:43 / 00:22:10 (12%) A-V:  0.000 ct:  5.153 Cache: 828s/500MB
AV: 00:02:43 / 00:22:10 (12%) A-V:  0.000 ct:  5.160 Cache: 828s/500MB
AV: 00:02:43 / 00:22:10 (12%) A-V:  0.000 ct:  5.167 Cache: 828s/500MB
AV: 00:02:42 / 00:22:10 (12%) A-V:  0.709 ct: 10.015 Dropped: 1 Cache: 846s/500MB
VO: [gpu] 3840x2160 cuda[nv12]
AV: 00:02:42 / 00:22:10 (12%) A-V:  0.709 ct: 10.015 Dropped: 1 Cache: 846s/500MB
AV: 00:02:43 / 00:22:10 (12%) A-V:  0.000 ct:  5.173 Cache: 828s/500MB
AV: 00:02:43 / 00:22:10 (12%) A-V:  0.000 ct:  5.180 Cache: 828s/500MB
AV: 00:02:42 / 00:22:10 (12%) A-V:  0.705 ct: 10.015 Cache: 846s/500MB
AV: 00:02:43 / 00:22:10 (12%) A-V:  0.690 ct: 10.015 Cache: 846s/500MB
[dbx] New chapter 14 
AV: 00:02:43 / 00:22:10 (12%) A-V:  0.690 ct: 10.015 Cache: 846s/500MB
[dbx] Metadata  
AV: 00:02:43 / 00:22:10 (12%) A-V:  0.690 ct: 10.015 Cache: 846s/500MB
[dbx] chapter time is  163 
AV: 00:02:43 / 00:22:10 (12%) A-V:  0.690 ct: 10.015 Cache: 846s/500MB
[dbx] Chapter Length is  15 
AV: 00:02:43 / 00:22:10 (12%) A-V:  0.690 ct: 10.015 Cache: 846s/500MB
[dbx] record_number was  15 
AV: 00:02:43 / 00:22:10 (12%) A-V:  0.690 ct: 10.015 Cache: 846s/500MB
AV: 00:02:43 / 00:22:10 (12%) A-V:  0.677 ct: 10.015 Dropped: 1 Cache: 846s/500MB
AV: 00:02:43 / 00:22:10 (12%) A-V:  0.660 ct: 10.015 Dropped: 2 Cache: 846s/500MB
AV: 00:02:43 / 00:22:10 (12%) A-V:  0.649 ct: 10.015 Dropped: 3 Cache: 848s/500MB
AV: 00:02:43 / 00:22:10 (12%) A-V:  0.635 ct: 10.015 Dropped: 4 Cache: 848s/500MB
AV: 00:02:43 / 00:22:10 (12%) A-V:  0.622 ct: 10.015 Dropped: 5 Cache: 848s/500MB
AV: 00:02:43 / 00:22:10 (12%) A-V:  0.607 ct: 10.015 Dropped: 6 Cache: 848s/500MB
AV: 00:02:43 / 00:22:10 (12%) A-V:  0.597 ct: 10.015 Dropped: 7 Cache: 848s/500MB
AV: 00:02:43 / 00:22:10 (12%) A-V:  0.000 ct:  5.187 Cache: 828s/500MB
AV: 00:02:43 / 00:22:10 (12%) A-V:  0.583 ct: 10.015 Dropped: 8 Cache: 848s/500MB
AV: 00:02:43 / 00:22:10 (12%) A-V:  0.569 ct: 10.015 Dropped: 9 Cache: 848s/500MB
AV: 00:02:43 / 00:22:10 (12%) A-V:  0.553 ct: 10.015 Dropped: 10 Cache: 848s/500MB
AV: 00:02:43 / 00:22:10 (12%) A-V:  0.538 ct: 10.015 Dropped: 11 Cache: 848s/500MB
AV: 00:02:43 / 00:22:10 (12%) A-V:  0.000 ct:  5.193 Cache: 828s/500MB
AV: 00:02:43 / 00:22:10 (12%) A-V:  0.525 ct: 10.015 Dropped: 12 Cache: 848s/500MB
AV: 00:02:43 / 00:22:10 (12%) A-V:  0.513 ct: 10.015 Dropped: 13 Cache: 849s/500MB
AV: 00:02:43 / 00:22:10 (12%) A-V:  0.498 ct: 10.015 Dropped: 14 Cache: 849s/500MB
AV: 00:02:43 / 00:22:10 (12%) A-V:  0.483 ct: 10.015 Dropped: 15 Cache: 849s/500MB
AV: 00:02:43 / 00:22:10 (12%) A-V:  0.469 ct: 10.015 Dropped: 16 Cache: 849s/500MB
AV: 00:02:43 / 00:22:10 (12%) A-V:  0.454 ct: 10.015 Dropped: 17 Cache: 849s/500MB
AV: 00:02:43 / 00:22:10 (12%) A-V:  0.437 ct: 10.015 Dropped: 18 Cache: 849s/500MB
AV: 00:02:43 / 00:22:10 (12%) A-V:  0.000 ct:  5.200 Cache: 828s/500MB
AV: 00:02:43 / 00:22:10 (12%) A-V:  0.428 ct: 10.015 Dropped: 19 Cache: 850s/500MB
AV: 00:02:43 / 00:22:10 (12%) A-V:  0.414 ct: 10.015 Dropped: 20 Cache: 850s/500MB
AV: 00:02:43 / 00:22:10 (12%) A-V:  0.399 ct: 10.015 Dropped: 21 Cache: 851s/500MB
AV: 00:02:43 / 00:22:10 (12%) A-V:  0.384 ct: 10.015 Dropped: 22 Cache: 851s/500MB
AV: 00:02:43 / 00:22:10 (12%) A-V:  0.369 ct: 10.015 Dropped: 23 Cache: 851s/500MB
AV: 00:02:43 / 00:22:10 (12%) A-V:  0.354 ct: 10.015 Dropped: 24 Cache: 851s/500MB
AV: 00:02:44 / 00:22:10 (12%) A-V:  0.000 ct:  5.207 Cache: 828s/500MB
AV: 00:02:43 / 00:22:10 (12%) A-V:  0.342 ct: 10.015 Dropped: 25 Cache: 851s/500MB
AV: 00:02:43 / 00:22:10 (12%) A-V:  0.325 ct: 10.015 Dropped: 26 Cache: 851s/499MB
AV: 00:02:43 / 00:22:10 (12%) A-V:  0.313 ct: 10.015 Dropped: 27 Cache: 851s/500MB
AV: 00:02:43 / 00:22:10 (12%) A-V:  0.299 ct: 10.015 Dropped: 28 Cache: 851s/500MB
AV: 00:02:43 / 00:22:10 (12%) A-V:  0.284 ct: 10.015 Dropped: 29 Cache: 851s/500MB
AV: 00:02:43 / 00:22:10 (12%) A-V:  0.269 ct: 10.015 Dropped: 30 Cache: 851s/500MB
AV: 00:02:44 / 00:22:10 (12%) A-V:  0.000 ct:  5.213 Cache: 828s/500MB
AV: 00:02:43 / 00:22:10 (12%) A-V:  0.255 ct: 10.015 Dropped: 31 Cache: 851s/500MB
AV: 00:02:43 / 00:22:10 (12%) A-V:  0.242 ct: 10.015 Dropped: 32 Cache: 851s/500MB
AV: 00:02:43 / 00:22:10 (12%) A-V:  0.226 ct: 10.015 Dropped: 33 Cache: 851s/500MB
AV: 00:02:43 / 00:22:10 (12%) A-V:  0.210 ct: 10.015 Dropped: 34 Cache: 851s/500MB
AV: 00:02:43 / 00:22:10 (12%) A-V:  0.199 ct: 10.015 Dropped: 35 Cache: 853s/500MB
AV: 00:02:43 / 00:22:10 (12%) A-V:  0.184 ct: 10.015 Dropped: 36 Cache: 853s/500MB
AV: 00:02:43 / 00:22:10 (12%) A-V:  0.170 ct: 10.015 Dropped: 37 Cache: 853s/500MB
AV: 00:02:44 / 00:22:10 (12%) A-V:  0.000 ct:  5.220 Cache: 828s/500MB
AV: 00:02:43 / 00:22:10 (12%) A-V:  0.158 ct: 10.015 Dropped: 38 Cache: 853s/500MB
AV: 00:02:43 / 00:22:10 (12%) A-V:  0.143 ct: 10.015 Dropped: 38 Cache: 853s/500MB
AV: 00:02:43 / 00:22:10 (12%) A-V:  0.129 ct: 10.015 Dropped: 39 Cache: 853s/500MB
AV: 00:02:43 / 00:22:10 (12%) A-V:  0.114 ct: 10.015 Dropped: 40 Cache: 853s/500MB
AV: 00:02:43 / 00:22:10 (12%) A-V:  0.097 ct: 10.015 Dropped: 41 Cache: 853s/500MB
AV: 00:02:43 / 00:22:10 (12%) A-V:  0.083 ct: 10.015 Dropped: 42 Cache: 854s/500MB
AV: 00:02:43 / 00:22:10 (12%) A-V:  0.068 ct: 10.015 Dropped: 43 Cache: 854s/500MB
AV: 00:02:43 / 00:22:10 (12%) A-V:  0.052 ct: 10.015 Dropped: 44 Cache: 854s/500MB
AV: 00:02:44 / 00:22:10 (12%) A-V:  0.000 ct:  5.227 Cache: 828s/500MB
AV: 00:02:43 / 00:22:10 (12%) A-V:  0.038 ct: 10.015 Dropped: 45 Cache: 854s/500MB
AV: 00:02:43 / 00:22:10 (12%) A-V:  0.025 ct: 10.015 Dropped: 46 Cache: 854s/500MB
AV: 00:02:43 / 00:22:10 (12%) A-V:  0.012 ct: 10.015 Dropped: 47 Cache: 854s/500MB
AV: 00:02:43 / 00:22:10 (12%) A-V:  0.000 ct: 10.015 Dropped: 48 Cache: 854s/500MB
AV: 00:02:44 / 00:22:10 (12%) A-V:  0.000 ct:  5.233 Cache: 829s/500MB
AV: 00:02:43 / 00:22:10 (12%) A-V:  0.000 ct: 10.015 Dropped: 48 Cache: 856s/500MB
AV: 00:02:44 / 00:22:10 (12%) A-V:  0.000 ct:  5.240 Cache: 829s/500MB
AV: 00:02:44 / 00:22:10 (12%) A-V:  0.000 ct:  5.247 Cache: 829s/500MB
AV: 00:02:44 / 00:22:10 (12%) A-V:  0.000 ct:  5.253 Cache: 829s/500MB
AV: 00:02:44 / 00:22:10 (12%) A-V:  0.000 ct:  5.260 Cache: 829s/500MB
AV: 00:02:44 / 00:22:10 (12%) A-V:  0.000 ct:  5.267 Cache: 829s/500MB
AV: 00:02:43 / 00:22:10 (12%) A-V:  0.000 Dropped: 2 Cache: 863s/500MB
AV: 00:02:44 / 00:22:10 (12%) A-V:  0.000 ct:  5.273 Cache: 830s/500MB
AV: 00:02:44 / 00:22:10 (12%) A-V:  0.000 ct:  5.280 Cache: 830s/500MB
AV: 00:02:43 / 00:22:10 (12%) A-V:  0.000 ct: 10.015 Dropped: 48 Cache: 857s/500MB
AV: 00:02:44 / 00:22:10 (12%) A-V:  0.000 ct:  5.287 Cache: 830s/500MB
AV: 00:02:44 / 00:22:10 (12%) A-V:  0.000 ct: 10.015 Dropped: 48 Cache: 857s/500MB
AV: 00:02:44 / 00:22:10 (12%) A-V:  0.000 ct:  5.293 Cache: 830s/500MB
AV: 00:02:44 / 00:22:10 (12%) A-V:  0.000 ct:  5.300 Cache: 830s/500MB
AV: 00:02:44 / 00:22:10 (12%) A-V:  0.000 ct:  5.307 Cache: 830s/500MB
AV: 00:02:44 / 00:22:10 (12%) A-V:  0.000 ct:  5.313 Cache: 830s/500MB
AV: 00:02:44 / 00:22:10 (12%) A-V:  0.000 ct:  5.320 Cache: 830s/500MB
AV: 00:02:44 / 00:22:10 (12%) A-V:  0.000 ct:  5.327 Cache: 830s/500MB
AV: 00:02:44 / 00:22:10 (12%) A-V:  0.000 ct:  5.333 Cache: 830s/500MB
AV: 00:02:44 / 00:22:10 (12%) A-V:  0.000 ct: 10.015 Dropped: 48 Cache: 858s/500MB
AV: 00:02:44 / 00:22:10 (12%) A-V:  0.000 ct:  5.340 Cache: 831s/500MB
AV: 00:02:44 / 00:22:10 (12%) A-V:  0.000 ct:  5.347 Cache: 831s/500MB
AV: 00:02:44 / 00:22:10 (12%) A-V:  0.000 ct:  5.353 Cache: 831s/500MB
AV: 00:02:44 / 00:22:10 (12%) A-V:  0.000 ct:  5.360 Cache: 831s/500MB
AV: 00:02:44 / 00:22:10 (12%) A-V:  0.000 ct:  5.367 Cache: 832s/500MB
AV: 00:02:44 / 00:22:10 (12%) A-V:  0.000 ct:  5.373 Cache: 832s/500MB
AV: 00:02:44 / 00:22:10 (12%) A-V:  0.000 ct:  5.380 Cache: 832s/500MB
AV: 00:02:44 / 00:22:10 (12%) A-V:  0.000 ct:  5.387 Cache: 832s/500MB
AV: 00:02:44 / 00:22:10 (12%) A-V:  0.000 ct:  5.393 Cache: 832s/500MB
AV: 00:02:44 / 00:22:10 (12%) A-V:  0.000 ct: 10.015 Dropped: 48 Cache: 860s/500MB
AV: 00:02:44 / 00:22:10 (12%) A-V:  0.000 ct:  5.400 Cache: 832s/500MB
AV: 00:02:44 / 00:22:10 (12%) A-V:  0.000 ct:  5.407 Cache: 832s/500MB
AV: 00:02:44 / 00:22:10 (12%) A-V:  0.000 ct:  5.413 Cache: 832s/500MB
AV: 00:02:44 / 00:22:10 (12%) A-V:  0.000 ct:  5.420 Cache: 832s/500MB
AV: 00:02:44 / 00:22:10 (12%) A-V:  0.000 ct:  5.427 Cache: 832s/500MB
AV: 00:02:44 / 00:22:10 (12%) A-V:  0.000 Dropped: 2 Cache: 863s/500MB
AV: 00:02:44 / 00:22:10 (12%) A-V:  0.000 ct:  5.433 Cache: 833s/500MB
AV: 00:02:44 / 00:22:10 (12%) A-V:  0.000 ct:  5.440 Cache: 833s/500MB
AV: 00:02:44 / 00:22:10 (12%) A-V:  0.000 ct:  5.447 Cache: 833s/500MB
AV: 00:02:43 / 00:22:10 (12%) A-V:  0.000 Dropped: 11 Cache: 869s/500MB
AV: 00:02:44 / 00:22:10 (12%) A-V:  0.000 ct:  5.453 Cache: 833s/500MB
AV: 00:02:44 / 00:22:10 (12%) A-V:  0.000 ct:  5.460 Cache: 834s/500MB
AV: 00:02:44 / 00:22:10 (12%) A-V:  0.000 ct:  5.467 Cache: 834s/500MB
AV: 00:02:44 / 00:22:10 (12%) A-V:  0.000 ct:  5.473 Cache: 834s/500MB
AV: 00:02:43 / 00:22:10 (12%) A-V:  0.000 Dropped: 11 Cache: 870s/500MB
AV: 00:02:44 / 00:22:10 (12%) A-V:  0.000 ct:  5.480 Cache: 834s/500MB
AV: 00:02:44 / 00:22:10 (12%) A-V:  0.000 Dropped: 11 Cache: 870s/500MB
AV: 00:02:44 / 00:22:10 (12%) A-V:  0.000 ct:  5.487 Cache: 834s/500MB
AV: 00:02:44 / 00:22:10 (12%) A-V:  0.000 ct:  5.493 Cache: 834s/500MB
AV: 00:02:44 / 00:22:10 (12%) A-V:  0.000 Dropped: 11 Cache: 869s/500MB
AV: 00:02:44 / 00:22:10 (12%) A-V:  0.000 ct:  5.500 Cache: 834s/500MB
AV: 00:02:44 / 00:22:10 (12%) A-V:  0.000 ct:  5.507 Cache: 834s/500MB
AV: 00:02:44 / 00:22:10 (12%) A-V:  0.000 ct:  5.513 Cache: 834s/500MB
AV: 00:02:44 / 00:22:10 (12%) A-V:  0.000 ct:  5.520 Cache: 834s/500MB
AV: 00:02:44 / 00:22:10 (12%) A-V:  0.000 ct:  5.527 Cache: 834s/500MB
AV: 00:02:44 / 00:22:10 (12%) A-V:  0.000 ct:  5.533 Cache: 834s/500MB
AV: 00:02:44 / 00:22:10 (12%) A-V:  0.000 ct: 10.015 Dropped: 48 Cache: 859s/500MB
AV: 00:02:44 / 00:22:10 (12%) A-V:  0.000 ct:  5.540 Cache: 834s/500MB
AV: 00:02:44 / 00:22:10 (12%) A-V:  0.000 ct:  5.547 Cache: 834s/500MB
AV: 00:02:44 / 00:22:10 (12%) A-V:  0.000 ct:  5.553 Cache: 834s/500MB
AV: 00:02:44 / 00:22:10 (12%) A-V:  0.000 ct:  5.560 Cache: 834s/500MB
AV: 00:02:44 / 00:22:10 (12%) A-V:  0.000 ct:  5.567 Cache: 836s/500MB
AV: 00:02:44 / 00:22:10 (12%) A-V:  0.000 ct:  5.573 Cache: 836s/500MB
AV: 00:02:44 / 00:22:10 (12%) A-V:  0.000 ct: 10.015 Dropped: 48 Cache: 860s/500MB
AV: 00:02:44 / 00:22:10 (12%) A-V:  0.000 ct:  5.580 Cache: 836s/500MB
AV: 00:02:44 / 00:22:10 (12%) A-V:  0.000 ct:  5.587 Cache: 836s/500MB
AV: 00:02:44 / 00:22:10 (12%) A-V:  0.000 ct:  5.593 Cache: 836s/500MB
AV: 00:02:44 / 00:22:10 (12%) A-V:  0.000 ct:  5.600 Cache: 836s/500MB
AV: 00:02:45 / 00:22:10 (12%) A-V:  0.000 ct:  5.607 Cache: 836s/500MB
AV: 00:02:45 / 00:22:10 (12%) A-V:  0.000 ct:  5.613 Cache: 836s/500MB
AV: 00:02:44 / 00:22:10 (12%) A-V:  0.000 ct: 10.015 Dropped: 48 Cache: 861s/500MB
AV: 00:02:45 / 00:22:10 (12%) A-V:  0.000 ct:  5.620 Cache: 836s/500MB
AV: 00:02:45 / 00:22:10 (12%) A-V:  0.000 ct:  5.627 Cache: 836s/500MB
AV: 00:02:44 / 00:22:10 (12%) A-V:  0.000 ct: 10.015 Dropped: 48 Cache: 862s/500MB
AV: 00:02:45 / 00:22:10 (12%) A-V:  0.000 ct:  5.633 Cache: 836s/500MB
AV: 00:02:44 / 00:22:10 (12%) A-V:  0.000 ct: 10.015 Dropped: 48 Cache: 861s/500MB
AV: 00:02:45 / 00:22:10 (12%) A-V:  0.000 ct:  5.640 Cache: 836s/500MB
AV: 00:02:44 / 00:22:10 (12%) A-V:  0.000 ct: 10.015 Dropped: 48 Cache: 862s/500MB
AV: 00:02:45 / 00:22:10 (12%) A-V:  0.000 ct:  5.647 Cache: 836s/500MB
AV: 00:02:45 / 00:22:10 (12%) A-V:  0.000 ct:  5.653 Cache: 836s/500MB
AV: 00:02:45 / 00:22:10 (12%) A-V:  0.000 ct:  5.660 Cache: 838s/500MB
AV: 00:02:45 / 00:22:10 (12%) A-V:  0.000 ct:  5.667 Cache: 838s/500MB
AV: 00:02:44 / 00:22:10 (12%) A-V:  0.000 Dropped: 2 Cache: 862s/500MB
AV: 00:02:45 / 00:22:10 (12%) A-V:  0.000 ct:  5.673 Cache: 838s/500MB
AV: 00:02:45 / 00:22:10 (12%) A-V:  0.000 ct:  5.680 Cache: 838s/500MB
AV: 00:02:45 / 00:22:10 (12%) A-V:  0.000 ct:  5.687 Cache: 838s/500MB
AV: 00:02:45 / 00:22:10 (12%) A-V:  0.000 ct: 10.015 Dropped: 48 Cache: 862s/500MB
AV: 00:02:45 / 00:22:10 (12%) A-V:  0.000 ct:  5.693 Cache: 838s/500MB
AV: 00:02:45 / 00:22:10 (12%) A-V:  0.000 ct:  5.700 Cache: 838s/500MB
AV: 00:02:45 / 00:22:10 (12%) A-V:  0.000 ct:  5.707 Cache: 838s/500MB
AV: 00:02:45 / 00:22:10 (12%) A-V:  0.000 ct:  5.713 Cache: 838s/500MB
AV: 00:02:45 / 00:22:10 (12%) A-V:  0.000 ct:  5.720 Cache: 838s/500MB
AV: 00:02:45 / 00:22:10 (12%) A-V:  0.000 ct: 10.015 Dropped: 48 Cache: 864s/500MB
AV: 00:02:45 / 00:22:10 (12%) A-V:  0.000 ct:  5.727 Cache: 839s/500MB
AV: 00:02:45 / 00:22:10 (12%) A-V:  0.000 ct:  5.733 Cache: 839s/500MB
AV: 00:02:45 / 00:22:10 (12%) A-V:  0.000 ct:  5.740 Cache: 839s/500MB
AV: 00:02:45 / 00:22:10 (12%) A-V:  0.000 ct:  5.747 Cache: 839s/500MB
AV: 00:02:45 / 00:22:10 (12%) A-V:  0.000 ct:  5.753 Cache: 839s/500MB
AV: 00:02:45 / 00:22:10 (12%) A-V:  0.000 ct:  5.760 Cache: 839s/500MB
AV: 00:02:45 / 00:22:10 (12%) A-V:  0.000 ct:  5.767 Cache: 840s/500MB
AV: 00:02:45 / 00:22:10 (12%) A-V:  0.000 ct:  5.773 Cache: 840s/500MB
AV: 00:02:45 / 00:22:10 (12%) A-V:  0.000 ct:  5.780 Cache: 840s/500MB
AV: 00:02:45 / 00:22:10 (12%) A-V:  0.000 ct:  5.787 Cache: 840s/500MB
AV: 00:02:45 / 00:22:10 (12%) A-V:  0.000 ct:  5.793 Cache: 840s/500MB
AV: 00:02:45 / 00:22:10 (12%) A-V:  0.000 ct:  5.800 Cache: 840s/500MB
AV: 00:02:45 / 00:22:10 (12%) A-V:  0.000 ct:  5.807 Cache: 840s/500MB
AV: 00:02:45 / 00:22:10 (12%) A-V:  0.000 ct:  5.813 Cache: 840s/500MB
AV: 00:02:45 / 00:22:10 (12%) A-V:  0.000 ct:  5.820 Cache: 840s/500MB
AV: 00:02:45 / 00:22:10 (12%) A-V:  0.000 Dropped: 2 Cache: 862s/500MB
AV: 00:02:45 / 00:22:10 (12%) A-V:  0.000 ct:  5.827 Cache: 840s/500MB
AV: 00:02:45 / 00:22:10 (12%) A-V:  0.000 ct: 10.015 Dropped: 48 Cache: 866s/500MB
AV: 00:02:45 / 00:22:10 (12%) A-V:  0.000 ct:  5.833 Cache: 840s/500MB
AV: 00:02:45 / 00:22:10 (12%) A-V:  0.000 ct:  5.840 Cache: 840s/500MB
AV: 00:02:45 / 00:22:10 (12%) A-V:  0.000 ct:  5.847 Cache: 840s/500MB
AV: 00:02:45 / 00:22:10 (12%) A-V:  0.000 ct:  5.853 Cache: 840s/500MB
AV: 00:02:45 / 00:22:10 (12%) A-V:  0.000 ct:  5.860 Cache: 840s/500MB
AV: 00:02:45 / 00:22:10 (12%) A-V:  0.000 ct:  5.867 Cache: 840s/500MB
AV: 00:02:45 / 00:22:10 (12%) A-V:  0.000 ct:  5.873 Cache: 840s/500MB
AV: 00:02:45 / 00:22:10 (12%) A-V:  0.000 ct:  5.880 Cache: 840s/500MB
AV: 00:02:45 / 00:22:10 (12%) A-V:  0.000 Dropped: 11 Cache: 869s/500MB
AV: 00:02:45 / 00:22:10 (12%) A-V:  0.000 ct:  5.887 Cache: 840s/500MB
AV: 00:02:45 / 00:22:10 (12%) A-V:  0.000 ct:  5.893 Cache: 840s/500MB
AV: 00:02:45 / 00:22:10 (12%) A-V:  0.000 ct: 10.015 Dropped: 48 Cache: 867s/500MB
AV: 00:02:45 / 00:22:10 (12%) A-V:  0.000 ct:  5.900 Cache: 840s/500MB
AV: 00:02:45 / 00:22:10 (12%) A-V:  0.000 ct:  5.907 Cache: 840s/500MB
AV: 00:02:45 / 00:22:10 (12%) A-V:  0.000 ct:  5.913 Cache: 840s/500MB
AV: 00:02:45 / 00:22:10 (12%) A-V:  0.000 ct:  5.920 Cache: 840s/500MB
AV: 00:02:45 / 00:22:10 (12%) A-V:  0.000 ct:  5.927 Cache: 840s/500MB
AV: 00:02:45 / 00:22:10 (12%) A-V:  0.000 ct:  5.933 Cache: 840s/500MB
AV: 00:02:45 / 00:22:10 (12%) A-V:  0.000 ct: 10.015 Dropped: 48 Cache: 869s/500MB
AV: 00:02:45 / 00:22:10 (12%) A-V:  0.000 ct:  5.940 Cache: 840s/500MB
AV: 00:02:45 / 00:22:10 (12%) A-V:  0.000 ct:  5.947 Cache: 840s/500MB
AV: 00:02:45 / 00:22:10 (12%) A-V:  0.000 ct:  5.953 Cache: 840s/500MB
AV: 00:02:45 / 00:22:10 (12%) A-V:  0.000 ct:  5.960 Cache: 840s/500MB
AV: 00:02:45 / 00:22:10 (12%) A-V:  0.000 ct:  5.967 Cache: 840s/500MB
AV: 00:02:45 / 00:22:10 (12%) A-V:  0.000 ct:  5.973 Cache: 840s/500MB
AV: 00:02:45 / 00:22:10 (12%) A-V:  0.000 ct:  5.980 Cache: 840s/500MB
AV: 00:02:45 / 00:22:10 (12%) A-V:  0.000 ct:  5.987 Cache: 840s/500MB
AV: 00:02:45 / 00:22:10 (12%) A-V:  0.000 ct:  5.993 Cache: 840s/500MB
AV: 00:02:45 / 00:22:10 (12%) A-V:  0.000 ct:  6.000 Cache: 840s/500MB
AV: 00:02:46 / 00:22:10 (12%) A-V:  0.000 ct:  6.007 Cache: 840s/500MB
AV: 00:02:46 / 00:22:10 (12%) A-V:  0.000 ct:  6.013 Cache: 840s/500MB
AV: 00:02:46 / 00:22:10 (12%) A-V:  0.000 ct:  6.020 Cache: 840s/500MB
AV: 00:02:46 / 00:22:10 (12%) A-V:  0.000 ct:  6.027 Cache: 840s/500MB
AV: 00:02:46 / 00:22:10 (12%) A-V:  0.000 ct:  6.033 Cache: 840s/500MB
AV: 00:02:46 / 00:22:10 (12%) A-V:  0.000 ct:  6.040 Cache: 840s/500MB
AV: 00:02:45 / 00:22:10 (12%) A-V:  0.000 ct: 10.015 Dropped: 48 Cache: 871s/500MB
AV: 00:02:46 / 00:22:10 (12%) A-V:  0.000 ct:  6.047 Cache: 840s/500MB
AV: 00:02:46 / 00:22:10 (12%) A-V:  0.000 ct:  6.053 Cache: 840s/500MB
AV: 00:02:46 / 00:22:10 (12%) A-V:  0.000 ct:  6.060 Cache: 840s/500MB
AV: 00:02:46 / 00:22:10 (12%) A-V:  0.000 ct:  6.067 Cache: 840s/500MB
AV: 00:02:45 / 00:22:10 (12%) A-V:  0.000 Dropped: 2 Cache: 861s/500MB
AV: 00:02:46 / 00:22:10 (12%) A-V:  0.000 ct:  6.073 Cache: 840s/500MB
AV: 00:02:46 / 00:22:10 (12%) A-V:  0.000 ct:  6.080 Cache: 840s/500MB
AV: 00:02:46 / 00:22:10 (12%) A-V:  0.000 ct:  6.087 Cache: 840s/500MB
AV: 00:02:46 / 00:22:10 (12%) A-V:  0.000 ct: 10.015 Dropped: 48 Cache: 871s/500MB
AV: 00:02:46 / 00:22:10 (12%) A-V:  0.000 ct:  6.093 Cache: 840s/500MB
AV: 00:02:46 / 00:22:10 (12%) A-V:  0.000 ct:  6.100 Cache: 841s/500MB
AV: 00:02:46 / 00:22:10 (13%) A-V:  0.000 ct:  6.107 Cache: 841s/500MB
AV: 00:02:46 / 00:22:10 (13%) A-V:  0.000 ct:  6.113 Cache: 841s/500MB
AV: 00:02:46 / 00:22:10 (12%) A-V:  0.000 ct: 10.015 Dropped: 48 Cache: 872s/500MB
AV: 00:02:46 / 00:22:10 (13%) A-V:  0.000 ct:  6.120 Cache: 841s/500MB
AV: 00:02:46 / 00:22:10 (13%) A-V:  0.000 ct:  6.127 Cache: 841s/500MB
AV: 00:02:46 / 00:22:10 (13%) A-V:  0.000 ct:  6.133 Cache: 841s/500MB
AV: 00:02:46 / 00:22:10 (13%) A-V:  0.000 ct:  6.140 Cache: 841s/500MB
AV: 00:02:46 / 00:22:10 (13%) A-V:  0.000 ct:  6.147 Cache: 841s/500MB
AV: 00:02:46 / 00:22:10 (12%) A-V:  0.000 ct: 10.015 Dropped: 48 Cache: 873s/500MB
AV: 00:02:46 / 00:22:10 (13%) A-V:  0.000 ct:  6.153 Cache: 841s/500MB
AV: 00:02:46 / 00:22:10 (13%) A-V:  0.000 ct:  6.160 Cache: 841s/500MB
AV: 00:02:46 / 00:22:10 (13%) A-V:  0.000 ct:  6.167 Cache: 841s/500MB
AV: 00:02:45 / 00:22:10 (12%) A-V:  0.000 Dropped: 11 Cache: 868s/500MB
AV: 00:02:46 / 00:22:10 (13%) A-V:  0.000 ct:  6.173 Cache: 841s/500MB
AV: 00:02:46 / 00:22:10 (13%) A-V:  0.000 ct:  6.180 Cache: 841s/500MB
AV: 00:02:46 / 00:22:10 (13%) A-V:  0.000 ct:  6.187 Cache: 841s/500MB
AV: 00:02:46 / 00:22:10 (13%) A-V:  0.000 ct: 10.015 Dropped: 48 Cache: 873s/500MB
AV: 00:02:46 / 00:22:10 (13%) A-V:  0.000 ct:  6.193 Cache: 842s/500MB
AV: 00:02:46 / 00:22:10 (13%) A-V:  0.000 ct:  6.200 Cache: 842s/500MB
AV: 00:02:46 / 00:22:10 (13%) A-V:  0.000 ct:  6.207 Cache: 842s/500MB
AV: 00:02:46 / 00:22:10 (13%) A-V:  0.000 ct:  6.213 Cache: 842s/500MB
AV: 00:02:46 / 00:22:10 (13%) A-V:  0.000 ct:  6.220 Cache: 842s/500MB
AV: 00:02:46 / 00:22:10 (12%) A-V:  0.000 Dropped: 2 Cache: 861s/500MB
AV: 00:02:46 / 00:22:10 (13%) A-V:  0.000 ct:  6.227 Cache: 842s/500MB
AV: 00:02:46 / 00:22:10 (13%) A-V:  0.000 ct:  6.233 Cache: 842s/500MB
AV: 00:02:46 / 00:22:10 (13%) A-V:  0.000 ct:  6.240 Cache: 842s/500MB
AV: 00:02:46 / 00:22:10 (13%) A-V:  0.000 ct:  6.247 Cache: 843s/500MB
AV: 00:02:46 / 00:22:10 (13%) A-V:  0.000 ct:  6.253 Cache: 843s/500MB
AV: 00:02:46 / 00:22:10 (13%) A-V:  0.000 ct:  6.260 Cache: 843s/500MB
AV: 00:02:46 / 00:22:10 (13%) A-V:  0.000 ct:  6.267 Cache: 843s/500MB
AV: 00:02:46 / 00:22:10 (13%) A-V:  0.000 ct:  6.273 Cache: 843s/500MB
AV: 00:02:46 / 00:22:10 (13%) A-V:  0.000 ct:  6.280 Cache: 843s/500MB
AV: 00:02:46 / 00:22:10 (12%) A-V:  0.000 Dropped: 11 Cache: 868s/500MB
AV: 00:02:46 / 00:22:10 (13%) A-V:  0.000 ct:  6.287 Cache: 843s/500MB
AV: 00:02:46 / 00:22:10 (13%) A-V:  0.000 ct:  6.293 Cache: 843s/500MB
AV: 00:02:46 / 00:22:10 (13%) A-V:  0.000 ct:  6.300 Cache: 844s/500MB
AV: 00:02:46 / 00:22:10 (13%) A-V:  0.000 ct:  6.307 Cache: 844s/500MB
AV: 00:02:46 / 00:22:10 (13%) A-V:  0.000 ct:  6.313 Cache: 844s/500MB
AV: 00:02:46 / 00:22:10 (13%) A-V:  0.000 ct:  6.320 Cache: 844s/500MB
AV: 00:02:46 / 00:22:10 (13%) A-V:  0.000 ct: 10.015 Dropped: 48 Cache: 874s/500MB
AV: 00:02:46 / 00:22:10 (13%) A-V:  0.000 ct:  6.327 Cache: 844s/500MB
AV: 00:02:46 / 00:22:10 (13%) A-V:  0.000 ct:  6.333 Cache: 844s/500MB
AV: 00:02:46 / 00:22:10 (13%) A-V:  0.000 Dropped: 2 Cache: 861s/500MB
AV: 00:02:46 / 00:22:10 (13%) A-V:  0.000 ct:  6.340 Cache: 844s/500MB
AV: 00:02:46 / 00:22:10 (13%) A-V:  0.000 ct:  6.347 Cache: 844s/500MB
AV: 00:02:46 / 00:22:10 (13%) A-V:  0.000 ct:  6.353 Cache: 844s/500MB
AV: 00:02:46 / 00:22:10 (13%) A-V:  0.000 ct:  6.360 Cache: 844s/500MB
AV: 00:02:46 / 00:22:10 (13%) A-V:  0.000 ct: 10.015 Dropped: 48 Cache: 875s/500MB
AV: 00:02:46 / 00:22:10 (13%) A-V:  0.000 ct:  6.367 Cache: 844s/500MB
AV: 00:02:46 / 00:22:10 (13%) A-V:  0.000 ct:  6.373 Cache: 844s/500MB
AV: 00:02:46 / 00:22:10 (13%) A-V:  0.000 ct:  6.380 Cache: 844s/500MB
AV: 00:02:46 / 00:22:10 (13%) A-V:  0.000 Dropped: 11 Cache: 868s/500MB
AV: 00:02:46 / 00:22:10 (13%) A-V:  0.000 ct:  6.387 Cache: 844s/500MB
AV: 00:02:46 / 00:22:10 (13%) A-V:  0.000 ct: 10.015 Dropped: 48 Cache: 876s/500MB
AV: 00:02:46 / 00:22:10 (13%) A-V:  0.000 ct:  6.393 Cache: 844s/500MB
AV: 00:02:46 / 00:22:10 (13%) A-V:  0.000 ct:  6.400 Cache: 844s/500MB
AV: 00:02:47 / 00:22:10 (13%) A-V:  0.000 ct:  6.407 Cache: 845s/500MB
AV: 00:02:47 / 00:22:10 (13%) A-V:  0.000 ct:  6.413 Cache: 845s/500MB
AV: 00:02:47 / 00:22:10 (13%) A-V:  0.000 ct:  6.420 Cache: 845s/500MB
AV: 00:02:47 / 00:22:10 (13%) A-V:  0.000 ct:  6.427 Cache: 845s/500MB
AV: 00:02:47 / 00:22:10 (13%) A-V:  0.000 ct:  6.433 Cache: 845s/500MB
AV: 00:02:47 / 00:22:10 (13%) A-V:  0.000 ct:  6.440 Cache: 845s/500MB
AV: 00:02:47 / 00:22:10 (13%) A-V:  0.000 ct:  6.447 Cache: 845s/500MB
AV: 00:02:46 / 00:22:10 (13%) A-V:  0.000 ct: 10.015 Dropped: 48 Cache: 878s/500MB
AV: 00:02:47 / 00:22:10 (13%) A-V:  0.000 ct:  6.447 Cache: 845s/499MB
AV: 00:02:46 / 00:22:10 (13%) A-V:  0.000 Dropped: 2 Cache: 860s/500MB
AV: 00:02:47 / 00:22:10 (13%) A-V:  0.000 ct: 10.015 Dropped: 48 Cache: 878s/500MB
AV: 00:02:47 / 00:22:10 (13%) A-V:  0.000 ct: 10.015 Dropped: 48 Cache: 879s/500MB
AV: 00:02:47 / 00:22:10 (13%) A-V:  0.000 ct: 10.015 Dropped: 48 Cache: 881s/500MB
AV: 00:02:47 / 00:22:10 (13%) A-V:  0.000 ct:  6.447 Cache: 845s/500MB
AV: 00:02:47 / 00:22:10 (13%) A-V:  0.000 Dropped: 2 Cache: 860s/500MB
AV: 00:02:47 / 00:22:10 (13%) A-V:  0.000 ct: 10.015 Dropped: 48 Cache: 882s/500MB
AV: 00:02:47 / 00:22:10 (13%) A-V:  0.000 ct: 10.015 Dropped: 48 Cache: 884s/500MB
AV: 00:02:47 / 00:22:10 (13%) A-V:  0.000 Dropped: 11 Cache: 868s/500MB
AV: 00:02:47 / 00:22:10 (13%) A-V:  0.000 ct: 10.015 Dropped: 48 Cache: 885s/500MB
AV: 00:02:47 / 00:22:10 (13%) A-V:  0.000 ct: 10.015 Dropped: 48 Cache: 886s/500MB
AV: 00:02:47 / 00:22:10 (13%) A-V:  0.000 ct: 10.015 Dropped: 48 Cache: 886s/499MB
AV: 00:02:47 / 00:22:10 (13%) A-V:  0.000 Dropped: 11 Cache: 867s/500MB
AV: 00:02:47 / 00:22:10 (13%) A-V:  0.000 ct: 10.015 Dropped: 48 Cache: 886s/500MB
AV: 00:02:47 / 00:22:10 (13%) A-V:  0.000 Dropped: 11 Cache: 868s/500MB
AV: 00:02:47 / 00:22:10 (13%) A-V:  0.000 ct: 10.015 Dropped: 48 Cache: 887s/500MB
AV: 00:02:47 / 00:22:10 (13%) A-V:  0.000 ct:  6.447 Cache: 844s/500MB
AV: 00:02:47 / 00:22:10 (13%) A-V:  0.000 ct: 10.015 Dropped: 48 Cache: 888s/500MB
AV: 00:02:47 / 00:22:10 (13%) A-V:  0.000 Dropped: 2 Cache: 859s/500MB
AV: 00:02:47 / 00:22:10 (13%) A-V:  0.000 ct: 10.015 Dropped: 48 Cache: 890s/500MB
AV: 00:02:47 / 00:22:10 (13%) A-V:  0.000 Dropped: 11 Cache: 867s/500MB
AV: 00:02:48 / 00:22:10 (13%) A-V:  0.000 ct: 10.015 Dropped: 48 Cache: 890s/500MB
AV: 00:02:48 / 00:22:10 (13%) A-V:  0.000 Dropped: 2 Cache: 859s/500MB
AV: 00:02:47 / 00:22:10 (13%) A-V:  0.000 Dropped: 11 Cache: 867s/499MB
AV: 00:02:47 / 00:22:10 (13%) A-V:  0.000 Dropped: 11 Cache: 867s/500MB
AV: 00:02:48 / 00:22:10 (13%) A-V:  0.000 Dropped: 11 Cache: 867s/500MB
AV: 00:02:48 / 00:22:10 (13%) A-V:  0.000 ct: 10.015 Dropped: 48 Cache: 889s/500MB

Audio/Video desynchronisation detected! Possible reasons include too slow
hardware, temporary CPU spikes, broken drivers, and broken files. Audio
position will not match to the video (see A-V status field).
Consider trying `--profile=fast` and/or `--hwdec=auto-safe` as they may help.

AV: 00:02:47 / 00:22:10 (13%) A-V:  0.000 ct:  6.447 Cache: 844s/500MB
AV: 00:02:47 / 00:22:10 (13%) A-V:  1.574 ct:  6.447 Cache: 844s/500MB
AV: 00:02:47 / 00:22:10 (13%) A-V:  1.568 ct:  6.453 Cache: 844s/500MB
AV: 00:02:47 / 00:22:10 (13%) A-V:  1.561 ct:  6.460 Cache: 844s/500MB
AV: 00:02:47 / 00:22:10 (13%) A-V:  1.554 ct:  6.467 Cache: 844s/500MB
AV: 00:02:47 / 00:22:10 (13%) A-V:  1.548 ct:  6.473 Cache: 844s/500MB
AV: 00:02:47 / 00:22:10 (13%) A-V:  1.541 ct:  6.480 Cache: 844s/500MB
AV: 00:02:47 / 00:22:10 (13%) A-V:  1.534 ct:  6.487 Cache: 844s/500MB
AV: 00:02:48 / 00:22:10 (13%) A-V:  0.000 ct: 10.015 Dropped: 48 Cache: 890s/500MB
AV: 00:02:47 / 00:22:10 (13%) A-V:  1.533 ct:  6.493 Cache: 844s/500MB
AO: [pipewire] 44100Hz stereo 2ch floatp
AV: 00:02:47 / 00:22:10 (13%) A-V:  1.533 ct:  6.493 Cache: 844s/500MB
AV: 00:02:47 / 00:22:10 (13%) A-V:  1.750 ct:  6.500 Dropped: 1 Cache: 845s/500MB
AV: 00:02:47 / 00:22:10 (13%) A-V:  1.733 ct:  6.507 Dropped: 2 Cache: 844s/500MB
AV: 00:02:47 / 00:22:10 (13%) A-V:  1.508 ct:  6.513 Dropped: 3 Cache: 845s/500MB
AV: 00:02:47 / 00:22:10 (13%) A-V:  1.501 ct:  6.520 Dropped: 3 Cache: 845s/500MB
AV: 00:02:47 / 00:22:10 (13%) A-V:  1.494 ct:  6.527 Dropped: 3 Cache: 845s/500MB
AV: 00:02:47 / 00:22:10 (13%) A-V:  1.488 ct:  6.533 Dropped: 3 Cache: 845s/500MB
AV: 00:02:47 / 00:22:10 (13%) A-V:  1.481 ct:  6.540 Dropped: 3 Cache: 845s/500MB
AV: 00:02:47 / 00:22:10 (13%) A-V:  1.474 ct:  6.547 Dropped: 3 Cache: 845s/500MB
AV: 00:02:47 / 00:22:10 (13%) A-V:  1.474 ct:  6.553 Dropped: 3 Cache: 845s/500MB
AV: 00:02:47 / 00:22:10 (13%) A-V:  1.472 ct:  6.560 Dropped: 4 Cache: 845s/500MB
AV: 00:02:47 / 00:22:10 (13%) A-V:  1.457 ct:  6.567 Dropped: 5 Cache: 845s/500MB
AV: 00:02:47 / 00:22:10 (13%) A-V:  1.448 ct:  6.573 Dropped: 5 Cache: 845s/500MB
AV: 00:02:47 / 00:22:10 (13%) A-V:  1.441 ct:  6.580 Dropped: 5 Cache: 846s/500MB
AV: 00:02:47 / 00:22:10 (13%) A-V:  1.441 ct:  6.587 Dropped: 5 Cache: 846s/500MB
AV: 00:02:47 / 00:22:10 (13%) A-V:  1.439 ct:  6.593 Dropped: 6 Cache: 846s/500MB
AV: 00:02:47 / 00:22:10 (13%) A-V:  1.424 ct:  6.600 Dropped: 7 Cache: 846s/500MB
AV: 00:02:47 / 00:22:10 (13%) A-V:  1.414 ct:  6.607 Dropped: 7 Cache: 846s/500MB
AV: 00:02:47 / 00:22:10 (13%) A-V:  1.408 ct:  6.613 Dropped: 7 Cache: 846s/500MB
AV: 00:02:48 / 00:22:10 (13%) A-V:  0.000 Dropped: 2 Cache: 858s/500MB
AV: 00:02:47 / 00:22:10 (13%) A-V:  1.410 ct:  6.620 Dropped: 7 Cache: 847s/500MB
AV: 00:02:47 / 00:22:10 (13%) A-V:  1.405 ct:  6.627 Dropped: 8 Cache: 847s/500MB
AV: 00:02:49 / 00:22:10 (13%) A-V:  0.000 ct: 10.015 Dropped: 48 Cache: 890s/500MB
AV: 00:02:47 / 00:22:10 (13%) A-V:  1.393 ct:  6.633 Dropped: 9 Cache: 847s/500MB
AV: 00:02:47 / 00:22:10 (13%) A-V:  1.381 ct:  6.640 Dropped: 9 Cache: 847s/500MB
AV: 00:02:47 / 00:22:10 (13%) A-V:  1.374 ct:  6.647 Dropped: 9 Cache: 847s/500MB
AV: 00:02:47 / 00:22:10 (13%) A-V:  1.376 ct:  6.653 Dropped: 10 Cache: 847s/500MB
AV: 00:02:47 / 00:22:10 (13%) A-V:  1.364 ct:  6.660 Dropped: 10 Cache: 847s/500MB
AV: 00:02:49 / 00:22:10 (13%) A-V:  0.000 ct: 10.015 Dropped: 48 Cache: 891s/500MB
AV: 00:02:47 / 00:22:10 (13%) A-V:  1.358 ct:  6.667 Dropped: 11 Cache: 847s/500MB
AV: 00:02:47 / 00:22:10 (13%) A-V:  1.348 ct:  6.673 Dropped: 11 Cache: 847s/500MB
AV: 00:02:47 / 00:22:10 (13%) A-V:  1.341 ct:  6.680 Dropped: 11 Cache: 847s/500MB
AV: 00:02:47 / 00:22:10 (13%) A-V:  1.345 ct:  6.687 Dropped: 12 Cache: 847s/500MB
AV: 00:02:47 / 00:22:10 (13%) A-V:  1.335 ct:  6.693 Dropped: 13 Cache: 847s/500MB
AV: 00:02:47 / 00:22:10 (13%) A-V:  1.321 ct:  6.700 Dropped: 13 Cache: 847s/500MB
AV: 00:02:47 / 00:22:10 (13%) A-V:  1.314 ct:  6.707 Dropped: 13 Cache: 847s/500MB
AV: 00:02:47 / 00:22:10 (13%) A-V:  1.308 ct:  6.713 Dropped: 13 Cache: 847s/500MB
AV: 00:02:47 / 00:22:10 (13%) A-V:  1.306 ct:  6.720 Dropped: 13 Cache: 847s/500MB
AV: 00:02:47 / 00:22:10 (13%) A-V:  1.314 ct:  6.727 Dropped: 14 Cache: 847s/500MB
AV: 00:02:47 / 00:22:10 (13%) A-V:  1.301 ct:  6.733 Dropped: 15 Cache: 847s/500MB
AV: 00:02:47 / 00:22:10 (13%) A-V:  1.286 ct:  6.740 Dropped: 16 Cache: 847s/500MB
AV: 00:02:47 / 00:22:10 (13%) A-V:  1.274 ct:  6.747 Dropped: 16 Cache: 847s/500MB
AV: 00:02:47 / 00:22:10 (13%) A-V:  1.268 ct:  6.753 Dropped: 16 Cache: 847s/500MB
AV: 00:02:47 / 00:22:10 (13%) A-V:  1.261 ct:  6.760 Dropped: 16 Cache: 847s/500MB
AV: 00:02:47 / 00:22:10 (13%) A-V:  1.255 ct:  6.767 Dropped: 16 Cache: 847s/500MB
AV: 00:02:47 / 00:22:10 (13%) A-V:  1.256 ct:  6.773 Dropped: 17 Cache: 847s/500MB
AV: 00:02:47 / 00:22:10 (13%) A-V:  1.242 ct:  6.780 Dropped: 18 Cache: 847s/500MB
AV: 00:02:47 / 00:22:10 (13%) A-V:  1.234 ct:  6.787 Dropped: 18 Cache: 847s/500MB
AV: 00:02:47 / 00:22:10 (13%) A-V:  1.228 ct:  6.793 Dropped: 18 Cache: 848s/500MB
AV: 00:02:47 / 00:22:10 (13%) A-V:  1.224 ct:  6.800 Dropped: 18 Cache: 848s/500MB
AV: 00:02:48 / 00:22:10 (13%) A-V:  1.222 ct:  6.807 Dropped: 19 Cache: 848s/500MB
AV: 00:02:48 / 00:22:10 (13%) A-V:  1.208 ct:  6.813 Dropped: 19 Cache: 848s/500MB
AV: 00:02:48 / 00:22:10 (13%) A-V:  1.211 ct:  6.820 Dropped: 20 Cache: 848s/500MB
AV: 00:02:48 / 00:22:10 (13%) A-V:  1.196 ct:  6.827 Dropped: 21 Cache: 848s/500MB
AV: 00:02:48 / 00:22:10 (13%) A-V:  1.188 ct:  6.833 Dropped: 21 Cache: 848s/500MB
AV: 00:02:48 / 00:22:10 (13%) A-V:  1.181 ct:  6.840 Dropped: 21 Cache: 848s/500MB
AV: 00:02:48 / 00:22:10 (13%) A-V:  1.174 ct:  6.847 Dropped: 21 Cache: 848s/500MB
AV: 00:02:49 / 00:22:10 (13%) A-V:  0.000 ct: 10.015 Dropped: 48 Cache: 892s/500MB
AV: 00:02:48 / 00:22:10 (13%) A-V:  1.173 ct:  6.853 Dropped: 21 Cache: 848s/500MB
AV: 00:02:49 / 00:22:10 (13%) A-V:  0.000 Dropped: 2 Cache: 858s/500MB
AV: 00:02:48 / 00:22:10 (13%) A-V:  1.172 ct:  6.860 Dropped: 22 Cache: 848s/500MB
AV: 00:02:48 / 00:22:10 (13%) A-V:  1.155 ct:  6.867 Dropped: 23 Cache: 848s/499MB
AV: 00:02:48 / 00:22:10 (13%) A-V:  1.148 ct:  6.873 Dropped: 23 Cache: 848s/500MB
AV: 00:02:48 / 00:22:10 (13%) A-V:  1.141 ct:  6.880 Dropped: 23 Cache: 848s/500MB
AV: 00:02:48 / 00:22:10 (13%) A-V:  1.142 ct:  6.887 Dropped: 23 Cache: 848s/500MB
AV: 00:02:48 / 00:22:10 (13%) A-V:  1.139 ct:  6.893 Dropped: 24 Cache: 848s/500MB
AV: 00:02:48 / 00:22:10 (13%) A-V:  1.124 ct:  6.900 Dropped: 25 Cache: 848s/500MB
AV: 00:02:48 / 00:22:10 (13%) A-V:  1.114 ct:  6.907 Dropped: 25 Cache: 848s/500MB
AV: 00:02:48 / 00:22:10 (13%) A-V:  1.108 ct:  6.913 Dropped: 25 Cache: 848s/500MB
AV: 00:02:48 / 00:22:10 (13%) A-V:  1.106 ct:  6.920 Dropped: 25 Cache: 848s/500MB
AV: 00:02:49 / 00:22:10 (13%) A-V:  0.000 ct: 10.015 Dropped: 48 Cache: 893s/500MB
AV: 00:02:48 / 00:22:10 (13%) A-V:  1.110 ct:  6.927 Dropped: 26 Cache: 848s/500MB
AV: 00:02:48 / 00:22:10 (13%) A-V:  1.098 ct:  6.933 Dropped: 27 Cache: 849s/500MB
AV: 00:02:48 / 00:22:10 (13%) A-V:  1.083 ct:  6.940 Dropped: 28 Cache: 849s/500MB
AV: 00:02:48 / 00:22:10 (13%) A-V:  1.074 ct:  6.947 Dropped: 28 Cache: 849s/500MB
AV: 00:02:48 / 00:22:10 (13%) A-V:  1.068 ct:  6.953 Dropped: 28 Cache: 849s/500MB
AV: 00:02:49 / 00:22:10 (13%) A-V:  0.000 Dropped: 11 Cache: 867s/500MB
AV: 00:02:48 / 00:22:10 (13%) A-V:  1.061 ct:  6.960 Dropped: 28 Cache: 849s/500MB
AV: 00:02:48 / 00:22:10 (13%) A-V:  1.057 ct:  6.967 Dropped: 28 Cache: 849s/500MB
AV: 00:02:48 / 00:22:10 (13%) A-V:  1.056 ct:  6.973 Dropped: 29 Cache: 849s/500MB
AV: 00:02:48 / 00:22:10 (13%) A-V:  1.041 ct:  6.980 Dropped: 29 Cache: 849s/500MB
AV: 00:02:48 / 00:22:10 (13%) A-V:  1.039 ct:  6.987 Dropped: 29 Cache: 849s/500MB
AV: 00:02:48 / 00:22:10 (13%) A-V:  1.041 ct:  6.993 Dropped: 30 Cache: 849s/500MB
AV: 00:02:48 / 00:22:10 (13%) A-V:  1.026 ct:  7.000 Dropped: 31 Cache: 849s/500MB
AV: 00:02:48 / 00:22:10 (13%) A-V:  1.016 ct:  7.007 Dropped: 31 Cache: 850s/500MB
AV: 00:02:48 / 00:22:10 (13%) A-V:  1.010 ct:  7.013 Dropped: 31 Cache: 850s/500MB
AV: 00:02:48 / 00:22:10 (13%) A-V:  1.006 ct:  7.020 Dropped: 32 Cache: 850s/500MB
AV: 00:02:48 / 00:22:10 (13%) A-V:  0.994 ct:  7.027 Dropped: 32 Cache: 850s/500MB
AV: 00:02:48 / 00:22:10 (13%) A-V:  0.999 ct:  7.033 Dropped: 32 Cache: 851s/500MB
AV: 00:02:48 / 00:22:10 (13%) A-V:  0.989 ct:  7.040 Dropped: 33 Cache: 851s/500MB
AV: 00:02:48 / 00:22:10 (13%) A-V:  0.974 ct:  7.047 Dropped: 33 Cache: 852s/500MB
AV: 00:02:48 / 00:22:10 (13%) A-V:  0.974 ct:  7.053 Dropped: 33 Cache: 852s/500MB
AV: 00:02:48 / 00:22:10 (13%) A-V:  0.972 ct:  7.060 Dropped: 34 Cache: 851s/500MB
AV: 00:02:48 / 00:22:10 (13%) A-V:  0.957 ct:  7.067 Dropped: 35 Cache: 852s/500MB
AV: 00:02:48 / 00:22:10 (13%) A-V:  0.948 ct:  7.073 Dropped: 35 Cache: 852s/500MB
AV: 00:02:48 / 00:22:10 (13%) A-V:  0.941 ct:  7.080 Dropped: 35 Cache: 852s/500MB
AV: 00:02:48 / 00:22:10 (13%) A-V:  0.942 ct:  7.087 Dropped: 36 Cache: 852s/500MB
AV: 00:02:48 / 00:22:10 (13%) A-V:  0.932 ct:  7.093 Dropped: 36 Cache: 852s/500MB
AV: 00:02:48 / 00:22:10 (13%) A-V:  0.927 ct:  7.100 Dropped: 37 Cache: 852s/500MB
AV: 00:02:48 / 00:22:10 (13%) A-V:  0.914 ct:  7.107 Dropped: 37 Cache: 852s/500MB
AV: 00:02:48 / 00:22:10 (13%) A-V:  0.908 ct:  7.113 Dropped: 37 Cache: 852s/500MB
AV: 00:02:49 / 00:22:10 (13%) A-V:  0.000 ct: 10.015 Dropped: 48 Cache: 894s/500MB
AV: 00:02:48 / 00:22:10 (13%) A-V:  0.907 ct:  7.120 Dropped: 37 Cache: 852s/500MB
AV: 00:02:48 / 00:22:10 (13%) A-V:  0.905 ct:  7.127 Dropped: 38 Cache: 852s/500MB
AV: 00:02:48 / 00:22:10 (13%) A-V:  0.889 ct:  7.133 Dropped: 39 Cache: 852s/500MB
AV: 00:02:48 / 00:22:10 (13%) A-V:  0.881 ct:  7.140 Dropped: 39 Cache: 854s/500MB
AV: 00:02:48 / 00:22:10 (13%) A-V:  0.874 ct:  7.147 Dropped: 39 Cache: 854s/500MB
AV: 00:02:49 / 00:22:10 (13%) A-V:  0.000 Dropped: 11 Cache: 866s/500MB
AV: 00:02:48 / 00:22:10 (13%) A-V:  0.875 ct:  7.153 Dropped: 39 Cache: 854s/500MB
AV: 00:02:48 / 00:22:10 (13%) A-V:  0.873 ct:  7.160 Dropped: 40 Cache: 854s/500MB
AV: 00:02:48 / 00:22:10 (13%) A-V:  0.858 ct:  7.167 Dropped: 41 Cache: 855s/500MB
AV: 00:02:48 / 00:22:10 (13%) A-V:  0.848 ct:  7.173 Dropped: 41 Cache: 855s/500MB
AV: 00:02:48 / 00:22:10 (13%) A-V:  0.841 ct:  7.180 Dropped: 41 Cache: 855s/500MB
AV: 00:02:48 / 00:22:10 (13%) A-V:  0.839 ct:  7.187 Dropped: 41 Cache: 855s/500MB
Using hardware decoding (nvdec).
AV: 00:02:48 / 00:22:10 (13%) A-V:  0.839 ct:  7.187 Dropped: 41 Cache: 855s/500MB
AV: 00:02:48 / 00:22:10 (13%) A-V:  0.913 ct:  7.193 Dropped: 42 Cache: 860s/500MB
VO: [gpu] 640x360 cuda[nv12]
AV: 00:02:48 / 00:22:10 (13%) A-V:  0.913 ct:  7.193 Dropped: 42 Cache: 860s/500MB
AV: 00:02:48 / 00:22:10 (13%) A-V:  0.917 ct:  7.208 Cache: 860s/500MB
AV: 00:02:49 / 00:22:10 (13%) A-V:  0.884 ct:  7.222 Cache: 860s/500MB
[dbx] New chapter 12 
AV: 00:02:49 / 00:22:10 (13%) A-V:  0.884 ct:  7.222 Cache: 860s/500MB
[dbx] Metadata  
AV: 00:02:49 / 00:22:10 (13%) A-V:  0.884 ct:  7.222 Cache: 860s/500MB
[dbx] chapter time is  169 
AV: 00:02:49 / 00:22:10 (13%) A-V:  0.884 ct:  7.222 Cache: 860s/500MB
[dbx] Chapter Length is  10 
AV: 00:02:49 / 00:22:10 (13%) A-V:  0.884 ct:  7.222 Cache: 860s/500MB
[dbx] record_number was  13 
AV: 00:02:49 / 00:22:10 (13%) A-V:  0.884 ct:  7.222 Cache: 860s/500MB
AV: 00:02:49 / 00:22:10 (13%) A-V:  0.852 ct:  7.235 Dropped: 1 Cache: 860s/500MB
AV: 00:02:49 / 00:22:10 (13%) A-V:  0.819 ct:  7.248 Dropped: 2 Cache: 860s/500MB
AV: 00:02:49 / 00:22:10 (13%) A-V:  0.785 ct:  7.262 Dropped: 3 Cache: 860s/500MB
AV: 00:02:49 / 00:22:10 (13%) A-V:  0.754 ct:  7.275 Dropped: 4 Cache: 860s/500MB
AV: 00:02:49 / 00:22:10 (13%) A-V:  0.733 ct:  7.288 Dropped: 4 Cache: 860s/500MB
AV: 00:02:49 / 00:22:10 (13%) A-V:  0.719 ct:  7.302 Dropped: 4 Cache: 860s/500MB
AV: 00:02:49 / 00:22:10 (13%) A-V:  0.706 ct:  7.315 Dropped: 4 Cache: 860s/500MB
AV: 00:02:50 / 00:22:10 (13%) A-V:  0.000 ct: 10.015 Dropped: 48 Cache: 894s/500MB
AV: 00:02:49 / 00:22:10 (13%) A-V:  0.692 ct:  7.329 Dropped: 4 Cache: 860s/500MB
AV: 00:02:50 / 00:22:10 (13%) A-V:  0.000 ct: 10.015 Dropped: 48 Cache: 895s/500MB
AV: 00:02:49 / 00:22:10 (13%) A-V:  0.679 ct:  7.342 Dropped: 4 Cache: 860s/500MB
AV: 00:02:49 / 00:22:10 (13%) A-V:  0.000 Dropped: 2 Cache: 857s/500MB
AV: 00:02:49 / 00:22:10 (13%) A-V:  0.666 ct:  7.355 Dropped: 4 Cache: 860s/500MB
AV: 00:02:49 / 00:22:10 (13%) A-V:  0.652 ct:  7.369 Dropped: 4 Cache: 860s/500MB
AV: 00:02:49 / 00:22:10 (13%) A-V:  0.639 ct:  7.382 Dropped: 4 Cache: 860s/500MB
AV: 00:02:49 / 00:22:10 (13%) A-V:  0.626 ct:  7.395 Dropped: 4 Cache: 860s/500MB
AV: 00:02:49 / 00:22:10 (13%) A-V:  0.612 ct:  7.409 Dropped: 4 Cache: 860s/500MB
AV: 00:02:49 / 00:22:10 (13%) A-V:  0.599 ct:  7.422 Dropped: 4 Cache: 860s/500MB
AV: 00:02:49 / 00:22:10 (13%) A-V:  0.586 ct:  7.435 Dropped: 4 Cache: 860s/500MB
AV: 00:02:49 / 00:22:10 (13%) A-V:  0.572 ct:  7.449 Dropped: 4 Cache: 860s/500MB
AV: 00:02:49 / 00:22:10 (13%) A-V:  0.559 ct:  7.462 Dropped: 4 Cache: 860s/500MB
AV: 00:02:50 / 00:22:10 (13%) A-V:  0.000 ct: 10.015 Dropped: 48 Cache: 896s/500MB
AV: 00:02:49 / 00:22:10 (13%) A-V:  0.546 ct:  7.475 Dropped: 4 Cache: 860s/500MB
AV: 00:02:49 / 00:22:10 (13%) A-V:  0.532 ct:  7.489 Dropped: 4 Cache: 860s/500MB
AV: 00:02:49 / 00:22:10 (13%) A-V:  0.519 ct:  7.502 Dropped: 4 Cache: 860s/500MB
AV: 00:02:49 / 00:22:10 (13%) A-V:  0.506 ct:  7.515 Dropped: 4 Cache: 860s/500MB
AV: 00:02:49 / 00:22:10 (13%) A-V:  0.492 ct:  7.529 Dropped: 4 Cache: 860s/500MB
AV: 00:02:49 / 00:22:10 (13%) A-V:  0.479 ct:  7.542 Dropped: 4 Cache: 860s/500MB
AV: 00:02:49 / 00:22:10 (13%) A-V:  0.466 ct:  7.555 Dropped: 4 Cache: 860s/500MB
AV: 00:02:50 / 00:22:10 (13%) A-V:  0.000 Dropped: 2 Cache: 857s/500MB
AV: 00:02:49 / 00:22:10 (13%) A-V:  0.452 ct:  7.569 Dropped: 4 Cache: 860s/500MB
AV: 00:02:49 / 00:22:10 (13%) A-V:  0.439 ct:  7.582 Dropped: 4 Cache: 860s/500MB
AV: 00:02:49 / 00:22:10 (13%) A-V:  0.426 ct:  7.595 Dropped: 4 Cache: 860s/500MB
AV: 00:02:50 / 00:22:10 (13%) A-V:  0.000 ct: 10.015 Dropped: 48 Cache: 897s/500MB
AV: 00:02:49 / 00:22:10 (13%) A-V:  0.412 ct:  7.609 Dropped: 4 Cache: 860s/500MB
AV: 00:02:50 / 00:22:10 (13%) A-V:  0.399 ct:  7.622 Dropped: 4 Cache: 860s/500MB
AV: 00:02:50 / 00:22:10 (13%) A-V:  0.386 ct:  7.635 Dropped: 4 Cache: 860s/500MB
AV: 00:02:50 / 00:22:10 (13%) A-V:  0.372 ct:  7.649 Dropped: 4 Cache: 860s/500MB
AV: 00:02:50 / 00:22:10 (13%) A-V:  0.000 Dropped: 11 Cache: 866s/500MB
AV: 00:02:50 / 00:22:10 (13%) A-V:  0.359 ct:  7.662 Dropped: 4 Cache: 860s/500MB
AV: 00:02:50 / 00:22:10 (13%) A-V:  0.345 ct:  7.676 Dropped: 4 Cache: 860s/500MB
AV: 00:02:50 / 00:22:10 (13%) A-V:  0.332 ct:  7.689 Dropped: 4 Cache: 860s/500MB
AV: 00:02:50 / 00:22:10 (13%) A-V:  0.000 ct: 10.015 Dropped: 48 Cache: 898s/500MB
AV: 00:02:50 / 00:22:10 (13%) A-V:  0.319 ct:  7.702 Dropped: 4 Cache: 860s/500MB
AV: 00:02:50 / 00:22:10 (13%) A-V:  0.305 ct:  7.716 Dropped: 4 Cache: 860s/500MB
AV: 00:02:50 / 00:22:10 (13%) A-V:  0.292 ct:  7.729 Dropped: 4 Cache: 860s/500MB
AV: 00:02:50 / 00:22:10 (13%) A-V:  0.289 ct:  7.732 Dropped: 4 Cache: 860s/500MB
AV: 00:02:50 / 00:22:10 (13%) A-V:  0.285 ct:  7.736 Dropped: 4 Cache: 860s/500MB
AV: 00:02:50 / 00:22:10 (13%) A-V:  0.282 ct:  7.739 Dropped: 4 Cache: 860s/500MB
AV: 00:02:50 / 00:22:10 (13%) A-V:  0.279 ct:  7.742 Dropped: 4 Cache: 860s/500MB
AV: 00:02:50 / 00:22:10 (13%) A-V:  0.275 ct:  7.746 Dropped: 4 Cache: 860s/500MB
AV: 00:02:50 / 00:22:10 (13%) A-V:  0.272 ct:  7.749 Dropped: 4 Cache: 860s/500MB
AV: 00:02:50 / 00:22:10 (13%) A-V:  0.269 ct:  7.752 Dropped: 4 Cache: 860s/500MB
AV: 00:02:50 / 00:22:10 (13%) A-V:  0.000 ct: 10.015 Dropped: 48 Cache: 899s/500MB
AV: 00:02:50 / 00:22:10 (13%) A-V:  0.265 ct:  7.756 Dropped: 4 Cache: 860s/500MB
AV: 00:02:50 / 00:22:10 (13%) A-V:  0.262 ct:  7.759 Dropped: 4 Cache: 860s/500MB
AV: 00:02:50 / 00:22:10 (13%) A-V:  0.259 ct:  7.762 Dropped: 4 Cache: 860s/500MB
AV: 00:02:50 / 00:22:10 (13%) A-V:  0.255 ct:  7.766 Dropped: 4 Cache: 860s/500MB
AV: 00:02:50 / 00:22:10 (13%) A-V:  0.252 ct:  7.769 Dropped: 4 Cache: 860s/500MB
AV: 00:02:50 / 00:22:10 (13%) A-V:  0.249 ct:  7.772 Dropped: 4 Cache: 860s/500MB
AV: 00:02:51 / 00:22:10 (13%) A-V:  0.000 ct: 10.015 Dropped: 48 Cache: 899s/500MB
AV: 00:02:50 / 00:22:10 (13%) A-V:  0.245 ct:  7.776 Dropped: 4 Cache: 860s/500MB
AV: 00:02:50 / 00:22:10 (13%) A-V:  0.242 ct:  7.779 Dropped: 4 Cache: 860s/500MB
AV: 00:02:51 / 00:22:10 (13%) A-V:  0.000 ct: 10.015 Dropped: 48 Cache: 900s/500MB
AV: 00:02:50 / 00:22:10 (13%) A-V:  0.239 ct:  7.782 Dropped: 4 Cache: 860s/500MB
AV: 00:02:50 / 00:22:10 (13%) A-V:  0.235 ct:  7.786 Dropped: 4 Cache: 860s/500MB
AV: 00:02:50 / 00:22:10 (13%) A-V:  0.232 ct:  7.789 Dropped: 4 Cache: 860s/500MB
AV: 00:02:50 / 00:22:10 (13%) A-V:  0.229 ct:  7.792 Dropped: 4 Cache: 860s/500MB
AV: 00:02:50 / 00:22:10 (13%) A-V:  0.225 ct:  7.796 Dropped: 4 Cache: 860s/500MB
AV: 00:02:50 / 00:22:10 (13%) A-V:  0.222 ct:  7.799 Dropped: 4 Cache: 860s/500MB
AV: 00:02:51 / 00:22:10 (13%) A-V:  0.219 ct:  7.802 Dropped: 4 Cache: 861s/500MB
AV: 00:02:50 / 00:22:10 (13%) A-V:  0.000 Dropped: 2 Cache: 856s/500MB
AV: 00:02:50 / 00:22:10 (13%) A-V:  0.000 Dropped: 11 Cache: 865s/500MB
AV: 00:02:51 / 00:22:10 (13%) A-V:  0.215 ct:  7.806 Dropped: 4 Cache: 860s/500MB
AV: 00:02:51 / 00:22:10 (13%) A-V:  0.212 ct:  7.809 Dropped: 4 Cache: 860s/500MB
AV: 00:02:50 / 00:22:10 (13%) A-V:  0.000 Dropped: 11 Cache: 866s/500MB
AV: 00:02:51 / 00:22:10 (13%) A-V:  0.000 Dropped: 2 Cache: 856s/500MB
AV: 00:02:51 / 00:22:10 (13%) A-V:  0.209 ct:  7.812 Dropped: 4 Cache: 860s/500MB
AV: 00:02:50 / 00:22:10 (13%) A-V:  0.000 Dropped: 11 Cache: 865s/500MB
AV: 00:02:51 / 00:22:10 (13%) A-V:  0.205 ct:  7.816 Dropped: 4 Cache: 860s/500MB
AV: 00:02:51 / 00:22:10 (13%) A-V:  0.202 ct:  7.819 Dropped: 4 Cache: 860s/500MB
AV: 00:02:51 / 00:22:10 (13%) A-V:  0.199 ct:  7.822 Dropped: 4 Cache: 860s/500MB
AV: 00:02:51 / 00:22:10 (13%) A-V:  0.195 ct:  7.826 Dropped: 4 Cache: 860s/500MB
AV: 00:02:51 / 00:22:10 (13%) A-V:  0.000 Dropped: 11 Cache: 865s/500MB
AV: 00:02:51 / 00:22:10 (13%) A-V:  0.192 ct:  7.829 Dropped: 4 Cache: 861s/500MB
AV: 00:02:51 / 00:22:10 (13%) A-V:  0.189 ct:  7.832 Dropped: 4 Cache: 861s/500MB
AV: 00:02:51 / 00:22:10 (13%) A-V:  0.185 ct:  7.836 Dropped: 4 Cache: 861s/500MB
AV: 00:02:51 / 00:22:10 (13%) A-V:  0.182 ct:  7.839 Dropped: 4 Cache: 861s/500MB
AV: 00:02:51 / 00:22:10 (13%) A-V:  0.000 ct: 10.015 Dropped: 48 Cache: 899s/500MB
AV: 00:02:51 / 00:22:10 (13%) A-V:  0.179 ct:  7.842 Dropped: 4 Cache: 861s/500MB
AV: 00:02:51 / 00:22:10 (13%) A-V:  0.175 ct:  7.846 Dropped: 4 Cache: 861s/500MB
AV: 00:02:51 / 00:22:10 (13%) A-V:  0.172 ct:  7.849 Dropped: 4 Cache: 861s/500MB
AV: 00:02:51 / 00:22:10 (13%) A-V:  0.169 ct:  7.852 Dropped: 4 Cache: 861s/500MB
AV: 00:02:51 / 00:22:10 (13%) A-V:  0.165 ct:  7.856 Dropped: 4 Cache: 861s/500MB
AV: 00:02:51 / 00:22:10 (13%) A-V:  0.162 ct:  7.859 Dropped: 4 Cache: 860s/500MB
AV: 00:02:51 / 00:22:10 (13%) A-V:  0.159 ct:  7.862 Dropped: 4 Cache: 860s/500MB
AV: 00:02:51 / 00:22:10 (13%) A-V:  0.155 ct:  7.866 Dropped: 4 Cache: 860s/500MB
AV: 00:02:51 / 00:22:10 (13%) A-V:  0.152 ct:  7.869 Dropped: 4 Cache: 860s/500MB
AV: 00:02:51 / 00:22:10 (13%) A-V:  0.149 ct:  7.872 Dropped: 4 Cache: 861s/500MB
AV: 00:02:51 / 00:22:10 (13%) A-V:  0.145 ct:  7.876 Dropped: 4 Cache: 861s/500MB
AV: 00:02:51 / 00:22:10 (13%) A-V:  0.142 ct:  7.879 Dropped: 4 Cache: 861s/500MB
AV: 00:02:51 / 00:22:10 (13%) A-V:  0.139 ct:  7.882 Dropped: 4 Cache: 861s/500MB
AV: 00:02:52 / 00:22:10 (13%) A-V:  0.000 ct: 10.015 Dropped: 48 Cache: 899s/500MB
AV: 00:02:51 / 00:22:10 (13%) A-V:  0.135 ct:  7.886 Dropped: 4 Cache: 861s/500MB
AV: 00:02:51 / 00:22:10 (13%) A-V:  0.132 ct:  7.889 Dropped: 4 Cache: 861s/500MB
AV: 00:02:51 / 00:22:10 (13%) A-V:  0.129 ct:  7.892 Dropped: 4 Cache: 861s/500MB
AV: 00:02:51 / 00:22:10 (13%) A-V:  0.125 ct:  7.896 Dropped: 4 Cache: 861s/500MB
AV: 00:02:51 / 00:22:10 (13%) A-V:  0.122 ct:  7.899 Dropped: 4 Cache: 861s/500MB
AV: 00:02:52 / 00:22:10 (13%) A-V:  0.119 ct:  7.902 Dropped: 4 Cache: 861s/500MB
AV: 00:02:52 / 00:22:10 (13%) A-V:  0.115 ct:  7.906 Dropped: 4 Cache: 861s/500MB
AV: 00:02:52 / 00:22:10 (13%) A-V:  0.112 ct:  7.909 Dropped: 4 Cache: 861s/500MB
AV: 00:02:52 / 00:22:10 (13%) A-V:  0.109 ct:  7.912 Dropped: 4 Cache: 861s/500MB
AO: [pipewire] 44100Hz stereo 2ch floatp
AV: 00:02:51 / 00:22:10 (13%) A-V:  0.000 Dropped: 11 Cache: 865s/500MB
AV: 00:02:51 / 00:22:10 (13%) A-V:  0.200 Dropped: 11 Cache: 865s/500MB
AV: 00:02:52 / 00:22:10 (13%) A-V:  0.105 ct:  7.916 Dropped: 4 Cache: 861s/500MB
AV: 00:02:51 / 00:22:10 (13%) A-V:  0.000 Dropped: 12 Cache: 865s/500MB
AV: 00:02:52 / 00:22:10 (13%) A-V:  0.102 ct:  7.919 Dropped: 4 Cache: 861s/500MB
AV: 00:02:52 / 00:22:10 (13%) A-V:  0.000 Dropped: 2 Cache: 856s/500MB
AV: 00:02:52 / 00:22:10 (13%) A-V:  0.099 ct:  7.922 Dropped: 4 Cache: 861s/500MB
AV: 00:02:52 / 00:22:10 (13%) A-V:  0.095 ct:  7.926 Dropped: 4 Cache: 861s/500MB
AV: 00:02:52 / 00:22:10 (13%) A-V:  0.092 ct:  7.929 Dropped: 4 Cache: 861s/500MB
AV: 00:02:52 / 00:22:10 (13%) A-V:  0.089 ct:  7.932 Dropped: 4 Cache: 861s/500MB
AV: 00:02:52 / 00:22:10 (13%) A-V:  0.085 ct:  7.936 Dropped: 4 Cache: 861s/500MB
Using hardware decoding (nvdec).
AV: 00:02:51 / 00:22:10 (13%) A-V:  0.000 Dropped: 12 Cache: 865s/500MB
AV: 00:02:52 / 00:22:10 (13%) A-V:  0.082 ct:  7.939 Dropped: 4 Cache: 861s/500MB
AV: 00:02:51 / 00:22:10 (13%) A-V:  0.012 Dropped: 12 Cache: 865s/500MB
VO: [gpu] 640x360 cuda[nv12]
AV: 00:02:51 / 00:22:10 (13%) A-V:  0.012 Dropped: 12 Cache: 865s/500MB
AV: 00:02:52 / 00:22:10 (13%) A-V:  0.079 ct:  7.942 Dropped: 4 Cache: 861s/500MB
AV: 00:02:51 / 00:22:10 (13%) A-V:  0.028 Cache: 865s/500MB
AV: 00:02:52 / 00:22:10 (13%) A-V:  0.000 Cache: 865s/500MB
[dbx] New chapter 14 
AV: 00:02:52 / 00:22:10 (13%) A-V:  0.000 Cache: 865s/500MB
[dbx] Metadata  
AV: 00:02:52 / 00:22:10 (13%) A-V:  0.000 Cache: 865s/500MB
[dbx] chapter time is  172 
AV: 00:02:52 / 00:22:10 (13%) A-V:  0.000 Cache: 865s/500MB
[dbx] Chapter Length is  18 
AV: 00:02:52 / 00:22:10 (13%) A-V:  0.000 Cache: 865s/500MB
[dbx] record_number was  15 
AV: 00:02:52 / 00:22:10 (13%) A-V:  0.000 Cache: 865s/500MB
AV: 00:02:52 / 00:22:10 (13%) A-V:  0.075 ct:  7.946 Dropped: 4 Cache: 861s/500MB
AV: 00:02:52 / 00:22:10 (13%) A-V:  0.000 Dropped: 2 Cache: 855s/500MB
AV: 00:02:52 / 00:22:10 (13%) A-V:  0.072 ct:  7.949 Dropped: 4 Cache: 861s/500MB
AV: 00:02:52 / 00:22:10 (13%) A-V:  0.069 ct:  7.952 Dropped: 4 Cache: 861s/500MB
AV: 00:02:52 / 00:22:10 (13%) A-V:  0.000 ct: 10.015 Dropped: 48 Cache: 898s/500MB
AV: 00:02:52 / 00:22:10 (13%) A-V:  0.065 ct:  7.956 Dropped: 4 Cache: 861s/500MB
AV: 00:02:52 / 00:22:10 (13%) A-V:  0.062 ct:  7.959 Dropped: 4 Cache: 861s/500MB
AV: 00:02:52 / 00:22:10 (13%) A-V:  0.059 ct:  7.962 Dropped: 4 Cache: 861s/500MB
AV: 00:02:52 / 00:22:10 (13%) A-V:  0.055 ct:  7.966 Dropped: 4 Cache: 861s/500MB
AV: 00:02:52 / 00:22:10 (13%) A-V:  0.052 ct:  7.969 Dropped: 4 Cache: 861s/500MB
AV: 00:02:52 / 00:22:10 (13%) A-V:  0.049 ct:  7.972 Dropped: 4 Cache: 861s/500MB
AV: 00:02:52 / 00:22:10 (13%) A-V:  0.045 ct:  7.976 Dropped: 4 Cache: 861s/500MB
AV: 00:02:52 / 00:22:10 (13%) A-V:  0.042 ct:  7.979 Dropped: 4 Cache: 861s/500MB
AV: 00:02:52 / 00:22:10 (13%) A-V:  0.038 ct:  7.983 Dropped: 4 Cache: 861s/500MB
AV: 00:02:52 / 00:22:10 (13%) A-V:  0.035 ct:  7.986 Dropped: 4 Cache: 861s/500MB
AV: 00:02:52 / 00:22:10 (13%) A-V:  0.032 ct:  7.989 Dropped: 4 Cache: 861s/500MB
AV: 00:02:52 / 00:22:10 (13%) A-V:  0.029 ct:  7.992 Dropped: 4 Cache: 861s/500MB
AV: 00:02:53 / 00:22:10 (13%) A-V:  0.000 ct: 10.015 Dropped: 48 Cache: 898s/500MB
AV: 00:02:52 / 00:22:10 (13%) A-V:  0.026 ct:  7.995 Dropped: 4 Cache: 861s/500MB
AV: 00:02:52 / 00:22:10 (13%) A-V:  0.023 ct:  7.998 Dropped: 4 Cache: 861s/500MB
AV: 00:02:53 / 00:22:10 (13%) A-V:  0.021 ct:  8.000 Dropped: 4 Cache: 861s/500MB
AV: 00:02:53 / 00:22:10 (13%) A-V:  0.019 ct:  8.002 Dropped: 4 Cache: 861s/500MB
AV: 00:02:52 / 00:22:10 (13%) A-V:  0.000 Cache: 864s/500MB
AV: 00:02:53 / 00:22:10 (13%) A-V:  0.017 ct:  8.004 Dropped: 4 Cache: 861s/500MB
AV: 00:02:53 / 00:22:10 (13%) A-V:  0.015 ct:  8.006 Dropped: 4 Cache: 861s/500MB
AV: 00:02:53 / 00:22:10 (13%) A-V:  0.014 ct:  8.007 Dropped: 4 Cache: 861s/500MB
AV: 00:02:53 / 00:22:10 (13%) A-V:  0.012 ct:  8.009 Dropped: 4 Cache: 861s/500MB
AV: 00:02:53 / 00:22:10 (13%) A-V:  0.011 ct:  8.010 Dropped: 4 Cache: 861s/500MB
AV: 00:02:53 / 00:22:10 (13%) A-V:  0.010 ct:  8.011 Dropped: 4 Cache: 861s/500MB
AV: 00:02:53 / 00:22:10 (13%) A-V:  0.009 ct:  8.012 Dropped: 4 Cache: 861s/500MB
AV: 00:02:53 / 00:22:10 (13%) A-V:  0.000 Dropped: 2 Cache: 855s/500MB
AV: 00:02:53 / 00:22:10 (13%) A-V:  0.008 ct:  8.013 Dropped: 4 Cache: 861s/500MB
AV: 00:02:53 / 00:22:10 (13%) A-V:  0.007 ct:  8.014 Dropped: 4 Cache: 861s/500MB
AV: 00:02:53 / 00:22:10 (13%) A-V:  0.006 ct:  8.015 Dropped: 4 Cache: 861s/500MB
AV: 00:02:53 / 00:22:10 (13%) A-V:  0.005 ct:  8.016 Dropped: 4 Cache: 861s/500MB
AV: 00:02:53 / 00:22:10 (13%) A-V:  0.000 Cache: 864s/500MB
AV: 00:02:53 / 00:22:10 (13%) A-V:  0.004 ct:  8.017 Dropped: 4 Cache: 861s/500MB
AV: 00:02:53 / 00:22:10 (13%) A-V:  0.000 Dropped: 2 Cache: 854s/500MB
AV: 00:02:53 / 00:22:10 (13%) A-V:  0.000 ct: 10.015 Dropped: 48 Cache: 897s/500MB
AV: 00:02:53 / 00:22:10 (13%) A-V:  0.004 ct:  8.018 Dropped: 4 Cache: 861s/500MB
AV: 00:02:53 / 00:22:10 (13%) A-V:  0.003 ct:  8.018 Dropped: 4 Cache: 861s/500MB
AV: 00:02:53 / 00:22:10 (13%) A-V:  0.002 ct:  8.019 Dropped: 4 Cache: 861s/500MB
AV: 00:02:53 / 00:22:10 (13%) A-V:  0.002 ct:  8.020 Dropped: 4 Cache: 861s/500MB
AV: 00:02:53 / 00:22:10 (13%) A-V:  0.001 ct:  8.020 Dropped: 4 Cache: 861s/500MB
Using hardware decoding (nvdec).
AV: 00:02:53 / 00:22:10 (13%) A-V:  0.000 ct: 10.015 Dropped: 48 Cache: 897s/500MB
AV: 00:02:54 / 00:22:10 (13%) A-V:  0.001 ct:  8.020 Dropped: 4 Cache: 861s/500MB
AV: 00:02:53 / 00:22:10 (13%) A-V:  0.077 ct: 10.015 Dropped: 48 Cache: 897s/500MB
VO: [gpu] 1920x1080 cuda[nv12]
AV: 00:02:53 / 00:22:10 (13%) A-V:  0.077 ct: 10.015 Dropped: 48 Cache: 897s/500MB
AV: 00:02:53 / 00:22:10 (13%) A-V:  0.099 ct: 10.015 Cache: 897s/500MB
AV: 00:02:54 / 00:22:10 (13%) A-V:  0.066 ct: 10.015 Cache: 897s/500MB
AV: 00:02:54 / 00:22:10 (13%) A-V:  0.034 ct: 10.015 Dropped: 1 Cache: 897s/500MB
AV: 00:02:54 / 00:22:10 (13%) A-V:  0.002 ct: 10.015 Dropped: 2 Cache: 897s/500MB
[dbx] New chapter 15 
AV: 00:02:54 / 00:22:10 (13%) A-V:  0.002 ct: 10.015 Dropped: 2 Cache: 897s/500MB
[dbx] Metadata  
AV: 00:02:54 / 00:22:10 (13%) A-V:  0.002 ct: 10.015 Dropped: 2 Cache: 897s/500MB
[dbx] chapter time is  174 
AV: 00:02:54 / 00:22:10 (13%) A-V:  0.002 ct: 10.015 Dropped: 2 Cache: 897s/500MB
[dbx] Chapter Length is  11 
AV: 00:02:54 / 00:22:10 (13%) A-V:  0.002 ct: 10.015 Dropped: 2 Cache: 897s/500MB
[dbx] record_number was  16 
AV: 00:02:54 / 00:22:10 (13%) A-V:  0.002 ct: 10.015 Dropped: 2 Cache: 897s/500MB
AV: 00:02:54 / 00:22:10 (13%) A-V:  0.000 ct: 10.015 Dropped: 2 Cache: 897s/500MB
AV: 00:02:53 / 00:22:10 (13%) A-V:  0.000 Cache: 863s/500MB
AO: [pipewire] 44100Hz stereo 2ch floatp
AV: 00:02:53 / 00:22:10 (13%) A-V:  0.000 Dropped: 2 Cache: 854s/500MB
AV: 00:02:53 / 00:22:10 (13%) A-V:  0.167 Dropped: 2 Cache: 854s/500MB
AV: 00:02:53 / 00:22:10 (13%) A-V:  0.133 Dropped: 3 Cache: 854s/500MB
AV: 00:02:53 / 00:22:10 (13%) A-V:  0.100 Dropped: 4 Cache: 854s/500MB
AV: 00:02:53 / 00:22:10 (13%) A-V:  0.067 Dropped: 5 Cache: 854s/500MB
Using hardware decoding (nvdec).
AV: 00:02:53 / 00:22:10 (13%) A-V:  0.067 Dropped: 5 Cache: 854s/500MB
AV: 00:02:53 / 00:22:10 (13%) A-V:  0.067 Dropped: 6 Cache: 854s/500MB
AV: 00:02:54 / 00:22:10 (13%) A-V:  0.000 ct:  8.021 Dropped: 4 Cache: 861s/500MB
AV: 00:02:53 / 00:22:10 (13%) A-V:  0.000 Dropped: 6 Cache: 854s/500MB
VO: [gpu] 1280x720 cuda[nv12]
AV: 00:02:53 / 00:22:10 (13%) A-V:  0.000 Dropped: 6 Cache: 854s/500MB
AV: 00:02:53 / 00:22:10 (13%) A-V:  0.000 Cache: 854s/500MB
AV: 00:02:54 / 00:22:10 (13%) A-V:  0.000 Cache: 854s/500MB
[dbx] New chapter 13 
AV: 00:02:54 / 00:22:10 (13%) A-V:  0.000 Cache: 854s/500MB
[dbx] Metadata  
AV: 00:02:54 / 00:22:10 (13%) A-V:  0.000 Cache: 854s/500MB
[dbx] chapter time is  174 
AV: 00:02:54 / 00:22:10 (13%) A-V:  0.000 Cache: 854s/500MB
[dbx] Chapter Length is  15 
AV: 00:02:54 / 00:22:10 (13%) A-V:  0.000 Cache: 854s/500MB
[dbx] record_number was  14 
AV: 00:02:54 / 00:22:10 (13%) A-V:  0.000 Cache: 854s/500MB
AV: 00:02:54 / 00:22:10 (13%) A-V:  0.000 Cache: 863s/500MB
AV: 00:02:54 / 00:22:10 (13%) A-V:  0.000 ct: 10.015 Dropped: 2 Cache: 896s/500MB
AV: 00:02:54 / 00:22:10 (13%) A-V:  0.000 ct:  8.021 Dropped: 4 Cache: 860s/500MB
AV: 00:02:54 / 00:22:10 (13%) A-V:  0.000 Cache: 853s/500MB
AV: 00:02:55 / 00:22:10 (13%) A-V:  0.000 ct: 10.015 Dropped: 2 Cache: 896s/500MB
AV: 00:02:55 / 00:22:10 (13%) A-V:  0.000 ct:  8.021 Dropped: 4 Cache: 860s/500MB
AV: 00:02:54 / 00:22:10 (13%) A-V:  0.000 Cache: 862s/500MB
AV: 00:02:55 / 00:22:10 (13%) A-V:  0.000 Cache: 853s/500MB
AV: 00:02:55 / 00:22:10 (13%) A-V:  0.000 Cache: 862s/500MB
AV: 00:02:55 / 00:22:10 (13%) A-V:  0.000 ct: 10.015 Dropped: 2 Cache: 895s/500MB
AV: 00:02:55 / 00:22:10 (13%) A-V:  0.000 ct:  8.021 Dropped: 4 Cache: 859s/500MB
AV: 00:02:56 / 00:22:10 (13%) A-V:  0.000 ct: 10.015 Dropped: 2 Cache: 895s/499MB
AV: 00:02:56 / 00:22:10 (13%) A-V:  0.000 ct: 10.015 Dropped: 2 Cache: 895s/500MB
AV: 00:02:56 / 00:22:10 (13%) A-V:  0.000 ct:  8.021 Dropped: 4 Cache: 859s/500MB
AV: 00:02:55 / 00:22:10 (13%) A-V:  0.000 Cache: 861s/500MB
AV: 00:02:55 / 00:22:10 (13%) A-V:  0.000 Cache: 852s/500MB
AV: 00:02:56 / 00:22:10 (13%) A-V:  0.000 Cache: 852s/500MB
AV: 00:02:56 / 00:22:10 (13%) A-V:  0.000 Cache: 861s/500MB
AV: 00:02:56 / 00:22:10 (13%) A-V:  0.000 ct:  8.021 Dropped: 4 Cache: 858s/500MB
AV: 00:02:56 / 00:22:10 (13%) A-V:  0.000 ct: 10.015 Dropped: 2 Cache: 894s/500MB
AV: 00:02:57 / 00:22:10 (13%) A-V:  0.000 ct: 10.015 Dropped: 2 Cache: 894s/500MB
AV: 00:02:57 / 00:22:10 (13%) A-V:  0.000 ct:  8.021 Dropped: 4 Cache: 858s/500MB
AV: 00:02:56 / 00:22:10 (13%) A-V:  0.000 Cache: 860s/500MB
AV: 00:02:56 / 00:22:10 (13%) A-V:  0.000 Cache: 851s/500MB
AV: 00:02:57 / 00:22:10 (13%) A-V:  0.000 Cache: 851s/500MB
AV: 00:02:57 / 00:22:10 (13%) A-V:  0.000 Cache: 860s/500MB
AV: 00:02:57 / 00:22:10 (13%) A-V:  0.000 ct:  8.021 Dropped: 4 Cache: 857s/500MB
AV: 00:02:58 / 00:22:10 (13%) A-V:  0.000 ct: 10.015 Dropped: 2 Cache: 894s/500MB
AV: 00:02:58 / 00:22:10 (13%) A-V:  0.000 ct:  8.021 Dropped: 4 Cache: 857s/500MB
AV: 00:02:57 / 00:22:10 (13%) A-V:  0.000 Cache: 859s/500MB
AV: 00:02:58 / 00:22:10 (13%) A-V:  0.000 ct: 10.015 Dropped: 2 Cache: 893s/500MB
AV: 00:02:58 / 00:22:10 (13%) A-V:  0.000 Cache: 851s/500MB
AV: 00:02:58 / 00:22:10 (13%) A-V:  0.000 Cache: 859s/500MB
AV: 00:02:58 / 00:22:10 (13%) A-V:  0.000 Cache: 850s/500MB
AV: 00:02:58 / 00:22:10 (13%) A-V:  0.000 ct:  8.021 Dropped: 4 Cache: 856s/500MB
AV: 00:02:59 / 00:22:10 (13%) A-V:  0.000 ct: 10.015 Dropped: 2 Cache: 893s/500MB
AV: 00:02:59 / 00:22:10 (13%) A-V:  0.000 ct:  8.021 Dropped: 4 Cache: 856s/500MB
AV: 00:02:58 / 00:22:10 (13%) A-V:  0.000 Cache: 858s/500MB
AV: 00:02:59 / 00:22:10 (13%) A-V:  0.000 Cache: 850s/500MB
AV: 00:02:59 / 00:22:10 (13%) A-V:  0.000 ct: 10.015 Dropped: 2 Cache: 892s/500MB
AV: 00:02:59 / 00:22:10 (13%) A-V:  0.000 Cache: 858s/500MB
AV: 00:02:59 / 00:22:10 (14%) A-V:  0.000 ct: 10.015 Dropped: 2 Cache: 892s/500MB
AV: 00:02:59 / 00:22:10 (14%) A-V:  0.000 ct:  8.021 Dropped: 4 Cache: 856s/500MB
AV: 00:02:59 / 00:22:10 (14%) A-V:  0.000 ct:  8.021 Dropped: 4 Cache: 855s/500MB
AV: 00:02:59 / 00:22:10 (13%) A-V:  0.000 Cache: 849s/500MB
AV: 00:02:59 / 00:22:10 (14%) A-V:  0.000 Cache: 849s/500MB
AV: 00:03:00 / 00:22:10 (14%) A-V:  0.000 ct: 10.015 Dropped: 2 Cache: 892s/500MB
AV: 00:03:00 / 00:22:10 (14%) A-V:  0.000 ct:  8.021 Dropped: 4 Cache: 855s/500MB
AV: 00:02:59 / 00:22:10 (14%) A-V:  0.000 Cache: 858s/500MB
AV: 00:02:59 / 00:22:10 (14%) A-V:  0.000 Cache: 857s/500MB
AV: 00:03:00 / 00:22:10 (14%) A-V:  0.000 Cache: 849s/500MB
AV: 00:03:00 / 00:22:10 (14%) A-V:  0.000 Cache: 857s/500MB
AV: 00:03:00 / 00:22:10 (14%) A-V:  0.000 ct:  8.021 Dropped: 4 Cache: 854s/500MB
AV: 00:03:00 / 00:22:10 (14%) A-V:  0.000 ct: 10.015 Dropped: 2 Cache: 891s/500MB
AV: 00:03:00 / 00:22:10 (14%) A-V:  0.000 Cache: 848s/500MB
AV: 00:03:01 / 00:22:10 (14%) A-V:  0.000 ct: 10.015 Dropped: 2 Cache: 891s/500MB
AV: 00:03:01 / 00:22:10 (14%) A-V:  0.000 ct:  8.021 Dropped: 4 Cache: 854s/500MB
AV: 00:03:00 / 00:22:10 (14%) A-V:  0.000 Cache: 856s/500MB
AV: 00:03:01 / 00:22:10 (14%) A-V:  0.000 Cache: 848s/500MB
AV: 00:03:01 / 00:22:10 (14%) A-V:  0.000 Cache: 856s/500MB
AV: 00:03:01 / 00:22:10 (14%) A-V:  0.000 ct:  8.021 Dropped: 4 Cache: 853s/500MB
AV: 00:03:02 / 00:22:10 (14%) A-V:  0.000 ct:  8.021 Dropped: 4 Cache: 853s/500MB
AV: 00:03:02 / 00:22:10 (14%) A-V:  0.000 ct: 10.015 Dropped: 2 Cache: 891s/500MB
AV: 00:03:02 / 00:22:10 (14%) A-V:  0.000 ct: 10.015 Dropped: 2 Cache: 890s/500MB
AV: 00:03:01 / 00:22:10 (14%) A-V:  0.000 Cache: 847s/500MB
AV: 00:03:02 / 00:22:10 (14%) A-V:  0.000 Cache: 847s/500MB
AV: 00:03:01 / 00:22:10 (14%) A-V:  0.000 Cache: 855s/500MB
AV: 00:03:02 / 00:22:10 (14%) A-V:  0.000 Cache: 855s/500MB
AV: 00:03:02 / 00:22:10 (14%) A-V:  0.000 ct:  8.021 Dropped: 4 Cache: 852s/500MB
AV: 00:03:03 / 00:22:10 (14%) A-V:  0.000 ct: 10.015 Dropped: 2 Cache: 890s/500MB
AV: 00:03:03 / 00:22:10 (14%) A-V:  0.000 ct:  8.021 Dropped: 4 Cache: 852s/500MB
AV: 00:03:03 / 00:22:10 (14%) A-V:  0.000 ct: 10.015 Dropped: 2 Cache: 889s/500MB
AV: 00:03:02 / 00:22:10 (14%) A-V:  0.000 Cache: 846s/500MB
AV: 00:03:03 / 00:22:10 (14%) A-V:  0.000 Cache: 846s/500MB
AV: 00:03:03 / 00:22:10 (14%) A-V:  0.000 Cache: 855s/500MB
AO: [pipewire] 48000Hz stereo 2ch floatp
AV: 00:03:03 / 00:22:10 (14%) A-V:  0.000 ct:  8.021 Dropped: 4 Cache: 852s/500MB
AV: 00:03:03 / 00:22:10 (14%) A-V:  0.164 ct:  8.021 Dropped: 4 Cache: 852s/500MB
AV: 00:03:03 / 00:22:10 (14%) A-V:  0.131 ct:  8.021 Dropped: 5 Cache: 851s/500MB
AV: 00:03:03 / 00:22:10 (14%) A-V:  0.097 ct:  8.021 Dropped: 6 Cache: 851s/500MB
AV: 00:03:03 / 00:22:10 (14%) A-V:  0.064 ct:  8.021 Dropped: 7 Cache: 851s/500MB
Using hardware decoding (nvdec).
AV: 00:03:03 / 00:22:10 (14%) A-V:  0.064 ct:  8.021 Dropped: 7 Cache: 851s/500MB
AV: 00:03:03 / 00:22:10 (14%) A-V:  0.064 ct:  8.021 Dropped: 8 Cache: 851s/500MB
AV: 00:03:03 / 00:22:10 (14%) A-V:  0.000 ct:  8.021 Dropped: 8 Cache: 851s/500MB
AV: 00:03:04 / 00:22:10 (14%) A-V:  0.000 ct: 10.015 Dropped: 2 Cache: 889s/500MB
VO: [gpu] 3840x2160 cuda[nv12]
AV: 00:03:03 / 00:22:10 (14%) A-V:  0.000 ct:  8.021 Dropped: 8 Cache: 851s/500MB
AV: 00:03:03 / 00:22:10 (14%) A-V:  0.004 ct:  8.021 Cache: 851s/500MB
AV: 00:03:04 / 00:22:10 (14%) A-V:  0.000 ct:  8.021 Cache: 851s/500MB
[dbx] New chapter 13 
AV: 00:03:04 / 00:22:10 (14%) A-V:  0.000 ct:  8.021 Cache: 851s/500MB
[dbx] Metadata  
AV: 00:03:04 / 00:22:10 (14%) A-V:  0.000 ct:  8.021 Cache: 851s/500MB
[dbx] chapter time is  184 
AV: 00:03:04 / 00:22:10 (14%) A-V:  0.000 ct:  8.021 Cache: 851s/500MB
[dbx] Chapter Length is  15 
AV: 00:03:04 / 00:22:10 (14%) A-V:  0.000 ct:  8.021 Cache: 851s/500MB
[dbx] record_number was  14 
AV: 00:03:04 / 00:22:10 (14%) A-V:  0.000 ct:  8.021 Cache: 851s/500MB
AV: 00:03:03 / 00:22:10 (14%) A-V:  0.000 Cache: 854s/500MB
AV: 00:03:04 / 00:22:10 (14%) A-V:  0.000 Cache: 846s/500MB
AV: 00:03:04 / 00:22:10 (14%) A-V:  0.000 Cache: 845s/500MB
AV: 00:03:04 / 00:22:10 (14%) A-V:  0.000 Cache: 854s/500MB
AV: 00:03:04 / 00:22:10 (14%) A-V:  0.000 ct: 10.015 Dropped: 2 Cache: 888s/500MB
AV: 00:03:04 / 00:22:10 (14%) A-V:  0.000 ct:  8.021 Cache: 850s/500MB
AV: 00:03:05 / 00:22:10 (14%) A-V:  0.000 ct: 10.015 Dropped: 2 Cache: 888s/500MB
AV: 00:03:05 / 00:22:10 (14%) A-V:  0.000 ct:  8.021 Cache: 850s/500MB
AV: 00:03:04 / 00:22:10 (14%) A-V:  0.000 Cache: 855s/500MB
AO: [pipewire] 48000Hz stereo 2ch floatp
AV: 00:03:04 / 00:22:10 (14%) A-V:  0.000 Cache: 855s/500MB
AV: 00:03:04 / 00:22:10 (14%) A-V:  0.169 Cache: 855s/500MB
AV: 00:03:04 / 00:22:10 (14%) A-V:  0.136 Dropped: 1 Cache: 855s/500MB
AV: 00:03:04 / 00:22:10 (14%) A-V:  0.103 Dropped: 2 Cache: 855s/500MB
AV: 00:03:04 / 00:22:10 (14%) A-V:  0.069 Dropped: 3 Cache: 855s/500MB
AV: 00:03:04 / 00:22:10 (14%) A-V:  0.036 Dropped: 4 Cache: 855s/500MB
Using hardware decoding (nvdec).
AV: 00:03:04 / 00:22:10 (14%) A-V:  0.036 Dropped: 4 Cache: 855s/500MB
AV: 00:03:05 / 00:22:10 (14%) A-V:  0.000 Cache: 845s/500MB
AV: 00:03:04 / 00:22:10 (14%) A-V:  0.036 Dropped: 5 Cache: 859s/500MB
AV: 00:03:04 / 00:22:10 (14%) A-V:  0.000 Dropped: 5 Cache: 859s/500MB
VO: [gpu] 1920x1080 cuda[nv12]
AV: 00:03:04 / 00:22:10 (14%) A-V:  0.000 Dropped: 5 Cache: 859s/500MB
AV: 00:03:05 / 00:22:10 (14%) A-V:  0.000 ct:  8.021 Cache: 851s/500MB
AV: 00:03:04 / 00:22:10 (14%) A-V:  0.019 Cache: 859s/500MB
AV: 00:03:05 / 00:22:10 (14%) A-V:  0.000 Cache: 859s/500MB
AV: 00:03:05 / 00:22:10 (14%) A-V:  0.000 Cache: 860s/500MB
[dbx] New chapter 15 
AV: 00:03:05 / 00:22:10 (14%) A-V:  0.000 Cache: 860s/500MB
[dbx] Metadata  
AV: 00:03:05 / 00:22:10 (14%) A-V:  0.000 Cache: 860s/500MB
[dbx] chapter time is  185 
AV: 00:03:05 / 00:22:10 (14%) A-V:  0.000 Cache: 860s/500MB
[dbx] Chapter Length is  13 
AV: 00:03:05 / 00:22:10 (14%) A-V:  0.000 Cache: 860s/500MB
[dbx] record_number was  16 
AV: 00:03:05 / 00:22:10 (14%) A-V:  0.000 Cache: 860s/500MB
AV: 00:03:05 / 00:22:10 (14%) A-V:  0.000 ct:  8.021 Cache: 850s/500MB
AV: 00:03:05 / 00:22:10 (14%) A-V:  0.000 Cache: 844s/500MB
AV: 00:03:05 / 00:22:10 (14%) A-V:  0.000 ct:  8.021 Cache: 851s/500MB
AV: 00:03:05 / 00:22:10 (14%) A-V:  0.000 ct:  8.021 Cache: 850s/500MB
AV: 00:03:05 / 00:22:10 (14%) A-V:  0.000 ct:  8.021 Cache: 851s/500MB
AV: 00:03:05 / 00:22:10 (14%) A-V:  0.000 ct: 10.015 Dropped: 2 Cache: 887s/500MB
Using hardware decoding (nvdec).
AV: 00:03:05 / 00:22:10 (14%) A-V:  0.000 ct: 10.015 Dropped: 2 Cache: 887s/500MB
AV: 00:03:05 / 00:22:10 (14%) A-V:  0.000 ct: 10.015 Dropped: 2 Cache: 888s/500MB
AV: 00:03:05 / 00:22:10 (14%) A-V:  0.057 ct: 10.015 Dropped: 2 Cache: 888s/500MB
VO: [gpu] 3840x2160 cuda[nv12]
AV: 00:03:05 / 00:22:10 (14%) A-V:  0.057 ct: 10.015 Dropped: 2 Cache: 888s/500MB
AV: 00:03:05 / 00:22:10 (14%) A-V:  0.047 ct: 10.015 Cache: 888s/500MB
AV: 00:03:06 / 00:22:10 (14%) A-V:  0.032 ct: 10.015 Cache: 888s/500MB
[dbx] New chapter 16 
AV: 00:03:06 / 00:22:10 (14%) A-V:  0.032 ct: 10.015 Cache: 888s/500MB
[dbx] Metadata  
AV: 00:03:06 / 00:22:10 (14%) A-V:  0.032 ct: 10.015 Cache: 888s/500MB
[dbx] chapter time is  186 
AV: 00:03:06 / 00:22:10 (14%) A-V:  0.032 ct: 10.015 Cache: 888s/500MB
[dbx] Chapter Length is  12 
AV: 00:03:06 / 00:22:10 (14%) A-V:  0.032 ct: 10.015 Cache: 888s/500MB
[dbx] record_number was  17 
AV: 00:03:06 / 00:22:10 (14%) A-V:  0.032 ct: 10.015 Cache: 888s/500MB
AV: 00:03:06 / 00:22:10 (14%) A-V:  0.000 ct:  8.021 Cache: 851s/500MB
AV: 00:03:06 / 00:22:10 (14%) A-V:  0.023 ct: 10.015 Dropped: 1 Cache: 888s/500MB
AV: 00:03:06 / 00:22:10 (14%) A-V:  0.010 ct: 10.015 Dropped: 2 Cache: 888s/500MB
AV: 00:03:06 / 00:22:10 (14%) A-V:  0.000 ct: 10.015 Dropped: 3 Cache: 888s/500MB
AV: 00:03:06 / 00:22:10 (14%) A-V:  0.000 Cache: 844s/500MB
AV: 00:03:05 / 00:22:10 (14%) A-V:  0.000 Cache: 861s/500MB
AV: 00:03:06 / 00:22:10 (14%) A-V:  0.000 Cache: 861s/500MB
AV: 00:03:06 / 00:22:10 (14%) A-V:  0.000 ct: 10.015 Dropped: 3 Cache: 889s/500MB
AV: 00:03:06 / 00:22:10 (14%) A-V:  0.000 Cache: 843s/500MB
AV: 00:03:07 / 00:22:10 (14%) A-V:  0.000 ct: 10.015 Dropped: 3 Cache: 889s/500MB
AV: 00:03:07 / 00:22:10 (14%) A-V:  0.000 ct: 10.015 Dropped: 3 Cache: 888s/500MB
AV: 00:03:07 / 00:22:10 (14%) A-V:  0.000 ct: 10.015 Dropped: 3 Cache: 889s/500MB
AV: 00:03:07 / 00:22:10 (14%) A-V:  0.000 ct:  8.021 Cache: 851s/500MB
AV: 00:03:07 / 00:22:10 (14%) A-V:  0.000 ct: 10.015 Dropped: 3 Cache: 888s/500MB
AV: 00:03:07 / 00:22:10 (14%) A-V:  0.000 ct: 10.015 Dropped: 3 Cache: 889s/500MB
AV: 00:03:07 / 00:22:10 (14%) A-V:  0.000 Cache: 843s/500MB
AV: 00:03:07 / 00:22:10 (14%) A-V:  0.000 Cache: 861s/500MB
AV: 00:03:07 / 00:22:10 (14%) A-V:  0.000 ct:  8.021 Cache: 852s/500MB
AV: 00:03:07 / 00:22:10 (14%) A-V:  0.000 Cache: 842s/500MB
AV: 00:03:08 / 00:22:10 (14%) A-V:  0.000 ct: 10.015 Dropped: 3 Cache: 889s/500MB
AV: 00:03:08 / 00:22:10 (14%) A-V:  0.000 ct:  8.021 Cache: 852s/500MB
AV: 00:03:08 / 00:22:10 (14%) A-V:  0.000 Cache: 842s/500MB
AV: 00:03:08 / 00:22:10 (14%) A-V:  0.000 Cache: 861s/500MB
AV: 00:03:09 / 00:22:10 (14%) A-V:  0.000 ct: 10.015 Dropped: 3 Cache: 889s/500MB
AV: 00:03:09 / 00:22:10 (14%) A-V:  0.000 ct:  8.021 Cache: 852s/500MB
Using hardware decoding (nvdec).
AV: 00:03:08 / 00:22:10 (14%) A-V:  0.000 Cache: 842s/500MB
VO: [gpu] 640x360 cuda[nv12]
AV: 00:03:08 / 00:22:10 (14%) A-V:  0.000 Cache: 842s/500MB
AV: 00:03:09 / 00:22:10 (14%) A-V:  0.000 Cache: 842s/500MB
[dbx] New chapter 14 
AV: 00:03:09 / 00:22:10 (14%) A-V:  0.000 Cache: 842s/500MB
[dbx] Metadata  
AV: 00:03:09 / 00:22:10 (14%) A-V:  0.000 Cache: 842s/500MB
[dbx] chapter time is  189 
AV: 00:03:09 / 00:22:10 (14%) A-V:  0.000 Cache: 842s/500MB
[dbx] Chapter Length is  15 
AV: 00:03:09 / 00:22:10 (14%) A-V:  0.000 Cache: 842s/500MB
[dbx] record_number was  15 
AV: 00:03:09 / 00:22:10 (14%) A-V:  0.000 Cache: 842s/500MB
AV: 00:03:09 / 00:22:10 (14%) A-V:  0.000 Cache: 861s/500MB
AV: 00:03:09 / 00:22:10 (14%) A-V:  0.000 Cache: 841s/500MB
AV: 00:03:09 / 00:22:10 (14%) A-V:  0.000 ct:  8.021 Cache: 853s/500MB
AV: 00:03:10 / 00:22:10 (14%) A-V:  0.000 ct: 10.015 Dropped: 3 Cache: 889s/500MB
AV: 00:03:10 / 00:22:10 (14%) A-V:  0.000 ct:  8.021 Cache: 853s/500MB
AV: 00:03:10 / 00:22:10 (14%) A-V:  0.000 ct: 10.015 Dropped: 3 Cache: 890s/500MB
AV: 00:03:10 / 00:22:10 (14%) A-V:  0.000 ct: 10.015 Dropped: 3 Cache: 889s/500MB
AV: 00:03:10 / 00:22:10 (14%) A-V:  0.000 Cache: 841s/500MB
AV: 00:03:10 / 00:22:10 (14%) A-V:  0.000 ct: 10.015 Dropped: 3 Cache: 890s/500MB
AV: 00:03:10 / 00:22:10 (14%) A-V:  0.000 Cache: 861s/500MB
AV: 00:03:10 / 00:22:10 (14%) A-V:  0.000 Cache: 840s/500MB
AV: 00:03:10 / 00:22:10 (14%) A-V:  0.004 ct: 10.015 Dropped: 4 Cache: 890s/500MB
AV: 00:03:10 / 00:22:10 (14%) A-V:  0.000 ct: 10.015 Dropped: 4 Cache: 890s/500MB
AV: 00:03:10 / 00:22:10 (14%) A-V:  0.001 ct:  8.021 Dropped: 1 Cache: 853s/500MB
AV: 00:03:10 / 00:22:10 (14%) A-V:  0.000 ct:  8.021 Dropped: 1 Cache: 853s/500MB
AV: 00:03:10 / 00:22:10 (14%) A-V:  0.004 ct: 10.015 Dropped: 5 Cache: 890s/500MB
AV: 00:03:10 / 00:22:10 (14%) A-V:  0.000 ct: 10.015 Dropped: 5 Cache: 890s/500MB
AV: 00:03:11 / 00:22:10 (14%) A-V:  0.000 ct: 10.015 Dropped: 5 Cache: 890s/500MB
AV: 00:03:11 / 00:22:10 (14%) A-V:  0.000 ct:  8.021 Dropped: 1 Cache: 853s/500MB
AV: 00:03:11 / 00:22:10 (14%) A-V:  0.001 ct:  8.021 Dropped: 1 Cache: 853s/500MB
AV: 00:03:11 / 00:22:10 (14%) A-V:  0.000 ct:  8.021 Dropped: 2 Cache: 853s/500MB
AV: 00:03:10 / 00:22:10 (14%) A-V:  0.000 Cache: 862s/500MB
AV: 00:03:11 / 00:22:10 (14%) A-V:  0.000 ct:  8.021 Dropped: 2 Cache: 854s/500MB
AV: 00:03:11 / 00:22:10 (14%) A-V:  0.000 ct:  8.021 Dropped: 2 Cache: 853s/500MB
AV: 00:03:11 / 00:22:10 (14%) A-V:  0.000 Cache: 840s/500MB
AV: 00:03:11 / 00:22:10 (14%) A-V:  0.000 Cache: 862s/500MB
AV: 00:03:11 / 00:22:10 (14%) A-V:  0.000 ct:  8.021 Dropped: 2 Cache: 854s/500MB
AV: 00:03:11 / 00:22:10 (14%) A-V:  0.000 ct:  8.021 Dropped: 2 Cache: 853s/500MB
AV: 00:03:11 / 00:22:10 (14%) A-V:  0.000 ct:  8.021 Dropped: 2 Cache: 854s/500MB
AV: 00:03:11 / 00:22:10 (14%) A-V:  0.000 Cache: 839s/500MB
AV: 00:03:12 / 00:22:10 (14%) A-V:  0.000 ct: 10.015 Dropped: 5 Cache: 890s/500MB
AV: 00:03:12 / 00:22:10 (14%) A-V:  0.000 ct:  8.021 Dropped: 2 Cache: 854s/500MB
AV: 00:03:12 / 00:22:10 (14%) A-V:  0.000 Cache: 839s/500MB
AV: 00:03:12 / 00:22:10 (14%) A-V:  0.000 Cache: 862s/500MB
AV: 00:03:12 / 00:22:10 (15%) A-V:  0.000 ct: 10.015 Dropped: 5 Cache: 890s/500MB
AV: 00:03:12 / 00:22:10 (15%) A-V:  0.000 ct:  8.021 Dropped: 2 Cache: 854s/500MB
AV: 00:03:12 / 00:22:10 (14%) A-V:  0.000 Cache: 838s/500MB
AV: 00:03:13 / 00:22:10 (15%) A-V:  0.000 ct: 10.015 Dropped: 5 Cache: 890s/500MB
AV: 00:03:12 / 00:22:10 (15%) A-V:  0.000 ct:  8.021 Dropped: 2 Cache: 855s/500MB
AV: 00:03:13 / 00:22:10 (15%) A-V:  0.000 ct:  8.021 Dropped: 2 Cache: 855s/500MB
AV: 00:03:12 / 00:22:10 (15%) A-V:  0.000 Cache: 838s/500MB
AV: 00:03:13 / 00:22:10 (15%) A-V:  0.000 Cache: 838s/500MB
AV: 00:03:12 / 00:22:10 (15%) A-V:  0.000 Cache: 862s/500MB
AV: 00:03:13 / 00:22:10 (15%) A-V:  0.000 ct: 10.015 Dropped: 5 Cache: 891s/500MB
AV: 00:03:13 / 00:22:10 (15%) A-V:  0.000 ct: 10.015 Dropped: 5 Cache: 892s/500MB
AV: 00:03:13 / 00:22:10 (15%) A-V:  0.000 Cache: 862s/500MB
AV: 00:03:13 / 00:22:10 (15%) A-V:  0.000 ct: 10.015 Dropped: 5 Cache: 895s/500MB
AV: 00:03:13 / 00:22:10 (15%) A-V:  0.015 ct:  8.021 Dropped: 2 Cache: 855s/500MB
AV: 00:03:13 / 00:22:10 (15%) A-V:  0.017 ct:  8.021 Dropped: 3 Cache: 855s/500MB
AV: 00:03:13 / 00:22:10 (15%) A-V:  0.004 ct:  8.021 Dropped: 4 Cache: 855s/500MB
AV: 00:03:13 / 00:22:10 (15%) A-V:  0.000 ct:  8.021 Dropped: 4 Cache: 855s/500MB
AV: 00:03:14 / 00:22:10 (15%) A-V:  0.000 ct: 10.015 Dropped: 5 Cache: 895s/500MB
AV: 00:03:13 / 00:22:10 (15%) A-V:  0.000 Cache: 837s/500MB
AV: 00:03:14 / 00:22:10 (15%) A-V:  0.000 ct:  8.021 Dropped: 4 Cache: 855s/500MB
AV: 00:03:13 / 00:22:10 (15%) A-V:  0.000 Cache: 861s/500MB
AV: 00:03:14 / 00:22:10 (15%) A-V:  0.000 ct: 10.015 Dropped: 5 Cache: 896s/500MB
AV: 00:03:14 / 00:22:10 (15%) A-V:  0.000 Cache: 837s/500MB
AV: 00:03:14 / 00:22:10 (15%) A-V:  0.000 ct: 10.015 Dropped: 5 Cache: 897s/500MB
AV: 00:03:14 / 00:22:10 (15%) A-V:  0.000 Cache: 861s/500MB
AV: 00:03:14 / 00:22:10 (15%) A-V:  0.000 ct:  8.021 Dropped: 4 Cache: 856s/500MB
AV: 00:03:14 / 00:22:10 (15%) A-V:  0.000 ct:  8.021 Dropped: 4 Cache: 855s/500MB
AV: 00:03:14 / 00:22:10 (15%) A-V:  0.000 ct: 10.015 Dropped: 5 Cache: 898s/500MB
AV: 00:03:14 / 00:22:10 (15%) A-V:  0.000 ct: 10.015 Dropped: 5 Cache: 897s/500MB
AV: 00:03:14 / 00:22:10 (15%) A-V:  0.000 ct: 10.015 Dropped: 5 Cache: 898s/500MB
AV: 00:03:15 / 00:22:10 (15%) A-V:  0.000 ct: 10.015 Dropped: 5 Cache: 899s/500MB
AV: 00:03:15 / 00:22:10 (15%) A-V:  0.000 ct: 10.015 Dropped: 5 Cache: 900s/500MB
AV: 00:03:15 / 00:22:10 (15%) A-V:  0.000 ct:  8.021 Dropped: 4 Cache: 855s/500MB
AV: 00:03:14 / 00:22:10 (15%) A-V:  0.000 Cache: 860s/500MB
AV: 00:03:14 / 00:22:10 (15%) A-V:  0.000 Cache: 836s/500MB
AV: 00:03:15 / 00:22:10 (15%) A-V:  0.000 ct: 10.015 Dropped: 5 Cache: 901s/500MB
AV: 00:03:15 / 00:22:10 (15%) A-V:  0.000 ct: 10.015 Dropped: 5 Cache: 902s/500MB
AV: 00:03:15 / 00:22:10 (15%) A-V:  0.000 Cache: 836s/500MB
Using hardware decoding (nvdec).
AV: 00:03:14 / 00:22:10 (15%) A-V:  0.000 Cache: 860s/500MB
AV: 00:03:15 / 00:22:10 (15%) A-V:  0.000 ct: 10.015 Dropped: 5 Cache: 903s/500MB
AV: 00:03:14 / 00:22:10 (15%) A-V:  0.116 Cache: 860s/500MB
AV: 00:03:14 / 00:22:10 (15%) A-V:  0.085 Cache: 860s/500MB
AV: 00:03:15 / 00:22:10 (15%) A-V:  0.053 Dropped: 1 Cache: 860s/500MB
AV: 00:03:15 / 00:22:10 (15%) A-V:  0.020 Dropped: 2 Cache: 860s/500MB
AV: 00:03:15 / 00:22:10 (15%) A-V:  0.000 Dropped: 3 Cache: 860s/500MB
[dbx] New chapter 16 
AV: 00:03:15 / 00:22:10 (15%) A-V:  0.000 Dropped: 3 Cache: 860s/500MB
[dbx] Metadata  
AV: 00:03:15 / 00:22:10 (15%) A-V:  0.000 Dropped: 3 Cache: 860s/500MB
[dbx] chapter time is  195 
AV: 00:03:15 / 00:22:10 (15%) A-V:  0.000 Dropped: 3 Cache: 860s/500MB
[dbx] Chapter Length is  10 
AV: 00:03:15 / 00:22:10 (15%) A-V:  0.000 Dropped: 3 Cache: 860s/500MB
[dbx] record_number was  17 
AV: 00:03:15 / 00:22:10 (15%) A-V:  0.000 Dropped: 3 Cache: 860s/500MB
AV: 00:03:15 / 00:22:10 (15%) A-V:  0.000 ct:  8.021 Dropped: 4 Cache: 854s/500MB
AV: 00:03:15 / 00:22:10 (15%) A-V:  0.000 ct:  8.021 Dropped: 4 Cache: 855s/500MB
AV: 00:03:15 / 00:22:10 (15%) A-V:  0.000 ct:  8.021 Dropped: 4 Cache: 854s/500MB
AV: 00:03:16 / 00:22:10 (15%) A-V:  0.000 ct: 10.015 Dropped: 5 Cache: 903s/500MB
AV: 00:03:16 / 00:22:10 (15%) A-V:  0.000 ct:  8.021 Dropped: 4 Cache: 854s/500MB
AV: 00:03:15 / 00:22:10 (15%) A-V:  0.000 Dropped: 3 Cache: 859s/500MB
AV: 00:03:15 / 00:22:10 (15%) A-V:  0.000 Cache: 835s/500MB
AV: 00:03:16 / 00:22:10 (15%) A-V:  0.000 ct:  8.021 Dropped: 4 Cache: 855s/500MB
AV: 00:03:16 / 00:22:10 (15%) A-V:  0.000 ct: 10.015 Dropped: 5 Cache: 904s/500MB
AV: 00:03:16 / 00:22:10 (15%) A-V:  0.000 Cache: 835s/500MB
AV: 00:03:16 / 00:22:10 (15%) A-V:  0.000 ct:  8.021 Dropped: 4 Cache: 854s/500MB
AV: 00:03:16 / 00:22:10 (15%) A-V:  0.000 ct:  8.021 Dropped: 4 Cache: 855s/500MB
AV: 00:03:16 / 00:22:10 (15%) A-V:  0.000 ct: 10.015 Dropped: 5 Cache: 904s/499MB
AV: 00:03:16 / 00:22:10 (15%) A-V:  0.000 ct: 10.015 Dropped: 5 Cache: 904s/500MB
AV: 00:03:16 / 00:22:10 (15%) A-V:  0.000 Dropped: 3 Cache: 859s/500MB
AV: 00:03:16 / 00:22:10 (15%) A-V:  0.000 ct: 10.015 Dropped: 5 Cache: 905s/500MB
AV: 00:03:16 / 00:22:10 (15%) A-V:  0.002 ct: 10.015 Dropped: 6 Cache: 905s/500MB
AV: 00:03:16 / 00:22:10 (15%) A-V:  0.000 ct: 10.015 Dropped: 6 Cache: 905s/500MB
AV: 00:03:16 / 00:22:10 (15%) A-V:  0.000 ct:  8.021 Dropped: 4 Cache: 854s/500MB
AV: 00:03:16 / 00:22:10 (15%) A-V:  0.000 ct: 10.015 Dropped: 6 Cache: 906s/500MB
AV: 00:03:16 / 00:22:10 (15%) A-V:  0.000 ct:  8.021 Dropped: 4 Cache: 855s/500MB
AV: 00:03:16 / 00:22:10 (15%) A-V:  0.000 ct: 10.015 Dropped: 6 Cache: 907s/500MB
AV: 00:03:17 / 00:22:10 (15%) A-V:  0.000 ct: 10.015 Dropped: 6 Cache: 907s/500MB
AV: 00:03:17 / 00:22:10 (15%) A-V:  0.000 ct:  8.021 Dropped: 4 Cache: 855s/500MB
AV: 00:03:16 / 00:22:10 (15%) A-V:  0.000 Dropped: 3 Cache: 858s/500MB
AV: 00:03:17 / 00:22:10 (15%) A-V:  0.000 ct: 10.015 Dropped: 6 Cache: 909s/500MB
AV: 00:03:17 / 00:22:10 (15%) A-V:  0.000 Cache: 835s/500MB
AV: 00:03:17 / 00:22:10 (15%) A-V:  0.000 Cache: 834s/500MB
AV: 00:03:17 / 00:22:10 (15%) A-V:  0.000 ct: 10.015 Dropped: 6 Cache: 910s/500MB
AV: 00:03:17 / 00:22:10 (15%) A-V:  0.000 Dropped: 3 Cache: 858s/500MB
AV: 00:03:17 / 00:22:10 (15%) A-V:  0.000 ct: 10.015 Dropped: 6 Cache: 911s/500MB
AV: 00:03:17 / 00:22:10 (15%) A-V:  0.000 ct: 10.015 Dropped: 6 Cache: 912s/500MB
AV: 00:03:18 / 00:22:10 (15%) A-V:  0.000 ct: 10.015 Dropped: 6 Cache: 912s/500MB
AV: 00:03:18 / 00:22:10 (15%) A-V:  0.000 ct:  8.021 Dropped: 4 Cache: 855s/500MB
AV: 00:03:17 / 00:22:10 (15%) A-V:  0.000 Dropped: 3 Cache: 857s/500MB
AV: 00:03:18 / 00:22:10 (15%) A-V:  0.000 ct: 10.015 Dropped: 6 Cache: 913s/500MB
AV: 00:03:18 / 00:22:10 (15%) A-V:  0.000 Cache: 834s/500MB
AV: 00:03:18 / 00:22:10 (15%) A-V:  0.000 ct:  8.021 Dropped: 4 Cache: 855s/499MB
AV: 00:03:18 / 00:22:10 (15%) A-V:  0.000 ct:  8.021 Dropped: 4 Cache: 855s/500MB
AV: 00:03:18 / 00:22:10 (15%) A-V:  0.000 ct: 10.015 Dropped: 6 Cache: 914s/500MB
AV: 00:03:18 / 00:22:10 (15%) A-V:  0.000 Cache: 833s/500MB
AV: 00:03:18 / 00:22:10 (15%) A-V:  0.000 Dropped: 3 Cache: 857s/500MB
AV: 00:03:18 / 00:22:10 (15%) A-V:  0.000 ct: 10.015 Dropped: 6 Cache: 915s/500MB
AV: 00:03:18 / 00:22:10 (15%) A-V:  0.000 ct: 10.015 Dropped: 7 Cache: 915s/500MB
AV: 00:03:18 / 00:22:10 (15%) A-V:  0.016 ct: 10.015 Dropped: 8 Cache: 915s/500MB
AV: 00:03:18 / 00:22:10 (15%) A-V:  0.010 ct:  8.021 Dropped: 5 Cache: 855s/500MB
AV: 00:03:18 / 00:22:10 (15%) A-V:  0.001 ct: 10.015 Dropped: 9 Cache: 915s/500MB
AV: 00:03:18 / 00:22:10 (15%) A-V:  0.000 ct:  8.021 Dropped: 6 Cache: 855s/500MB
AV: 00:03:18 / 00:22:10 (15%) A-V:  0.000 ct: 10.015 Dropped: 9 Cache: 915s/500MB
AV: 00:03:19 / 00:22:10 (15%) A-V:  0.000 ct: 10.015 Dropped: 9 Cache: 915s/500MB
AV: 00:03:19 / 00:22:10 (15%) A-V:  0.000 ct:  8.021 Dropped: 6 Cache: 855s/500MB
AV: 00:03:18 / 00:22:10 (15%) A-V:  0.000 Dropped: 3 Cache: 856s/500MB
AV: 00:03:19 / 00:22:10 (15%) A-V:  0.006 ct: 10.015 Dropped: 9 Cache: 915s/500MB
AV: 00:03:19 / 00:22:10 (15%) A-V:  0.008 ct: 10.015 Dropped: 10 Cache: 915s/500MB
AV: 00:03:19 / 00:22:10 (15%) A-V:  0.000 ct: 10.015 Dropped: 10 Cache: 915s/499MB
AV: 00:03:19 / 00:22:10 (15%) A-V:  0.000 ct: 10.015 Dropped: 10 Cache: 915s/500MB
AV: 00:03:19 / 00:22:10 (15%) A-V:  0.000 Cache: 833s/500MB
AV: 00:03:19 / 00:22:10 (15%) A-V:  0.001 ct:  8.021 Dropped: 6 Cache: 855s/500MB
AV: 00:03:19 / 00:22:10 (15%) A-V:  0.000 ct:  8.021 Dropped: 7 Cache: 855s/500MB
AV: 00:03:19 / 00:22:10 (15%) A-V:  0.000 Cache: 832s/500MB
AV: 00:03:19 / 00:22:10 (15%) A-V:  0.000 Dropped: 3 Cache: 856s/500MB
AV: 00:03:19 / 00:22:10 (15%) A-V:  0.000 ct: 10.015 Dropped: 10 Cache: 916s/500MB
AV: 00:03:19 / 00:22:10 (15%) A-V:  0.000 ct: 10.015 Dropped: 10 Cache: 917s/500MB
AV: 00:03:19 / 00:22:10 (15%) A-V:  0.000 ct: 10.015 Dropped: 10 Cache: 918s/500MB
AV: 00:03:20 / 00:22:10 (15%) A-V:  0.000 ct: 10.015 Dropped: 10 Cache: 918s/500MB
Using hardware decoding (nvdec).
AV: 00:03:19 / 00:22:10 (15%) A-V:  0.000 ct:  8.021 Dropped: 7 Cache: 855s/500MB
AV: 00:03:19 / 00:22:10 (15%) A-V:  0.092 ct:  8.021 Dropped: 7 Cache: 856s/500MB
VO: [gpu] 1920x1080 cuda[nv12]
AV: 00:03:19 / 00:22:10 (15%) A-V:  0.092 ct:  8.021 Dropped: 7 Cache: 856s/500MB
AV: 00:03:19 / 00:22:10 (15%) A-V:  0.000 Dropped: 3 Cache: 855s/500MB
AV: 00:03:19 / 00:22:10 (15%) A-V:  0.114 ct:  8.021 Cache: 856s/500MB
AV: 00:03:20 / 00:22:10 (15%) A-V:  0.081 ct:  8.021 Cache: 856s/500MB
[dbx] New chapter 14 
AV: 00:03:20 / 00:22:10 (15%) A-V:  0.081 ct:  8.021 Cache: 856s/500MB
[dbx] Metadata  
AV: 00:03:20 / 00:22:10 (15%) A-V:  0.081 ct:  8.021 Cache: 856s/500MB
[dbx] chapter time is  200 
AV: 00:03:20 / 00:22:10 (15%) A-V:  0.081 ct:  8.021 Cache: 856s/500MB
[dbx] Chapter Length is  16 
AV: 00:03:20 / 00:22:10 (15%) A-V:  0.081 ct:  8.021 Cache: 856s/500MB
[dbx] record_number was  15 
AV: 00:03:20 / 00:22:10 (15%) A-V:  0.081 ct:  8.021 Cache: 856s/500MB
AV: 00:03:20 / 00:22:10 (15%) A-V:  0.049 ct:  8.021 Dropped: 1 Cache: 856s/500MB
AV: 00:03:20 / 00:22:10 (15%) A-V:  0.017 ct:  8.021 Dropped: 2 Cache: 856s/500MB
AV: 00:03:20 / 00:22:10 (15%) A-V:  0.000 ct:  8.021 Dropped: 3 Cache: 856s/500MB
AV: 00:03:20 / 00:22:10 (15%) A-V:  0.000 ct: 10.015 Dropped: 10 Cache: 919s/500MB
AV: 00:03:20 / 00:22:10 (15%) A-V:  0.000 ct:  8.021 Dropped: 3 Cache: 855s/500MB
AV: 00:03:20 / 00:22:10 (15%) A-V:  0.000 ct: 10.015 Dropped: 10 Cache: 920s/500MB
AV: 00:03:20 / 00:22:10 (15%) A-V:  0.000 Cache: 832s/500MB
AV: 00:03:20 / 00:22:10 (15%) A-V:  0.000 Dropped: 3 Cache: 855s/500MB
AV: 00:03:20 / 00:22:10 (15%) A-V:  0.000 Cache: 831s/500MB
AV: 00:03:20 / 00:22:10 (15%) A-V:  0.000 ct: 10.015 Dropped: 10 Cache: 921s/500MB
AV: 00:03:20 / 00:22:10 (15%) A-V:  0.000 ct: 10.015 Dropped: 10 Cache: 922s/500MB
AV: 00:03:20 / 00:22:10 (15%) A-V:  0.000 ct: 10.015 Dropped: 10 Cache: 921s/500MB
AV: 00:03:20 / 00:22:10 (15%) A-V:  0.000 ct: 10.015 Dropped: 10 Cache: 922s/500MB
AV: 00:03:21 / 00:22:10 (15%) A-V:  0.000 ct: 10.015 Dropped: 10 Cache: 923s/500MB
AV: 00:03:21 / 00:22:10 (15%) A-V:  0.000 ct:  8.021 Dropped: 3 Cache: 855s/500MB
AV: 00:03:20 / 00:22:10 (15%) A-V:  0.000 Dropped: 3 Cache: 854s/500MB
AV: 00:03:21 / 00:22:10 (15%) A-V:  0.000 ct: 10.015 Dropped: 10 Cache: 924s/500MB
AV: 00:03:21 / 00:22:10 (15%) A-V:  0.000 Cache: 831s/500MB
AV: 00:03:21 / 00:22:10 (15%) A-V:  0.000 ct:  8.021 Dropped: 3 Cache: 854s/500MB
AV: 00:03:21 / 00:22:10 (15%) A-V:  0.000 ct: 10.015 Dropped: 10 Cache: 925s/500MB
AV: 00:03:21 / 00:22:10 (15%) A-V:  0.000 Dropped: 3 Cache: 854s/500MB
AV: 00:03:21 / 00:22:10 (15%) A-V:  0.000 ct: 10.015 Dropped: 10 Cache: 924s/500MB
AV: 00:03:21 / 00:22:10 (15%) A-V:  0.000 Cache: 830s/500MB
AV: 00:03:21 / 00:22:10 (15%) A-V:  0.000 ct: 10.015 Dropped: 10 Cache: 925s/500MB
AV: 00:03:21 / 00:22:10 (15%) A-V:  0.000 ct: 10.015 Dropped: 10 Cache: 926s/500MB
AV: 00:03:22 / 00:22:10 (15%) A-V:  0.000 ct: 10.015 Dropped: 10 Cache: 926s/500MB
AV: 00:03:22 / 00:22:10 (15%) A-V:  0.000 ct:  8.021 Dropped: 3 Cache: 854s/500MB
AV: 00:03:22 / 00:22:10 (15%) A-V:  0.000 ct: 10.015 Dropped: 10 Cache: 927s/500MB
AV: 00:03:21 / 00:22:10 (15%) A-V:  0.000 Dropped: 3 Cache: 853s/500MB
AV: 00:03:22 / 00:22:10 (15%) A-V:  0.000 ct: 10.015 Dropped: 10 Cache: 928s/500MB
AV: 00:03:22 / 00:22:10 (15%) A-V:  0.000 Cache: 830s/500MB
AV: 00:03:22 / 00:22:10 (15%) A-V:  0.000 ct: 10.015 Dropped: 10 Cache: 929s/500MB
AV: 00:03:22 / 00:22:10 (15%) A-V:  0.000 Dropped: 3 Cache: 853s/500MB
AV: 00:03:22 / 00:22:10 (15%) A-V:  0.000 ct: 10.015 Dropped: 10 Cache: 930s/500MB
AV: 00:03:22 / 00:22:10 (15%) A-V:  0.000 ct:  8.021 Dropped: 3 Cache: 853s/500MB
AV: 00:03:22 / 00:22:10 (15%) A-V:  0.000 Cache: 829s/500MB
AV: 00:03:22 / 00:22:10 (15%) A-V:  0.000 ct: 10.015 Dropped: 10 Cache: 931s/500MB
AV: 00:03:22 / 00:22:10 (15%) A-V:  0.000 ct: 10.015 Dropped: 10 Cache: 930s/500MB
AV: 00:03:23 / 00:22:10 (15%) A-V:  0.000 ct: 10.015 Dropped: 10 Cache: 931s/500MB
AV: 00:03:23 / 00:22:10 (15%) A-V:  0.000 ct:  8.021 Dropped: 3 Cache: 853s/500MB
AV: 00:03:23 / 00:22:10 (15%) A-V:  0.000 ct: 10.015 Dropped: 10 Cache: 932s/500MB
AV: 00:03:22 / 00:22:10 (15%) A-V:  0.000 Dropped: 3 Cache: 852s/500MB
AV: 00:03:23 / 00:22:10 (15%) A-V:  0.000 ct: 10.015 Dropped: 10 Cache: 933s/500MB
AV: 00:03:23 / 00:22:10 (15%) A-V:  0.000 Cache: 829s/500MB
AV: 00:03:23 / 00:22:10 (15%) A-V:  0.000 Dropped: 3 Cache: 852s/500MB
AV: 00:03:23 / 00:22:10 (15%) A-V:  0.000 ct: 10.015 Dropped: 10 Cache: 934s/500MB
AV: 00:03:23 / 00:22:10 (15%) A-V:  0.000 ct: 10.015 Dropped: 10 Cache: 933s/500MB
AV: 00:03:23 / 00:22:10 (15%) A-V:  0.000 ct: 10.015 Dropped: 10 Cache: 934s/500MB
AV: 00:03:23 / 00:22:10 (15%) A-V:  0.000 ct:  8.021 Dropped: 3 Cache: 852s/500MB
AV: 00:03:23 / 00:22:10 (15%) A-V:  0.000 Cache: 828s/500MB
AV: 00:03:23 / 00:22:10 (15%) A-V:  0.000 ct: 10.015 Dropped: 10 Cache: 935s/500MB
AV: 00:03:24 / 00:22:10 (15%) A-V:  0.000 ct: 10.015 Dropped: 10 Cache: 935s/500MB
AV: 00:03:24 / 00:22:10 (15%) A-V:  0.000 ct:  8.021 Dropped: 3 Cache: 852s/500MB
AV: 00:03:23 / 00:22:10 (15%) A-V:  0.000 Dropped: 3 Cache: 851s/500MB
AV: 00:03:24 / 00:22:10 (15%) A-V:  0.000 ct: 10.015 Dropped: 10 Cache: 936s/500MB
AV: 00:03:24 / 00:22:10 (15%) A-V:  0.000 Cache: 828s/500MB
AV: 00:03:24 / 00:22:10 (15%) A-V:  0.000 ct: 10.015 Dropped: 10 Cache: 937s/500MB
AV: 00:03:24 / 00:22:10 (15%) A-V:  0.000 ct: 10.015 Dropped: 10 Cache: 938s/500MB
AV: 00:03:24 / 00:22:10 (15%) A-V:  0.000 Dropped: 3 Cache: 851s/500MB
AV: 00:03:24 / 00:22:10 (15%) A-V:  0.000 ct: 10.015 Dropped: 10 Cache: 939s/500MB
Invalid audio PTS: 204.999998 -> 210.000000
AV: 00:03:24 / 00:22:10 (15%) A-V:  0.000 ct: 10.015 Dropped: 10 Cache: 939s/500MB
AV: 00:03:24 / 00:22:10 (15%) A-V:  5.000 ct: 10.015 Dropped: 10 Cache: 934s/500MB
Reset playback due to audio timestamp reset.
AV: 00:03:24 / 00:22:10 (15%) A-V:  5.000 ct: 10.015 Dropped: 10 Cache: 934s/500MB
[ffmpeg/video] av1: No sequence header available: unable to decode frame header.
AV: 00:03:24 / 00:22:10 (15%) A-V:  5.000 ct: 10.015 Dropped: 10 Cache: 934s/500MB
[ffmpeg/video] av1: Failed to read unit 0 (type 6).
AV: 00:03:24 / 00:22:10 (15%) A-V:  5.000 ct: 10.015 Dropped: 10 Cache: 934s/500MB
[ffmpeg/video] av1: Failed to read packet.
AV: 00:03:24 / 00:22:10 (15%) A-V:  5.000 ct: 10.015 Dropped: 10 Cache: 934s/500MB
Error while decoding frame (hardware decoding)!
AV: 00:03:24 / 00:22:10 (15%) A-V:  5.000 ct: 10.015 Dropped: 10 Cache: 934s/500MB
[ffmpeg/video] av1: No sequence header available: unable to decode frame header.
AV: 00:03:24 / 00:22:10 (15%) A-V:  5.000 ct: 10.015 Dropped: 10 Cache: 934s/500MB
[ffmpeg/video] av1: Failed to read unit 0 (type 6).
AV: 00:03:24 / 00:22:10 (15%) A-V:  5.000 ct: 10.015 Dropped: 10 Cache: 934s/500MB
[ffmpeg/video] av1: Failed to read packet.
AV: 00:03:24 / 00:22:10 (15%) A-V:  5.000 ct: 10.015 Dropped: 10 Cache: 934s/500MB
Error while decoding frame (hardware decoding)!
AV: 00:03:24 / 00:22:10 (15%) A-V:  5.000 ct: 10.015 Dropped: 10 Cache: 934s/500MB
[ffmpeg/video] av1: No sequence header available: unable to decode frame header.
AV: 00:03:24 / 00:22:10 (15%) A-V:  5.000 ct: 10.015 Dropped: 10 Cache: 934s/500MB
[ffmpeg/video] av1: Failed to read unit 0 (type 3).
AV: 00:03:24 / 00:22:10 (15%) A-V:  5.000 ct: 10.015 Dropped: 10 Cache: 934s/500MB
[ffmpeg/video] av1: Failed to read packet.
AV: 00:03:24 / 00:22:10 (15%) A-V:  5.000 ct: 10.015 Dropped: 10 Cache: 934s/500MB
Error while decoding frame (hardware decoding)!
AV: 00:03:24 / 00:22:10 (15%) A-V:  5.000 ct: 10.015 Dropped: 10 Cache: 934s/500MB
Attempting next decoding method after failure of av1-nvdec.
AV: 00:03:24 / 00:22:10 (15%) A-V:  5.000 ct: 10.015 Dropped: 10 Cache: 934s/500MB
[ffmpeg/video] libdav1d: Error parsing OBU data
AV: 00:03:24 / 00:22:10 (15%) A-V:  5.000 ct: 10.015 Dropped: 10 Cache: 934s/500MB
Error while decoding frame!
AV: 00:03:24 / 00:22:10 (15%) A-V:  5.000 ct: 10.015 Dropped: 10 Cache: 934s/500MB
[ffmpeg/video] libdav1d: Error parsing OBU data
AV: 00:03:24 / 00:22:10 (15%) A-V:  5.000 ct: 10.015 Dropped: 10 Cache: 934s/500MB
Error while decoding frame!
AV: 00:03:24 / 00:22:10 (15%) A-V:  5.000 ct: 10.015 Dropped: 10 Cache: 934s/500MB
[ffmpeg/video] libdav1d: Error parsing OBU data
AV: 00:03:24 / 00:22:10 (15%) A-V:  5.000 ct: 10.015 Dropped: 10 Cache: 934s/500MB
Error while decoding frame!
AV: 00:03:24 / 00:22:10 (15%) A-V:  5.000 ct: 10.015 Dropped: 10 Cache: 934s/500MB
[ffmpeg/video] libdav1d: Error parsing OBU data
AV: 00:03:24 / 00:22:10 (15%) A-V:  5.000 ct: 10.015 Dropped: 10 Cache: 934s/500MB
Error while decoding frame!
AV: 00:03:24 / 00:22:10 (15%) A-V:  5.000 ct: 10.015 Dropped: 10 Cache: 934s/500MB
[ffmpeg/video] libdav1d: Error parsing OBU data
AV: 00:03:24 / 00:22:10 (15%) A-V:  5.000 ct: 10.015 Dropped: 10 Cache: 934s/500MB
Error while decoding frame!
AV: 00:03:24 / 00:22:10 (15%) A-V:  5.000 ct: 10.015 Dropped: 10 Cache: 934s/500MB
[ffmpeg/video] libdav1d: Error parsing OBU data
AV: 00:03:24 / 00:22:10 (15%) A-V:  5.000 ct: 10.015 Dropped: 10 Cache: 934s/500MB
Error while decoding frame!
AV: 00:03:24 / 00:22:10 (15%) A-V:  5.000 ct: 10.015 Dropped: 10 Cache: 934s/500MB
[ffmpeg/video] libdav1d: Error parsing OBU data
AV: 00:03:24 / 00:22:10 (15%) A-V:  5.000 ct: 10.015 Dropped: 10 Cache: 934s/500MB
Error while decoding frame!
AV: 00:03:24 / 00:22:10 (15%) A-V:  5.000 ct: 10.015 Dropped: 10 Cache: 934s/500MB
[ffmpeg/video] libdav1d: Error parsing OBU data
AV: 00:03:24 / 00:22:10 (15%) A-V:  5.000 ct: 10.015 Dropped: 10 Cache: 934s/500MB
Error while decoding frame!
AV: 00:03:24 / 00:22:10 (15%) A-V:  5.000 ct: 10.015 Dropped: 10 Cache: 934s/500MB
[ffmpeg/video] libdav1d: Error parsing OBU data
AV: 00:03:24 / 00:22:10 (15%) A-V:  5.000 ct: 10.015 Dropped: 10 Cache: 934s/500MB
Error while decoding frame!
AV: 00:03:24 / 00:22:10 (15%) A-V:  5.000 ct: 10.015 Dropped: 10 Cache: 934s/500MB
[ffmpeg/video] libdav1d: Error parsing OBU data
AV: 00:03:24 / 00:22:10 (15%) A-V:  5.000 ct: 10.015 Dropped: 10 Cache: 934s/500MB
Error while decoding frame!
AV: 00:03:24 / 00:22:10 (15%) A-V:  5.000 ct: 10.015 Dropped: 10 Cache: 934s/500MB
[ffmpeg/video] libdav1d: Error parsing OBU data
AV: 00:03:24 / 00:22:10 (15%) A-V:  5.000 ct: 10.015 Dropped: 10 Cache: 934s/500MB
Error while decoding frame!
AV: 00:03:24 / 00:22:10 (15%) A-V:  5.000 ct: 10.015 Dropped: 10 Cache: 934s/500MB
[ffmpeg/video] libdav1d: Error parsing OBU data
AV: 00:03:24 / 00:22:10 (15%) A-V:  5.000 ct: 10.015 Dropped: 10 Cache: 934s/500MB
Error while decoding frame!
AV: 00:03:24 / 00:22:10 (15%) A-V:  5.000 ct: 10.015 Dropped: 10 Cache: 934s/500MB
[ffmpeg/video] libdav1d: Error parsing OBU data
AV: 00:03:24 / 00:22:10 (15%) A-V:  5.000 ct: 10.015 Dropped: 10 Cache: 934s/500MB
Error while decoding frame!
AV: 00:03:24 / 00:22:10 (15%) A-V:  5.000 ct: 10.015 Dropped: 10 Cache: 934s/500MB
[ffmpeg/video] libdav1d: Error parsing OBU data
AV: 00:03:24 / 00:22:10 (15%) A-V:  5.000 ct: 10.015 Dropped: 10 Cache: 934s/500MB
Error while decoding frame!
AV: 00:03:24 / 00:22:10 (15%) A-V:  5.000 ct: 10.015 Dropped: 10 Cache: 934s/500MB
[ffmpeg/video] libdav1d: Error parsing OBU data
AV: 00:03:24 / 00:22:10 (15%) A-V:  5.000 ct: 10.015 Dropped: 10 Cache: 934s/500MB
Error while decoding frame!
AV: 00:03:24 / 00:22:10 (15%) A-V:  5.000 ct: 10.015 Dropped: 10 Cache: 934s/500MB
[ffmpeg/video] libdav1d: Error parsing OBU data
AV: 00:03:24 / 00:22:10 (15%) A-V:  5.000 ct: 10.015 Dropped: 10 Cache: 934s/500MB
Error while decoding frame!
AV: 00:03:24 / 00:22:10 (15%) A-V:  5.000 ct: 10.015 Dropped: 10 Cache: 934s/500MB
[ffmpeg/video] libdav1d: Error parsing OBU data
AV: 00:03:24 / 00:22:10 (15%) A-V:  5.000 ct: 10.015 Dropped: 10 Cache: 934s/500MB
Error while decoding frame!
AV: 00:03:24 / 00:22:10 (15%) A-V:  5.000 ct: 10.015 Dropped: 10 Cache: 934s/500MB
[ffmpeg/video] libdav1d: Error parsing OBU data
AV: 00:03:24 / 00:22:10 (15%) A-V:  5.000 ct: 10.015 Dropped: 10 Cache: 934s/500MB
Error while decoding frame!
AV: 00:03:24 / 00:22:10 (15%) A-V:  5.000 ct: 10.015 Dropped: 10 Cache: 934s/500MB
[ffmpeg/video] libdav1d: Error parsing OBU data
AV: 00:03:24 / 00:22:10 (15%) A-V:  5.000 ct: 10.015 Dropped: 10 Cache: 934s/500MB
Error while decoding frame!
AV: 00:03:24 / 00:22:10 (15%) A-V:  5.000 ct: 10.015 Dropped: 10 Cache: 934s/500MB
[ffmpeg/video] libdav1d: Error parsing OBU data
AV: 00:03:24 / 00:22:10 (15%) A-V:  5.000 ct: 10.015 Dropped: 10 Cache: 934s/500MB
Error while decoding frame!
AV: 00:03:24 / 00:22:10 (15%) A-V:  5.000 ct: 10.015 Dropped: 10 Cache: 934s/500MB
[ffmpeg/video] libdav1d: Error parsing OBU data
AV: 00:03:24 / 00:22:10 (15%) A-V:  5.000 ct: 10.015 Dropped: 10 Cache: 934s/500MB
Error while decoding frame!
AV: 00:03:24 / 00:22:10 (15%) A-V:  5.000 ct: 10.015 Dropped: 10 Cache: 934s/500MB
[ffmpeg/video] libdav1d: Error parsing OBU data
AV: 00:03:24 / 00:22:10 (15%) A-V:  5.000 ct: 10.015 Dropped: 10 Cache: 934s/500MB
Error while decoding frame!
AV: 00:03:24 / 00:22:10 (15%) A-V:  5.000 ct: 10.015 Dropped: 10 Cache: 934s/500MB
[ffmpeg/video] libdav1d: Error parsing OBU data
AV: 00:03:24 / 00:22:10 (15%) A-V:  5.000 ct: 10.015 Dropped: 10 Cache: 934s/500MB
Error while decoding frame!
AV: 00:03:24 / 00:22:10 (15%) A-V:  5.000 ct: 10.015 Dropped: 10 Cache: 934s/500MB
[ffmpeg/video] libdav1d: Error parsing OBU data
AV: 00:03:24 / 00:22:10 (15%) A-V:  5.000 ct: 10.015 Dropped: 10 Cache: 934s/500MB
Error while decoding frame!
AV: 00:03:24 / 00:22:10 (15%) A-V:  5.000 ct: 10.015 Dropped: 10 Cache: 934s/500MB
[ffmpeg/video] libdav1d: Error parsing OBU data
AV: 00:03:24 / 00:22:10 (15%) A-V:  5.000 ct: 10.015 Dropped: 10 Cache: 934s/500MB
Error while decoding frame!
AV: 00:03:24 / 00:22:10 (15%) A-V:  5.000 ct: 10.015 Dropped: 10 Cache: 934s/500MB
[ffmpeg/video] libdav1d: Error parsing OBU data
AV: 00:03:24 / 00:22:10 (15%) A-V:  5.000 ct: 10.015 Dropped: 10 Cache: 934s/500MB
Error while decoding frame!
AV: 00:03:24 / 00:22:10 (15%) A-V:  5.000 ct: 10.015 Dropped: 10 Cache: 934s/500MB
[ffmpeg/video] libdav1d: Error parsing OBU data
AV: 00:03:24 / 00:22:10 (15%) A-V:  5.000 ct: 10.015 Dropped: 10 Cache: 934s/500MB
Error while decoding frame!
AV: 00:03:24 / 00:22:10 (15%) A-V:  5.000 ct: 10.015 Dropped: 10 Cache: 934s/500MB
[ffmpeg/video] libdav1d: Error parsing OBU data
AV: 00:03:24 / 00:22:10 (15%) A-V:  5.000 ct: 10.015 Dropped: 10 Cache: 934s/500MB
Error while decoding frame!
AV: 00:03:24 / 00:22:10 (15%) A-V:  5.000 ct: 10.015 Dropped: 10 Cache: 934s/500MB
[ffmpeg/video] libdav1d: Error parsing OBU data
AV: 00:03:24 / 00:22:10 (15%) A-V:  5.000 ct: 10.015 Dropped: 10 Cache: 934s/500MB
Error while decoding frame!
AV: 00:03:24 / 00:22:10 (15%) A-V:  5.000 ct: 10.015 Dropped: 10 Cache: 934s/500MB
[ffmpeg/video] libdav1d: Error parsing OBU data
AV: 00:03:24 / 00:22:10 (15%) A-V:  5.000 ct: 10.015 Dropped: 10 Cache: 934s/500MB
Error while decoding frame!
AV: 00:03:24 / 00:22:10 (15%) A-V:  5.000 ct: 10.015 Dropped: 10 Cache: 934s/500MB
[ffmpeg/video] libdav1d: Error parsing OBU data
AV: 00:03:24 / 00:22:10 (15%) A-V:  5.000 ct: 10.015 Dropped: 10 Cache: 934s/500MB
Error while decoding frame!
AV: 00:03:24 / 00:22:10 (15%) A-V:  5.000 ct: 10.015 Dropped: 10 Cache: 934s/500MB
[ffmpeg/video] libdav1d: Error parsing OBU data
AV: 00:03:24 / 00:22:10 (15%) A-V:  5.000 ct: 10.015 Dropped: 10 Cache: 934s/500MB
Error while decoding frame!
AV: 00:03:24 / 00:22:10 (15%) A-V:  5.000 ct: 10.015 Dropped: 10 Cache: 934s/500MB
[ffmpeg/video] libdav1d: Error parsing OBU data
AV: 00:03:24 / 00:22:10 (15%) A-V:  5.000 ct: 10.015 Dropped: 10 Cache: 934s/500MB
Error while decoding frame!
AV: 00:03:24 / 00:22:10 (15%) A-V:  5.000 ct: 10.015 Dropped: 10 Cache: 934s/500MB
[ffmpeg/video] libdav1d: Error parsing OBU data
AV: 00:03:24 / 00:22:10 (15%) A-V:  5.000 ct: 10.015 Dropped: 10 Cache: 934s/500MB
Error while decoding frame!
AV: 00:03:24 / 00:22:10 (15%) A-V:  5.000 ct: 10.015 Dropped: 10 Cache: 934s/500MB
[ffmpeg/video] libdav1d: Error parsing OBU data
AV: 00:03:24 / 00:22:10 (15%) A-V:  5.000 ct: 10.015 Dropped: 10 Cache: 934s/500MB
Error while decoding frame!
AV: 00:03:24 / 00:22:10 (15%) A-V:  5.000 ct: 10.015 Dropped: 10 Cache: 934s/500MB
[ffmpeg/video] libdav1d: Error parsing OBU data
AV: 00:03:24 / 00:22:10 (15%) A-V:  5.000 ct: 10.015 Dropped: 10 Cache: 934s/500MB
Error while decoding frame!
AV: 00:03:24 / 00:22:10 (15%) A-V:  5.000 ct: 10.015 Dropped: 10 Cache: 934s/500MB
Using hardware decoding (nvdec).
AV: 00:03:24 / 00:22:10 (15%) A-V:  5.000 ct: 10.015 Dropped: 10 Cache: 934s/500MB
(...) AV: 00:00:00 / 00:22:10 (0%) A-V:  0.000 Cache: 940s/500MB
VO: [gpu] 1920x1080 cuda[nv12]
(...) AV: 00:00:00 / 00:22:10 (0%) A-V:  0.000 Cache: 940s/500MB
AV: 00:03:25 / 00:22:10 (15%) A-V:  0.000 Cache: 940s/500MB
[dbx] New chapter 17 
AV: 00:03:25 / 00:22:10 (15%) A-V:  0.000 Cache: 940s/500MB
[dbx] Metadata  
AV: 00:03:25 / 00:22:10 (15%) A-V:  0.000 Cache: 940s/500MB
[dbx] chapter time is  205 
AV: 00:03:25 / 00:22:10 (15%) A-V:  0.000 Cache: 940s/500MB
[dbx] Chapter Length is  19 
AV: 00:03:25 / 00:22:10 (15%) A-V:  0.000 Cache: 940s/500MB
[dbx] record_number was  18 
AV: 00:03:25 / 00:22:10 (15%) A-V:  0.000 Cache: 940s/500MB
AV: 00:03:25 / 00:22:10 (15%) A-V:  0.000 ct:  0.064 Cache: 940s/500MB
AV: 00:03:25 / 00:22:10 (15%) A-V:  0.000 ct:  0.080 Cache: 940s/500MB
AV: 00:03:25 / 00:22:10 (15%) A-V:  0.000 ct:  0.096 Cache: 940s/500MB
AV: 00:03:25 / 00:22:10 (15%) A-V:  0.000 ct:  0.112 Cache: 940s/500MB
AV: 00:03:25 / 00:22:10 (15%) A-V:  0.000 ct:  0.128 Cache: 940s/500MB
AV: 00:03:24 / 00:22:10 (15%) A-V:  0.000 Cache: 827s/500MB
AV: 00:03:25 / 00:22:10 (15%) A-V:  0.000 ct:  0.144 Cache: 940s/500MB
AV: 00:03:25 / 00:22:10 (15%) A-V:  0.000 ct:  0.160 Cache: 940s/500MB
AV: 00:03:25 / 00:22:10 (15%) A-V:  0.000 ct:  8.021 Dropped: 3 Cache: 852s/500MB
AV: 00:03:25 / 00:22:10 (15%) A-V:  0.000 ct:  0.176 Cache: 940s/500MB
AV: 00:03:25 / 00:22:10 (15%) A-V:  0.000 ct:  0.192 Cache: 940s/500MB
AV: 00:03:24 / 00:22:10 (15%) A-V:  0.000 Dropped: 3 Cache: 850s/500MB
AV: 00:03:25 / 00:22:10 (15%) A-V:  0.000 ct:  0.208 Cache: 940s/500MB
AV: 00:03:25 / 00:22:10 (15%) A-V:  0.000 ct:  8.021 Dropped: 3 Cache: 851s/500MB
AV: 00:03:25 / 00:22:10 (15%) A-V:  0.000 ct:  0.224 Cache: 940s/500MB
AV: 00:03:25 / 00:22:10 (15%) A-V:  0.000 ct:  0.240 Cache: 940s/500MB
AV: 00:03:25 / 00:22:10 (15%) A-V:  0.000 ct:  0.256 Cache: 940s/500MB
AV: 00:03:25 / 00:22:10 (15%) A-V:  0.000 ct:  0.272 Cache: 940s/500MB
AV: 00:03:25 / 00:22:10 (15%) A-V:  0.000 ct:  0.288 Cache: 940s/500MB
AV: 00:03:25 / 00:22:10 (15%) A-V:  0.000 Cache: 827s/500MB
AV: 00:03:25 / 00:22:10 (15%) A-V:  0.000 ct:  0.304 Cache: 940s/500MB
AV: 00:03:25 / 00:22:10 (15%) A-V:  0.000 ct:  0.320 Cache: 940s/500MB
AV: 00:03:25 / 00:22:10 (15%) A-V:  0.000 ct:  0.336 Cache: 940s/500MB
AV: 00:03:25 / 00:22:10 (15%) A-V:  0.000 ct:  0.352 Cache: 940s/500MB
AV: 00:03:25 / 00:22:10 (15%) A-V:  0.000 Dropped: 3 Cache: 850s/500MB
AV: 00:03:25 / 00:22:10 (15%) A-V:  0.000 ct:  0.368 Cache: 940s/500MB
AV: 00:03:25 / 00:22:10 (15%) A-V:  0.000 ct:  0.384 Cache: 940s/500MB
AV: 00:03:25 / 00:22:10 (15%) A-V:  0.000 ct:  0.400 Cache: 940s/500MB
AV: 00:03:26 / 00:22:10 (15%) A-V:  0.000 ct:  0.416 Cache: 940s/500MB
AV: 00:03:26 / 00:22:10 (15%) A-V:  0.000 ct:  0.432 Cache: 940s/500MB
AV: 00:03:26 / 00:22:10 (15%) A-V:  0.000 ct:  0.448 Cache: 940s/500MB
AV: 00:03:26 / 00:22:10 (15%) A-V:  0.000 ct:  0.464 Cache: 940s/500MB
AV: 00:03:26 / 00:22:10 (16%) A-V:  0.000 ct:  0.480 Cache: 940s/500MB
AV: 00:03:26 / 00:22:10 (16%) A-V:  0.000 ct:  0.496 Cache: 940s/500MB
AV: 00:03:26 / 00:22:10 (16%) A-V:  0.000 ct:  0.512 Cache: 940s/500MB
AV: 00:03:26 / 00:22:10 (16%) A-V:  0.000 ct:  0.528 Cache: 940s/500MB
AV: 00:03:25 / 00:22:10 (15%) A-V:  0.000 Cache: 826s/500MB
AV: 00:03:26 / 00:22:10 (16%) A-V:  0.000 ct:  0.544 Cache: 940s/500MB
AV: 00:03:26 / 00:22:10 (16%) A-V:  0.000 ct:  0.560 Cache: 940s/500MB
AV: 00:03:26 / 00:22:10 (15%) A-V:  0.000 ct:  8.021 Dropped: 3 Cache: 851s/500MB
AV: 00:03:26 / 00:22:10 (16%) A-V:  0.000 ct:  0.576 Cache: 940s/500MB
AV: 00:03:26 / 00:22:10 (16%) A-V:  0.000 ct:  0.592 Cache: 940s/500MB
AV: 00:03:25 / 00:22:10 (15%) A-V:  0.000 Dropped: 3 Cache: 849s/500MB
AV: 00:03:26 / 00:22:10 (16%) A-V:  0.000 ct:  0.608 Cache: 940s/500MB
AV: 00:03:26 / 00:22:10 (16%) A-V:  0.000 ct:  0.624 Cache: 940s/500MB
AV: 00:03:26 / 00:22:10 (16%) A-V:  0.000 ct:  8.021 Dropped: 3 Cache: 851s/500MB
AV: 00:03:26 / 00:22:10 (16%) A-V:  0.000 ct:  0.640 Cache: 940s/500MB
AV: 00:03:26 / 00:22:10 (16%) A-V:  0.000 ct:  0.656 Cache: 940s/500MB
AV: 00:03:26 / 00:22:10 (16%) A-V:  0.000 ct:  8.021 Dropped: 3 Cache: 850s/500MB
AV: 00:03:26 / 00:22:10 (16%) A-V:  0.000 ct:  0.672 Cache: 940s/500MB
AV: 00:03:26 / 00:22:10 (16%) A-V:  0.000 ct:  0.688 Cache: 940s/500MB
AV: 00:03:26 / 00:22:10 (15%) A-V:  0.000 Cache: 826s/500MB
AV: 00:03:26 / 00:22:10 (16%) A-V:  0.000 ct:  0.704 Cache: 940s/500MB
AV: 00:03:26 / 00:22:10 (16%) A-V:  0.000 ct:  0.720 Cache: 940s/500MB
AV: 00:03:26 / 00:22:10 (16%) A-V:  0.000 ct:  0.736 Cache: 940s/500MB
AV: 00:03:26 / 00:22:10 (15%) A-V:  0.000 Dropped: 3 Cache: 849s/500MB
AV: 00:03:26 / 00:22:10 (16%) A-V:  0.000 ct:  0.752 Cache: 940s/500MB
AV: 00:03:26 / 00:22:10 (16%) A-V:  0.000 Cache: 826s/500MB
AV: 00:03:26 / 00:22:10 (16%) A-V:  0.000 ct:  0.768 Cache: 940s/500MB
AV: 00:03:26 / 00:22:10 (16%) A-V:  0.000 ct:  0.784 Cache: 940s/500MB
AV: 00:03:26 / 00:22:10 (16%) A-V:  0.000 ct:  0.800 Cache: 940s/500MB
AV: 00:03:27 / 00:22:10 (16%) A-V:  0.000 ct:  0.816 Cache: 940s/500MB
AV: 00:03:26 / 00:22:10 (16%) A-V:  0.000 Dropped: 3 Cache: 849s/500MB
AV: 00:03:27 / 00:22:10 (16%) A-V:  0.000 ct:  0.832 Cache: 940s/500MB
AV: 00:03:27 / 00:22:10 (16%) A-V:  0.000 ct:  0.848 Cache: 940s/500MB
AV: 00:03:27 / 00:22:10 (16%) A-V:  0.000 ct:  0.864 Cache: 940s/500MB
AV: 00:03:27 / 00:22:10 (16%) A-V:  0.000 ct:  0.880 Cache: 940s/500MB
AV: 00:03:27 / 00:22:10 (16%) A-V:  0.000 ct:  0.896 Cache: 940s/500MB
AV: 00:03:27 / 00:22:10 (16%) A-V:  0.000 ct:  0.912 Cache: 940s/500MB
AV: 00:03:27 / 00:22:10 (16%) A-V:  0.000 ct:  0.928 Cache: 940s/500MB
AV: 00:03:26 / 00:22:10 (16%) A-V:  0.000 Cache: 825s/500MB
AV: 00:03:27 / 00:22:10 (16%) A-V:  0.000 ct:  0.944 Cache: 940s/500MB
AV: 00:03:27 / 00:22:10 (16%) A-V:  0.000 ct:  0.960 Cache: 940s/500MB
AV: 00:03:27 / 00:22:10 (16%) A-V:  0.000 ct:  8.021 Dropped: 3 Cache: 850s/500MB
AV: 00:03:27 / 00:22:10 (16%) A-V:  0.000 ct:  0.976 Cache: 940s/500MB
AV: 00:03:27 / 00:22:10 (16%) A-V:  0.000 ct:  0.992 Cache: 940s/500MB
AV: 00:03:27 / 00:22:10 (16%) A-V:  0.000 ct:  1.008 Cache: 940s/500MB
AV: 00:03:27 / 00:22:10 (16%) A-V:  0.000 ct:  1.024 Cache: 940s/500MB
AV: 00:03:27 / 00:22:10 (16%) A-V:  0.000 ct:  1.040 Cache: 940s/500MB
AV: 00:03:26 / 00:22:10 (16%) A-V:  0.000 Dropped: 3 Cache: 848s/500MB
AV: 00:03:27 / 00:22:10 (16%) A-V:  0.000 ct:  1.056 Cache: 940s/500MB
AV: 00:03:27 / 00:22:10 (16%) A-V:  0.000 ct:  1.072 Cache: 940s/500MB
AV: 00:03:27 / 00:22:10 (16%) A-V:  0.000 ct:  1.088 Cache: 940s/500MB
AV: 00:03:27 / 00:22:10 (16%) A-V:  0.000 Cache: 825s/500MB
AV: 00:03:27 / 00:22:10 (16%) A-V:  0.000 ct:  1.104 Cache: 940s/500MB
AV: 00:03:27 / 00:22:10 (16%) A-V:  0.000 ct:  1.120 Cache: 940s/500MB
AV: 00:03:27 / 00:22:10 (16%) A-V:  0.000 ct:  1.136 Cache: 940s/500MB
AV: 00:03:27 / 00:22:10 (16%) A-V:  0.000 ct:  1.152 Cache: 940s/500MB
AV: 00:03:27 / 00:22:10 (16%) A-V:  0.000 Dropped: 3 Cache: 848s/500MB
AV: 00:03:27 / 00:22:10 (16%) A-V:  0.000 ct:  1.168 Cache: 940s/500MB
AV: 00:03:27 / 00:22:10 (16%) A-V:  0.000 ct:  8.021 Dropped: 3 Cache: 849s/500MB
AV: 00:03:27 / 00:22:10 (16%) A-V:  0.000 ct:  1.184 Cache: 940s/500MB
AV: 00:03:27 / 00:22:10 (16%) A-V:  0.000 ct:  8.021 Dropped: 3 Cache: 850s/500MB
AV: 00:03:27 / 00:22:10 (16%) A-V:  0.000 ct:  1.200 Cache: 940s/500MB
AV: 00:03:28 / 00:22:10 (16%) A-V:  0.000 ct:  1.216 Cache: 940s/500MB
AV: 00:03:28 / 00:22:10 (16%) A-V:  0.000 ct:  1.232 Cache: 940s/500MB
AV: 00:03:28 / 00:22:10 (16%) A-V:  0.000 ct:  1.248 Cache: 940s/500MB
AV: 00:03:27 / 00:22:10 (16%) A-V:  0.000 ct:  8.021 Dropped: 3 Cache: 849s/500MB
AV: 00:03:28 / 00:22:10 (16%) A-V:  0.000 ct:  1.264 Cache: 940s/500MB
AV: 00:03:28 / 00:22:10 (16%) A-V:  0.000 ct:  1.280 Cache: 940s/500MB
AV: 00:03:28 / 00:22:10 (16%) A-V:  0.000 ct:  1.296 Cache: 940s/500MB
AV: 00:03:28 / 00:22:10 (16%) A-V:  0.000 ct:  1.312 Cache: 940s/500MB
AV: 00:03:28 / 00:22:10 (16%) A-V:  0.000 ct:  1.328 Cache: 940s/500MB
AV: 00:03:28 / 00:22:10 (16%) A-V:  0.000 ct:  1.344 Cache: 941s/500MB
AV: 00:03:28 / 00:22:10 (16%) A-V:  0.000 ct:  1.360 Cache: 941s/500MB
AV: 00:03:28 / 00:22:10 (16%) A-V:  0.000 ct:  8.021 Dropped: 3 Cache: 849s/500MB
AV: 00:03:28 / 00:22:10 (16%) A-V:  0.000 ct:  1.376 Cache: 941s/500MB
AV: 00:03:28 / 00:22:10 (16%) A-V:  0.000 ct:  1.392 Cache: 941s/500MB
AO: [pipewire] 48000Hz stereo 2ch floatp
AV: 00:03:27 / 00:22:10 (16%) A-V:  0.000 Cache: 825s/500MB
AV: 00:03:27 / 00:22:10 (16%) A-V:  0.186 Cache: 825s/500MB
AV: 00:03:27 / 00:22:10 (16%) A-V:  0.152 Dropped: 1 Cache: 825s/500MB
AV: 00:03:28 / 00:22:10 (16%) A-V:  0.000 ct:  1.408 Cache: 941s/500MB
AV: 00:03:27 / 00:22:10 (16%) A-V:  0.119 Dropped: 2 Cache: 825s/500MB
AV: 00:03:27 / 00:22:10 (16%) A-V:  0.086 Dropped: 3 Cache: 825s/500MB
AV: 00:03:27 / 00:22:10 (16%) A-V:  0.052 Dropped: 4 Cache: 825s/500MB
Using hardware decoding (nvdec).
AV: 00:03:27 / 00:22:10 (16%) A-V:  0.052 Dropped: 4 Cache: 825s/500MB
AV: 00:03:28 / 00:22:10 (16%) A-V:  0.000 ct:  1.424 Cache: 941s/500MB
AV: 00:03:28 / 00:22:10 (16%) A-V:  0.000 ct:  1.440 Cache: 941s/500MB
AV: 00:03:27 / 00:22:10 (16%) A-V:  0.052 Dropped: 5 Cache: 825s/500MB
AV: 00:03:28 / 00:22:10 (16%) A-V:  0.000 ct:  1.456 Cache: 941s/500MB
AV: 00:03:28 / 00:22:10 (16%) A-V:  0.000 ct:  1.472 Cache: 941s/500MB
AV: 00:03:27 / 00:22:10 (16%) A-V:  0.000 Dropped: 5 Cache: 825s/500MB
AV: 00:03:27 / 00:22:10 (16%) A-V:  0.000 Dropped: 3 Cache: 847s/500MB
AV: 00:03:28 / 00:22:10 (16%) A-V:  0.000 ct:  1.488 Cache: 941s/500MB
VO: [gpu] 1280x720 cuda[nv12]
AV: 00:03:27 / 00:22:10 (16%) A-V:  0.000 Dropped: 5 Cache: 825s/500MB
AV: 00:03:27 / 00:22:10 (16%) A-V:  0.000 Cache: 825s/500MB
[dbx] New chapter 15 
AV: 00:03:27 / 00:22:10 (16%) A-V:  0.000 Cache: 825s/500MB
[dbx] Metadata  
AV: 00:03:27 / 00:22:10 (16%) A-V:  0.000 Cache: 825s/500MB
[dbx] chapter time is  208 
AV: 00:03:27 / 00:22:10 (16%) A-V:  0.000 Cache: 825s/500MB
[dbx] Chapter Length is  19 
AV: 00:03:27 / 00:22:10 (16%) A-V:  0.000 Cache: 825s/500MB
[dbx] record_number was  16 
AV: 00:03:27 / 00:22:10 (16%) A-V:  0.000 Cache: 825s/500MB
AV: 00:03:28 / 00:22:10 (16%) A-V:  0.000 Cache: 825s/500MB
AV: 00:03:28 / 00:22:10 (16%) A-V:  0.000 ct:  1.504 Cache: 941s/500MB
AV: 00:03:28 / 00:22:10 (16%) A-V:  0.000 ct:  1.520 Cache: 941s/500MB
AV: 00:03:28 / 00:22:10 (16%) A-V:  0.000 Cache: 824s/500MB
AV: 00:03:28 / 00:22:10 (16%) A-V:  0.000 ct:  1.536 Cache: 941s/500MB
AV: 00:03:28 / 00:22:10 (16%) A-V:  0.000 ct:  1.552 Cache: 941s/500MB
AV: 00:03:28 / 00:22:10 (16%) A-V:  0.000 Dropped: 3 Cache: 847s/500MB
AV: 00:03:28 / 00:22:10 (16%) A-V:  0.000 ct:  1.568 Cache: 941s/500MB
AV: 00:03:28 / 00:22:10 (16%) A-V:  0.000 ct:  1.584 Cache: 941s/500MB
AV: 00:03:28 / 00:22:10 (16%) A-V:  0.000 ct:  1.600 Cache: 941s/500MB
AV: 00:03:29 / 00:22:10 (16%) A-V:  0.000 ct:  1.616 Cache: 941s/500MB
AV: 00:03:29 / 00:22:10 (16%) A-V:  0.000 ct:  1.632 Cache: 941s/500MB
AV: 00:03:29 / 00:22:10 (16%) A-V:  0.000 ct:  1.648 Cache: 941s/500MB
AV: 00:03:29 / 00:22:10 (16%) A-V:  0.000 ct:  1.664 Cache: 941s/500MB
AV: 00:03:29 / 00:22:10 (16%) A-V:  0.000 ct:  1.680 Cache: 941s/500MB
AV: 00:03:29 / 00:22:10 (16%) A-V:  0.000 ct:  1.696 Cache: 941s/500MB
AV: 00:03:29 / 00:22:10 (16%) A-V:  0.000 ct:  1.712 Cache: 941s/500MB
AV: 00:03:29 / 00:22:10 (16%) A-V:  0.000 ct:  1.728 Cache: 941s/500MB
AV: 00:03:29 / 00:22:10 (16%) A-V:  0.000 ct:  1.744 Cache: 941s/500MB
AV: 00:03:28 / 00:22:10 (16%) A-V:  0.000 ct:  8.021 Dropped: 3 Cache: 848s/500MB
AV: 00:03:29 / 00:22:10 (16%) A-V:  0.000 ct:  1.760 Cache: 941s/500MB
AV: 00:03:29 / 00:22:10 (16%) A-V:  0.000 ct:  8.021 Dropped: 3 Cache: 848s/500MB
AV: 00:03:29 / 00:22:10 (16%) A-V:  0.000 ct:  1.776 Cache: 941s/500MB
AV: 00:03:29 / 00:22:10 (16%) A-V:  0.000 ct:  1.792 Cache: 941s/500MB
AV: 00:03:29 / 00:22:10 (16%) A-V:  0.000 ct:  1.808 Cache: 941s/500MB
AV: 00:03:29 / 00:22:10 (16%) A-V:  0.000 ct:  1.824 Cache: 941s/500MB
AV: 00:03:29 / 00:22:10 (16%) A-V:  0.000 ct:  1.840 Cache: 941s/500MB
AV: 00:03:29 / 00:22:10 (16%) A-V:  0.000 ct:  1.856 Cache: 941s/500MB
AV: 00:03:29 / 00:22:10 (16%) A-V:  0.000 ct:  1.872 Cache: 941s/500MB
AV: 00:03:29 / 00:22:10 (16%) A-V:  0.000 ct:  1.888 Cache: 941s/500MB
AV: 00:03:29 / 00:22:10 (16%) A-V:  0.000 Cache: 824s/500MB
AV: 00:03:29 / 00:22:10 (16%) A-V:  0.000 ct:  1.904 Cache: 941s/500MB
AV: 00:03:29 / 00:22:10 (16%) A-V:  0.000 ct:  1.920 Cache: 941s/500MB
AV: 00:03:29 / 00:22:10 (16%) A-V:  0.000 ct:  1.936 Cache: 941s/500MB
AV: 00:03:29 / 00:22:10 (16%) A-V:  0.000 ct:  1.952 Cache: 941s/500MB
AV: 00:03:29 / 00:22:10 (16%) A-V:  0.000 Dropped: 3 Cache: 847s/500MB
AV: 00:03:29 / 00:22:10 (16%) A-V:  0.000 Cache: 823s/500MB
AV: 00:03:29 / 00:22:10 (16%) A-V:  0.000 ct:  1.968 Cache: 941s/500MB
AV: 00:03:29 / 00:22:10 (16%) A-V:  0.000 Dropped: 3 Cache: 846s/500MB
AV: 00:03:29 / 00:22:10 (16%) A-V:  0.000 ct:  1.984 Cache: 945s/500MB
Using hardware decoding (nvdec).
AV: 00:03:29 / 00:22:10 (16%) A-V:  0.000 ct:  1.984 Cache: 945s/500MB
AV: 00:03:29 / 00:22:10 (16%) A-V:  0.000 ct:  1.984 Cache: 947s/500MB
VO: [gpu] 3840x2160 cuda[nv12]
AV: 00:03:29 / 00:22:10 (16%) A-V:  0.000 ct:  1.984 Cache: 947s/500MB
AV: 00:03:29 / 00:22:10 (16%) A-V:  0.000 ct:  2.000 Cache: 947s/500MB
AV: 00:03:30 / 00:22:10 (16%) A-V:  0.000 ct:  2.013 Cache: 947s/500MB
AV: 00:03:30 / 00:22:10 (16%) A-V:  0.000 ct:  2.027 Dropped: 1 Cache: 947s/500MB
AV: 00:03:30 / 00:22:10 (16%) A-V:  0.000 ct:  2.040 Dropped: 2 Cache: 947s/500MB
AV: 00:03:30 / 00:22:10 (16%) A-V:  0.000 ct:  2.053 Dropped: 2 Cache: 947s/500MB
[dbx] New chapter 18 
AV: 00:03:30 / 00:22:10 (16%) A-V:  0.000 ct:  2.053 Dropped: 2 Cache: 947s/500MB
[dbx] Metadata  
AV: 00:03:30 / 00:22:10 (16%) A-V:  0.000 ct:  2.053 Dropped: 2 Cache: 947s/500MB
[dbx] chapter time is  210 
AV: 00:03:30 / 00:22:10 (16%) A-V:  0.000 ct:  2.053 Dropped: 2 Cache: 947s/500MB
[dbx] Chapter Length is  5 
AV: 00:03:30 / 00:22:10 (16%) A-V:  0.000 ct:  2.053 Dropped: 2 Cache: 947s/500MB
[dbx] record_number was  19 
AV: 00:03:30 / 00:22:10 (16%) A-V:  0.000 ct:  2.053 Dropped: 2 Cache: 947s/500MB
AV: 00:03:30 / 00:22:10 (16%) A-V:  0.000 ct:  2.067 Dropped: 2 Cache: 947s/500MB
AV: 00:03:30 / 00:22:10 (16%) A-V:  0.000 ct:  2.080 Dropped: 2 Cache: 947s/500MB
AV: 00:03:30 / 00:22:10 (16%) A-V:  0.000 ct:  2.093 Dropped: 2 Cache: 947s/500MB
AV: 00:03:30 / 00:22:10 (16%) A-V:  0.000 ct:  2.107 Dropped: 2 Cache: 947s/500MB
AV: 00:03:30 / 00:22:10 (16%) A-V:  0.000 ct:  2.120 Dropped: 2 Cache: 947s/500MB
AV: 00:03:30 / 00:22:10 (16%) A-V:  0.000 ct:  2.133 Dropped: 2 Cache: 947s/500MB
AV: 00:03:30 / 00:22:10 (16%) A-V:  0.000 ct:  2.147 Dropped: 2 Cache: 947s/500MB
AV: 00:03:30 / 00:22:10 (16%) A-V:  0.000 ct:  2.160 Dropped: 2 Cache: 947s/500MB
AV: 00:03:30 / 00:22:10 (16%) A-V:  0.000 ct:  8.021 Dropped: 3 Cache: 848s/500MB
AV: 00:03:30 / 00:22:10 (16%) A-V:  0.000 ct:  2.173 Dropped: 2 Cache: 947s/500MB
AV: 00:03:30 / 00:22:10 (16%) A-V:  0.000 ct:  2.187 Dropped: 2 Cache: 947s/500MB
AV: 00:03:30 / 00:22:10 (16%) A-V:  0.000 ct:  2.200 Dropped: 2 Cache: 947s/500MB
AV: 00:03:30 / 00:22:10 (16%) A-V:  0.000 ct:  2.213 Dropped: 2 Cache: 947s/500MB
AV: 00:03:30 / 00:22:10 (16%) A-V:  0.000 ct:  2.227 Dropped: 2 Cache: 947s/500MB
AV: 00:03:30 / 00:22:10 (16%) A-V:  0.000 ct:  2.240 Dropped: 2 Cache: 947s/500MB
AV: 00:03:30 / 00:22:10 (16%) A-V:  0.000 ct:  2.253 Dropped: 2 Cache: 947s/500MB
AV: 00:03:30 / 00:22:10 (16%) A-V:  0.000 ct:  8.021 Dropped: 3 Cache: 847s/500MB
AV: 00:03:30 / 00:22:10 (16%) A-V:  0.000 ct:  2.267 Dropped: 2 Cache: 947s/500MB
AV: 00:03:30 / 00:22:10 (16%) A-V:  0.000 ct:  2.280 Dropped: 2 Cache: 947s/500MB
AV: 00:03:30 / 00:22:10 (16%) A-V:  0.000 ct:  2.293 Dropped: 2 Cache: 947s/500MB
AV: 00:03:30 / 00:22:10 (16%) A-V:  0.000 Cache: 823s/500MB
AV: 00:03:30 / 00:22:10 (16%) A-V:  0.000 ct:  2.307 Dropped: 2 Cache: 947s/500MB
AV: 00:03:30 / 00:22:10 (16%) A-V:  0.000 ct:  2.320 Dropped: 2 Cache: 947s/500MB
AV: 00:03:30 / 00:22:10 (16%) A-V:  0.000 ct:  2.333 Dropped: 2 Cache: 947s/500MB
Using hardware decoding (nvdec).
AV: 00:03:29 / 00:22:10 (16%) A-V:  0.000 Dropped: 3 Cache: 846s/500MB
AV: 00:03:29 / 00:22:10 (16%) A-V:  0.004 Dropped: 3 Cache: 846s/500MB
AV: 00:03:29 / 00:22:10 (16%) A-V:  0.000 Dropped: 3 Cache: 846s/500MB
[dbx] New chapter 17 
AV: 00:03:29 / 00:22:10 (16%) A-V:  0.000 Dropped: 3 Cache: 846s/500MB
[dbx] Metadata  
AV: 00:03:29 / 00:22:10 (16%) A-V:  0.000 Dropped: 3 Cache: 846s/500MB
[dbx] chapter time is  210 
AV: 00:03:29 / 00:22:10 (16%) A-V:  0.000 Dropped: 3 Cache: 846s/500MB
[dbx] Chapter Length is  15 
AV: 00:03:29 / 00:22:10 (16%) A-V:  0.000 Dropped: 3 Cache: 846s/500MB
[dbx] record_number was  18 
AV: 00:03:29 / 00:22:10 (16%) A-V:  0.000 Dropped: 3 Cache: 846s/500MB
AV: 00:03:30 / 00:22:10 (16%) A-V:  0.000 ct:  2.347 Dropped: 2 Cache: 947s/500MB
AV: 00:03:30 / 00:22:10 (16%) A-V:  0.000 Dropped: 3 Cache: 846s/500MB
AV: 00:03:30 / 00:22:10 (16%) A-V:  0.000 ct:  2.360 Dropped: 2 Cache: 947s/500MB
AV: 00:03:30 / 00:22:10 (16%) A-V:  0.000 Cache: 822s/500MB
AV: 00:03:30 / 00:22:10 (16%) A-V:  0.000 ct:  2.373 Dropped: 2 Cache: 947s/500MB
AV: 00:03:30 / 00:22:10 (16%) A-V:  0.000 ct:  2.387 Dropped: 2 Cache: 946s/500MB
AV: 00:03:30 / 00:22:10 (16%) A-V:  0.000 ct:  2.400 Dropped: 2 Cache: 946s/500MB
AV: 00:03:31 / 00:22:10 (16%) A-V:  0.000 ct:  2.413 Dropped: 2 Cache: 946s/500MB
AV: 00:03:31 / 00:22:10 (16%) A-V:  0.000 ct:  2.427 Dropped: 2 Cache: 946s/500MB
AV: 00:03:31 / 00:22:10 (16%) A-V:  0.000 ct:  2.440 Dropped: 2 Cache: 946s/500MB
AV: 00:03:31 / 00:22:10 (16%) A-V:  0.000 ct:  2.453 Dropped: 2 Cache: 946s/500MB
AV: 00:03:31 / 00:22:10 (16%) A-V:  0.000 ct:  2.467 Dropped: 2 Cache: 946s/500MB
AV: 00:03:31 / 00:22:10 (16%) A-V:  0.000 ct:  2.480 Dropped: 2 Cache: 946s/500MB
AV: 00:03:31 / 00:22:10 (16%) A-V:  0.000 ct:  2.493 Dropped: 2 Cache: 946s/500MB
AV: 00:03:31 / 00:22:10 (16%) A-V:  0.000 ct:  2.507 Dropped: 2 Cache: 946s/500MB
AV: 00:03:31 / 00:22:10 (16%) A-V:  0.000 ct:  2.520 Dropped: 2 Cache: 946s/500MB
AV: 00:03:31 / 00:22:10 (16%) A-V:  0.000 ct:  2.533 Dropped: 2 Cache: 946s/500MB
AV: 00:03:31 / 00:22:10 (16%) A-V:  0.000 ct:  2.547 Dropped: 2 Cache: 946s/500MB
AV: 00:03:30 / 00:22:10 (16%) A-V:  0.000 Dropped: 3 Cache: 845s/500MB
Using hardware decoding (nvdec).
AV: 00:03:30 / 00:22:10 (16%) A-V:  0.000 ct:  8.021 Dropped: 3 Cache: 847s/500MB
AV: 00:03:31 / 00:22:10 (16%) A-V:  0.000 ct:  2.560 Dropped: 2 Cache: 946s/500MB
AV: 00:03:30 / 00:22:10 (16%) A-V:  0.000 ct:  8.021 Dropped: 3 Cache: 848s/500MB
AV: 00:03:31 / 00:22:10 (16%) A-V:  0.000 ct:  2.573 Dropped: 2 Cache: 946s/500MB
AV: 00:03:31 / 00:22:10 (16%) A-V:  0.000 ct:  2.587 Dropped: 2 Cache: 946s/500MB
AV: 00:03:31 / 00:22:10 (16%) A-V:  0.000 ct:  2.600 Dropped: 2 Cache: 946s/500MB
AV: 00:03:31 / 00:22:10 (16%) A-V:  0.000 ct:  2.613 Dropped: 2 Cache: 946s/500MB
AV: 00:03:31 / 00:22:10 (16%) A-V:  0.000 ct:  2.627 Dropped: 2 Cache: 946s/500MB
AV: 00:03:31 / 00:22:10 (16%) A-V:  0.000 ct:  2.640 Dropped: 2 Cache: 946s/500MB
AV: 00:03:30 / 00:22:10 (16%) A-V:  0.000 ct:  8.021 Dropped: 3 Cache: 850s/500MB
AV: 00:03:31 / 00:22:10 (16%) A-V:  0.000 ct:  2.653 Dropped: 2 Cache: 946s/500MB
AV: 00:03:31 / 00:22:10 (16%) A-V:  0.000 ct:  2.667 Dropped: 2 Cache: 946s/500MB
AV: 00:03:31 / 00:22:10 (16%) A-V:  0.000 ct:  2.680 Dropped: 2 Cache: 946s/500MB
AV: 00:03:31 / 00:22:10 (16%) A-V:  0.000 ct:  2.693 Dropped: 2 Cache: 946s/500MB
AV: 00:03:30 / 00:22:10 (16%) A-V:  0.351 ct:  8.021 Dropped: 3 Cache: 851s/500MB
VO: [gpu] 3840x2160 cuda[nv12]
AV: 00:03:30 / 00:22:10 (16%) A-V:  0.351 ct:  8.021 Dropped: 3 Cache: 851s/500MB
AV: 00:03:31 / 00:22:10 (16%) A-V:  0.000 ct:  2.707 Dropped: 2 Cache: 946s/500MB
AV: 00:03:31 / 00:22:10 (16%) A-V:  0.000 Cache: 822s/500MB
AV: 00:03:30 / 00:22:10 (16%) A-V:  0.356 ct:  8.021 Cache: 851s/500MB
AV: 00:03:31 / 00:22:10 (16%) A-V:  0.325 ct:  8.021 Cache: 851s/500MB
AV: 00:03:31 / 00:22:10 (16%) A-V:  0.294 ct:  8.021 Dropped: 1 Cache: 851s/500MB
AV: 00:03:31 / 00:22:10 (16%) A-V:  0.264 ct:  8.021 Dropped: 2 Cache: 851s/500MB
[dbx] New chapter 15 
AV: 00:03:31 / 00:22:10 (16%) A-V:  0.264 ct:  8.021 Dropped: 2 Cache: 851s/500MB
[dbx] Metadata  
AV: 00:03:31 / 00:22:10 (16%) A-V:  0.264 ct:  8.021 Dropped: 2 Cache: 851s/500MB
[dbx] chapter time is  211 
AV: 00:03:31 / 00:22:10 (16%) A-V:  0.264 ct:  8.021 Dropped: 2 Cache: 851s/500MB
[dbx] Chapter Length is  11 
AV: 00:03:31 / 00:22:10 (16%) A-V:  0.264 ct:  8.021 Dropped: 2 Cache: 851s/500MB
[dbx] record_number was  16 
AV: 00:03:31 / 00:22:10 (16%) A-V:  0.264 ct:  8.021 Dropped: 2 Cache: 851s/500MB
AV: 00:03:31 / 00:22:10 (16%) A-V:  0.232 ct:  8.021 Dropped: 3 Cache: 851s/500MB
AV: 00:03:31 / 00:22:10 (16%) A-V:  0.203 ct:  8.021 Dropped: 4 Cache: 851s/500MB
AV: 00:03:31 / 00:22:10 (16%) A-V:  0.173 ct:  8.021 Dropped: 5 Cache: 851s/500MB
AV: 00:03:31 / 00:22:10 (16%) A-V:  0.141 ct:  8.021 Dropped: 6 Cache: 851s/500MB
AV: 00:03:31 / 00:22:10 (16%) A-V:  0.110 ct:  8.021 Dropped: 7 Cache: 851s/500MB
AV: 00:03:31 / 00:22:10 (16%) A-V:  0.079 ct:  8.021 Dropped: 8 Cache: 851s/500MB
AV: 00:03:31 / 00:22:10 (16%) A-V:  0.047 ct:  8.021 Dropped: 9 Cache: 851s/500MB
AV: 00:03:31 / 00:22:10 (16%) A-V:  0.000 ct:  2.720 Dropped: 2 Cache: 946s/500MB
AV: 00:03:31 / 00:22:10 (16%) A-V:  0.017 ct:  8.021 Dropped: 10 Cache: 852s/500MB
AV: 00:03:31 / 00:22:10 (16%) A-V:  0.000 ct:  8.021 Dropped: 11 Cache: 851s/500MB
AV: 00:03:31 / 00:22:10 (16%) A-V:  0.000 ct:  8.021 Dropped: 11 Cache: 852s/500MB
AV: 00:03:31 / 00:22:10 (16%) A-V:  0.000 ct:  2.733 Dropped: 2 Cache: 946s/500MB
AV: 00:03:31 / 00:22:10 (16%) A-V:  0.000 ct:  2.747 Dropped: 2 Cache: 946s/500MB
AV: 00:03:31 / 00:22:10 (16%) A-V:  0.000 ct:  8.021 Dropped: 11 Cache: 851s/500MB
AV: 00:03:31 / 00:22:10 (16%) A-V:  0.000 Dropped: 3 Cache: 845s/500MB
AV: 00:03:31 / 00:22:10 (16%) A-V:  0.000 ct:  2.760 Dropped: 2 Cache: 946s/500MB
AV: 00:03:31 / 00:22:10 (16%) A-V:  0.000 ct:  8.021 Dropped: 11 Cache: 852s/500MB
AV: 00:03:31 / 00:22:10 (16%) A-V:  0.000 ct:  2.773 Dropped: 2 Cache: 946s/500MB
AV: 00:03:31 / 00:22:10 (16%) A-V:  0.000 ct:  2.787 Dropped: 2 Cache: 946s/500MB
AV: 00:03:31 / 00:22:10 (16%) A-V:  0.000 ct:  2.800 Dropped: 2 Cache: 946s/500MB
AV: 00:03:32 / 00:22:10 (16%) A-V:  0.000 ct:  2.813 Dropped: 2 Cache: 946s/500MB
AV: 00:03:32 / 00:22:10 (16%) A-V:  0.000 ct:  2.827 Dropped: 2 Cache: 946s/500MB
AV: 00:03:32 / 00:22:10 (16%) A-V:  0.000 ct:  2.840 Dropped: 2 Cache: 946s/500MB
AV: 00:03:32 / 00:22:10 (16%) A-V:  0.000 ct:  2.853 Dropped: 2 Cache: 946s/500MB
AV: 00:03:32 / 00:22:10 (16%) A-V:  0.000 ct:  2.867 Dropped: 2 Cache: 946s/500MB
AV: 00:03:31 / 00:22:10 (16%) A-V:  0.000 Cache: 821s/500MB
AV: 00:03:32 / 00:22:10 (16%) A-V:  0.000 ct:  2.880 Dropped: 2 Cache: 946s/500MB
AV: 00:03:32 / 00:22:10 (16%) A-V:  0.000 ct:  2.893 Dropped: 2 Cache: 946s/500MB
AV: 00:03:32 / 00:22:10 (16%) A-V:  0.000 ct:  2.907 Dropped: 2 Cache: 946s/500MB
AV: 00:03:32 / 00:22:10 (16%) A-V:  0.000 ct:  2.920 Dropped: 2 Cache: 946s/500MB
AV: 00:03:32 / 00:22:10 (16%) A-V:  0.000 ct:  2.933 Dropped: 2 Cache: 946s/500MB
AV: 00:03:32 / 00:22:10 (16%) A-V:  0.000 ct:  2.947 Dropped: 2 Cache: 946s/500MB
AV: 00:03:32 / 00:22:10 (16%) A-V:  0.000 ct:  2.960 Dropped: 2 Cache: 946s/500MB
AV: 00:03:32 / 00:22:10 (16%) A-V:  0.000 ct:  8.021 Dropped: 11 Cache: 852s/500MB
AV: 00:03:31 / 00:22:10 (16%) A-V:  0.000 Dropped: 3 Cache: 844s/500MB
AV: 00:03:32 / 00:22:10 (16%) A-V:  0.000 ct:  2.973 Dropped: 2 Cache: 946s/500MB
AV: 00:03:32 / 00:22:10 (16%) A-V:  0.000 ct:  2.987 Dropped: 2 Cache: 946s/500MB
AV: 00:03:32 / 00:22:10 (16%) A-V:  0.000 ct:  3.000 Dropped: 2 Cache: 946s/500MB
AV: 00:03:32 / 00:22:10 (16%) A-V:  0.000 ct:  3.013 Dropped: 2 Cache: 947s/500MB
AV: 00:03:32 / 00:22:10 (16%) A-V:  0.000 ct:  3.027 Dropped: 2 Cache: 948s/500MB
AV: 00:03:32 / 00:22:10 (16%) A-V:  0.000 ct:  3.040 Dropped: 2 Cache: 948s/500MB
AV: 00:03:32 / 00:22:10 (16%) A-V:  0.000 ct:  3.053 Dropped: 2 Cache: 948s/500MB
AV: 00:03:32 / 00:22:10 (16%) A-V:  0.000 ct:  3.067 Dropped: 2 Cache: 948s/500MB
AV: 00:03:32 / 00:22:10 (16%) A-V:  0.000 ct:  3.080 Dropped: 2 Cache: 948s/500MB
AV: 00:03:32 / 00:22:10 (16%) A-V:  0.000 ct:  3.093 Dropped: 2 Cache: 948s/500MB
AV: 00:03:32 / 00:22:10 (16%) A-V:  0.000 Cache: 821s/500MB
AV: 00:03:32 / 00:22:10 (16%) A-V:  0.000 ct:  3.107 Dropped: 2 Cache: 948s/500MB
AV: 00:03:32 / 00:22:10 (16%) A-V:  0.000 ct:  3.120 Dropped: 2 Cache: 948s/500MB
AV: 00:03:32 / 00:22:10 (16%) A-V:  0.000 ct:  3.133 Dropped: 2 Cache: 948s/500MB
AV: 00:03:32 / 00:22:10 (16%) A-V:  0.000 ct:  3.147 Dropped: 2 Cache: 948s/500MB
AV: 00:03:32 / 00:22:10 (16%) A-V:  0.000 Dropped: 3 Cache: 844s/500MB
AV: 00:03:32 / 00:22:10 (16%) A-V:  0.000 ct:  3.160 Dropped: 2 Cache: 949s/500MB
AV: 00:03:32 / 00:22:10 (16%) A-V:  0.000 ct:  3.173 Dropped: 2 Cache: 949s/500MB
AV: 00:03:32 / 00:22:10 (16%) A-V:  0.000 ct:  3.187 Dropped: 2 Cache: 950s/500MB
AV: 00:03:32 / 00:22:10 (16%) A-V:  0.000 ct:  3.200 Dropped: 2 Cache: 950s/500MB
AV: 00:03:33 / 00:22:10 (16%) A-V:  0.000 ct:  3.213 Dropped: 2 Cache: 950s/500MB
AV: 00:03:33 / 00:22:10 (16%) A-V:  0.000 ct:  3.227 Dropped: 2 Cache: 950s/500MB
AV: 00:03:33 / 00:22:10 (16%) A-V:  0.000 ct:  3.240 Dropped: 2 Cache: 950s/500MB
AV: 00:03:33 / 00:22:10 (16%) A-V:  0.000 ct:  3.253 Dropped: 2 Cache: 950s/500MB
AV: 00:03:33 / 00:22:10 (16%) A-V:  0.000 ct:  3.267 Dropped: 2 Cache: 950s/500MB
AV: 00:03:32 / 00:22:10 (16%) A-V:  0.000 Cache: 820s/500MB
AV: 00:03:33 / 00:22:10 (16%) A-V:  0.000 ct:  3.280 Dropped: 2 Cache: 950s/500MB
AV: 00:03:33 / 00:22:10 (16%) A-V:  0.000 ct:  3.293 Dropped: 2 Cache: 950s/500MB
AV: 00:03:33 / 00:22:10 (16%) A-V:  0.000 ct:  3.307 Dropped: 2 Cache: 950s/500MB
AV: 00:03:33 / 00:22:10 (16%) A-V:  0.000 ct:  3.320 Dropped: 2 Cache: 950s/500MB
AV: 00:03:33 / 00:22:10 (16%) A-V:  0.000 ct:  3.333 Dropped: 2 Cache: 949s/500MB
AV: 00:03:33 / 00:22:10 (16%) A-V:  0.000 ct:  3.347 Dropped: 2 Cache: 949s/500MB
AV: 00:03:33 / 00:22:10 (16%) A-V:  0.000 ct:  3.360 Dropped: 2 Cache: 949s/500MB
AV: 00:03:33 / 00:22:10 (16%) A-V:  0.000 ct:  8.021 Dropped: 11 Cache: 852s/500MB
AV: 00:03:33 / 00:22:10 (16%) A-V:  0.000 ct:  3.373 Dropped: 2 Cache: 949s/500MB
AV: 00:03:33 / 00:22:10 (16%) A-V:  0.000 ct:  3.387 Dropped: 2 Cache: 949s/500MB
AV: 00:03:33 / 00:22:10 (16%) A-V:  0.000 ct:  3.400 Dropped: 2 Cache: 949s/500MB
AV: 00:03:33 / 00:22:10 (16%) A-V:  0.000 ct:  3.413 Dropped: 2 Cache: 949s/500MB
AV: 00:03:33 / 00:22:10 (16%) A-V:  0.000 ct:  3.427 Dropped: 2 Cache: 949s/500MB
AV: 00:03:33 / 00:22:10 (16%) A-V:  0.000 ct:  3.440 Dropped: 2 Cache: 949s/500MB
AV: 00:03:33 / 00:22:10 (16%) A-V:  0.000 ct:  8.021 Dropped: 11 Cache: 851s/500MB
AV: 00:03:33 / 00:22:10 (16%) A-V:  0.000 ct:  3.453 Dropped: 2 Cache: 950s/500MB
AV: 00:03:33 / 00:22:10 (16%) A-V:  0.000 ct:  3.467 Dropped: 2 Cache: 950s/500MB
AV: 00:03:33 / 00:22:10 (16%) A-V:  0.000 ct:  8.021 Dropped: 11 Cache: 852s/500MB
AV: 00:03:33 / 00:22:10 (16%) A-V:  0.000 ct:  3.480 Dropped: 2 Cache: 950s/500MB
AV: 00:03:32 / 00:22:10 (16%) A-V:  0.000 Dropped: 3 Cache: 843s/500MB
AV: 00:03:33 / 00:22:10 (16%) A-V:  0.000 Cache: 820s/500MB
AV: 00:03:33 / 00:22:10 (16%) A-V:  0.000 ct:  3.493 Dropped: 2 Cache: 950s/500MB
AV: 00:03:33 / 00:22:10 (16%) A-V:  0.000 ct:  3.507 Dropped: 2 Cache: 951s/500MB
AV: 00:03:33 / 00:22:10 (16%) A-V:  0.000 ct:  3.520 Dropped: 2 Cache: 951s/500MB
AV: 00:03:33 / 00:22:10 (16%) A-V:  0.000 ct:  3.533 Dropped: 2 Cache: 951s/500MB
AV: 00:03:33 / 00:22:10 (16%) A-V:  0.000 ct:  3.547 Dropped: 2 Cache: 951s/500MB
AV: 00:03:33 / 00:22:10 (16%) A-V:  0.000 Dropped: 3 Cache: 843s/500MB
AV: 00:03:33 / 00:22:10 (16%) A-V:  0.000 ct:  3.560 Dropped: 2 Cache: 951s/500MB
AV: 00:03:33 / 00:22:10 (16%) A-V:  0.000 ct:  8.021 Dropped: 11 Cache: 851s/500MB
AV: 00:03:33 / 00:22:10 (16%) A-V:  0.000 ct:  3.573 Dropped: 2 Cache: 951s/500MB
AV: 00:03:33 / 00:22:10 (16%) A-V:  0.000 ct:  3.587 Dropped: 2 Cache: 951s/500MB
AV: 00:03:33 / 00:22:10 (16%) A-V:  0.000 ct:  3.600 Dropped: 2 Cache: 952s/500MB
AV: 00:03:34 / 00:22:10 (16%) A-V:  0.000 ct:  3.613 Dropped: 2 Cache: 953s/500MB
AV: 00:03:34 / 00:22:10 (16%) A-V:  0.000 ct:  3.627 Dropped: 2 Cache: 953s/500MB
AV: 00:03:34 / 00:22:10 (16%) A-V:  0.000 ct:  3.640 Dropped: 2 Cache: 953s/500MB
AV: 00:03:34 / 00:22:10 (16%) A-V:  0.000 ct:  3.653 Dropped: 2 Cache: 953s/500MB
AV: 00:03:34 / 00:22:10 (16%) A-V:  0.000 ct:  3.667 Dropped: 2 Cache: 953s/500MB
AV: 00:03:34 / 00:22:10 (16%) A-V:  0.000 ct:  3.680 Dropped: 2 Cache: 954s/500MB
AV: 00:03:34 / 00:22:10 (16%) A-V:  0.000 ct:  3.693 Dropped: 2 Cache: 954s/500MB
AV: 00:03:34 / 00:22:10 (16%) A-V:  0.000 ct:  3.707 Dropped: 2 Cache: 954s/500MB
AV: 00:03:34 / 00:22:10 (16%) A-V:  0.000 ct:  3.720 Dropped: 2 Cache: 954s/500MB
AV: 00:03:34 / 00:22:10 (16%) A-V:  0.000 ct:  3.733 Dropped: 2 Cache: 954s/500MB
AV: 00:03:34 / 00:22:10 (16%) A-V:  0.000 ct:  3.747 Dropped: 2 Cache: 954s/500MB
AV: 00:03:34 / 00:22:10 (16%) A-V:  0.000 ct:  3.760 Dropped: 2 Cache: 954s/500MB
AV: 00:03:34 / 00:22:10 (16%) A-V:  0.000 ct:  8.021 Dropped: 11 Cache: 851s/500MB
AV: 00:03:33 / 00:22:10 (16%) A-V:  0.000 Cache: 819s/500MB
AV: 00:03:34 / 00:22:10 (16%) A-V:  0.000 ct:  3.773 Dropped: 2 Cache: 954s/500MB
AV: 00:03:34 / 00:22:10 (16%) A-V:  0.000 ct:  3.787 Dropped: 2 Cache: 954s/500MB
AV: 00:03:34 / 00:22:10 (16%) A-V:  0.000 ct:  3.800 Dropped: 2 Cache: 953s/500MB
AV: 00:03:34 / 00:22:10 (16%) A-V:  0.000 ct:  3.813 Dropped: 2 Cache: 953s/500MB
AV: 00:03:34 / 00:22:10 (16%) A-V:  0.000 ct:  3.827 Dropped: 2 Cache: 954s/500MB
AV: 00:03:34 / 00:22:10 (16%) A-V:  0.000 ct:  3.840 Dropped: 2 Cache: 954s/500MB
AV: 00:03:34 / 00:22:10 (16%) A-V:  0.000 ct:  3.853 Dropped: 2 Cache: 954s/500MB
AV: 00:03:34 / 00:22:10 (16%) A-V:  0.000 ct:  3.867 Dropped: 2 Cache: 954s/500MB
AV: 00:03:34 / 00:22:10 (16%) A-V:  0.000 ct:  3.880 Dropped: 2 Cache: 955s/500MB
AV: 00:03:34 / 00:22:10 (16%) A-V:  0.000 Cache: 819s/500MB
AV: 00:03:34 / 00:22:10 (16%) A-V:  0.000 ct:  3.893 Dropped: 2 Cache: 955s/500MB
AV: 00:03:34 / 00:22:10 (16%) A-V:  0.000 ct:  3.907 Dropped: 2 Cache: 955s/500MB
AV: 00:03:33 / 00:22:10 (16%) A-V:  0.000 Dropped: 3 Cache: 842s/500MB
AV: 00:03:34 / 00:22:10 (16%) A-V:  0.000 ct:  3.920 Dropped: 2 Cache: 955s/500MB
AV: 00:03:34 / 00:22:10 (16%) A-V:  0.000 ct:  3.933 Dropped: 2 Cache: 955s/500MB
AV: 00:03:34 / 00:22:10 (16%) A-V:  0.000 ct:  3.947 Dropped: 2 Cache: 955s/500MB
AV: 00:03:34 / 00:22:10 (16%) A-V:  0.000 Dropped: 3 Cache: 842s/500MB
AV: 00:03:34 / 00:22:10 (16%) A-V:  0.000 ct:  3.960 Dropped: 2 Cache: 955s/500MB
AV: 00:03:34 / 00:22:10 (16%) A-V:  0.000 ct:  3.973 Dropped: 2 Cache: 955s/500MB
AV: 00:03:34 / 00:22:10 (16%) A-V:  0.000 ct:  3.987 Dropped: 2 Cache: 954s/500MB
AV: 00:03:34 / 00:22:10 (16%) A-V:  0.000 ct:  4.000 Dropped: 2 Cache: 954s/500MB
AV: 00:03:35 / 00:22:10 (16%) A-V:  0.000 ct:  4.013 Dropped: 2 Cache: 954s/500MB
AV: 00:03:35 / 00:22:10 (16%) A-V:  0.000 ct:  4.027 Dropped: 2 Cache: 954s/500MB
AV: 00:03:35 / 00:22:10 (16%) A-V:  0.000 ct:  4.040 Dropped: 2 Cache: 954s/500MB
AV: 00:03:35 / 00:22:10 (16%) A-V:  0.000 ct:  4.053 Dropped: 2 Cache: 954s/500MB
AV: 00:03:35 / 00:22:10 (16%) A-V:  0.000 ct:  4.067 Dropped: 2 Cache: 954s/500MB
AV: 00:03:35 / 00:22:10 (16%) A-V:  0.000 ct:  4.080 Dropped: 2 Cache: 954s/500MB
AV: 00:03:35 / 00:22:10 (16%) A-V:  0.000 ct:  4.093 Dropped: 2 Cache: 954s/500MB
AV: 00:03:35 / 00:22:10 (16%) A-V:  0.000 ct:  4.107 Dropped: 2 Cache: 954s/500MB
AV: 00:03:35 / 00:22:10 (16%) A-V:  0.000 ct:  4.120 Dropped: 2 Cache: 954s/500MB
AV: 00:03:35 / 00:22:10 (16%) A-V:  0.000 ct:  4.133 Dropped: 2 Cache: 954s/500MB
AV: 00:03:35 / 00:22:10 (16%) A-V:  0.000 ct:  4.147 Dropped: 2 Cache: 954s/500MB
AV: 00:03:35 / 00:22:10 (16%) A-V:  0.000 ct:  4.160 Dropped: 2 Cache: 954s/500MB
AV: 00:03:35 / 00:22:10 (16%) A-V:  0.000 ct:  8.021 Dropped: 11 Cache: 851s/500MB
AV: 00:03:34 / 00:22:10 (16%) A-V:  0.000 Cache: 818s/500MB
AV: 00:03:35 / 00:22:10 (16%) A-V:  0.000 ct:  4.173 Dropped: 2 Cache: 954s/500MB
AV: 00:03:35 / 00:22:10 (16%) A-V:  0.000 ct:  4.187 Dropped: 2 Cache: 954s/500MB
AV: 00:03:35 / 00:22:10 (16%) A-V:  0.000 ct:  4.200 Dropped: 2 Cache: 954s/500MB
AV: 00:03:35 / 00:22:10 (16%) A-V:  0.000 ct:  4.213 Dropped: 2 Cache: 954s/500MB
AV: 00:03:35 / 00:22:10 (16%) A-V:  0.000 ct:  4.227 Dropped: 2 Cache: 954s/500MB
AV: 00:03:35 / 00:22:10 (16%) A-V:  0.000 ct:  4.240 Dropped: 2 Cache: 954s/500MB
AV: 00:03:35 / 00:22:10 (16%) A-V:  0.000 ct:  4.253 Dropped: 2 Cache: 954s/500MB
AV: 00:03:35 / 00:22:10 (16%) A-V:  0.000 ct:  4.267 Dropped: 2 Cache: 954s/500MB
AV: 00:03:35 / 00:22:10 (16%) A-V:  0.000 ct:  4.280 Dropped: 2 Cache: 954s/500MB
AV: 00:03:35 / 00:22:10 (16%) A-V:  0.000 ct:  4.293 Dropped: 2 Cache: 954s/500MB
AV: 00:03:35 / 00:22:10 (16%) A-V:  0.000 Cache: 818s/500MB
AV: 00:03:35 / 00:22:10 (16%) A-V:  0.000 ct:  4.307 Dropped: 2 Cache: 954s/500MB
AV: 00:03:35 / 00:22:10 (16%) A-V:  0.000 ct:  4.320 Dropped: 2 Cache: 954s/500MB
AV: 00:03:35 / 00:22:10 (16%) A-V:  0.000 ct:  4.333 Dropped: 2 Cache: 954s/500MB
AV: 00:03:35 / 00:22:10 (16%) A-V:  0.000 ct:  4.347 Dropped: 2 Cache: 954s/500MB
AV: 00:03:35 / 00:22:10 (16%) A-V:  0.000 Dropped: 3 Cache: 842s/500MB
AV: 00:03:35 / 00:22:10 (16%) A-V:  0.000 ct:  4.360 Dropped: 2 Cache: 954s/500MB
AV: 00:03:35 / 00:22:10 (16%) A-V:  0.000 ct:  4.373 Dropped: 2 Cache: 954s/500MB
AV: 00:03:35 / 00:22:10 (16%) A-V:  0.000 ct:  4.387 Dropped: 2 Cache: 953s/500MB
AV: 00:03:35 / 00:22:10 (16%) A-V:  0.000 ct:  4.400 Dropped: 2 Cache: 953s/500MB
AV: 00:03:36 / 00:22:10 (16%) A-V:  0.000 ct:  4.413 Dropped: 2 Cache: 953s/500MB
AV: 00:03:36 / 00:22:10 (16%) A-V:  0.000 ct:  4.427 Dropped: 2 Cache: 953s/500MB
AV: 00:03:36 / 00:22:10 (16%) A-V:  0.000 ct:  4.440 Dropped: 2 Cache: 953s/500MB
AV: 00:03:36 / 00:22:10 (16%) A-V:  0.000 ct:  4.453 Dropped: 2 Cache: 953s/500MB
AV: 00:03:36 / 00:22:10 (16%) A-V:  0.000 ct:  4.467 Dropped: 2 Cache: 953s/500MB
AV: 00:03:35 / 00:22:10 (16%) A-V:  0.000 Dropped: 3 Cache: 841s/500MB
AV: 00:03:36 / 00:22:10 (16%) A-V:  0.000 ct:  4.480 Dropped: 2 Cache: 953s/500MB
AV: 00:03:36 / 00:22:10 (16%) A-V:  0.000 ct:  4.493 Dropped: 2 Cache: 953s/500MB
AV: 00:03:36 / 00:22:10 (16%) A-V:  0.000 ct:  4.507 Dropped: 2 Cache: 953s/500MB
AV: 00:03:36 / 00:22:10 (16%) A-V:  0.000 ct:  4.520 Dropped: 2 Cache: 953s/500MB
AV: 00:03:36 / 00:22:10 (16%) A-V:  0.000 ct:  4.533 Dropped: 2 Cache: 953s/500MB
AV: 00:03:36 / 00:22:10 (16%) A-V:  0.000 ct:  4.547 Dropped: 2 Cache: 953s/500MB
AV: 00:03:36 / 00:22:10 (16%) A-V:  0.000 ct:  4.560 Dropped: 2 Cache: 953s/500MB
AV: 00:03:36 / 00:22:10 (16%) A-V:  0.000 ct:  8.021 Dropped: 11 Cache: 851s/500MB
AV: 00:03:36 / 00:22:10 (16%) A-V:  0.000 ct:  4.573 Dropped: 2 Cache: 953s/500MB
AV: 00:03:36 / 00:22:10 (16%) A-V:  0.000 ct:  4.587 Dropped: 2 Cache: 953s/500MB
AV: 00:03:36 / 00:22:10 (16%) A-V:  0.000 ct:  4.600 Dropped: 2 Cache: 953s/500MB
AV: 00:03:36 / 00:22:10 (16%) A-V:  0.000 ct:  4.613 Dropped: 2 Cache: 953s/500MB
AV: 00:03:36 / 00:22:10 (16%) A-V:  0.000 ct:  4.627 Dropped: 2 Cache: 953s/500MB
AV: 00:03:36 / 00:22:10 (16%) A-V:  0.000 ct:  4.640 Dropped: 2 Cache: 953s/500MB
AV: 00:03:36 / 00:22:10 (16%) A-V:  0.000 ct:  4.653 Dropped: 2 Cache: 953s/500MB
AV: 00:03:36 / 00:22:10 (16%) A-V:  0.000 ct:  4.667 Dropped: 2 Cache: 953s/500MB
AV: 00:03:36 / 00:22:10 (16%) A-V:  0.000 ct:  4.680 Dropped: 2 Cache: 953s/500MB
AV: 00:03:35 / 00:22:10 (16%) A-V:  0.000 Cache: 817s/500MB
AV: 00:03:36 / 00:22:10 (16%) A-V:  0.000 Cache: 817s/500MB
AV: 00:03:36 / 00:22:10 (16%) A-V:  0.000 ct:  4.693 Dropped: 2 Cache: 953s/500MB
AV: 00:03:36 / 00:22:10 (16%) A-V:  0.000 ct:  4.707 Dropped: 2 Cache: 953s/500MB
AV: 00:03:36 / 00:22:10 (16%) A-V:  0.000 ct:  4.720 Dropped: 2 Cache: 953s/500MB
AV: 00:03:36 / 00:22:10 (16%) A-V:  0.000 ct:  4.733 Dropped: 2 Cache: 953s/500MB
AV: 00:03:36 / 00:22:10 (16%) A-V:  0.000 ct:  4.737 Dropped: 2 Cache: 953s/500MB
AV: 00:03:36 / 00:22:10 (16%) A-V:  0.000 Dropped: 3 Cache: 841s/500MB
AV: 00:03:36 / 00:22:10 (16%) A-V:  0.000 ct:  4.740 Dropped: 2 Cache: 953s/500MB
AV: 00:03:36 / 00:22:10 (16%) A-V:  0.000 ct:  4.743 Dropped: 2 Cache: 953s/500MB
AV: 00:03:36 / 00:22:10 (16%) A-V:  0.000 ct:  4.747 Dropped: 2 Cache: 952s/500MB
AV: 00:03:36 / 00:22:10 (16%) A-V:  0.000 ct:  4.750 Dropped: 2 Cache: 952s/500MB
AV: 00:03:37 / 00:22:10 (16%) A-V:  0.000 ct:  4.753 Dropped: 2 Cache: 952s/500MB
AV: 00:03:37 / 00:22:10 (16%) A-V:  0.000 ct:  4.757 Dropped: 2 Cache: 952s/500MB
AV: 00:03:37 / 00:22:10 (16%) A-V:  0.000 ct:  4.760 Dropped: 2 Cache: 952s/500MB
AV: 00:03:37 / 00:22:10 (16%) A-V:  0.000 ct:  4.763 Dropped: 2 Cache: 952s/500MB
AV: 00:03:37 / 00:22:10 (16%) A-V:  0.000 ct:  4.767 Dropped: 2 Cache: 952s/500MB
AV: 00:03:37 / 00:22:10 (16%) A-V:  0.000 ct:  4.770 Dropped: 2 Cache: 952s/500MB
AV: 00:03:37 / 00:22:10 (16%) A-V:  0.000 ct:  4.773 Dropped: 2 Cache: 952s/500MB
AV: 00:03:37 / 00:22:10 (16%) A-V:  0.000 ct:  4.777 Dropped: 2 Cache: 952s/500MB
AV: 00:03:37 / 00:22:10 (16%) A-V:  0.000 ct:  4.780 Dropped: 2 Cache: 952s/500MB
AV: 00:03:37 / 00:22:10 (16%) A-V:  0.000 ct:  4.783 Dropped: 2 Cache: 952s/500MB
AV: 00:03:37 / 00:22:10 (16%) A-V:  0.000 ct:  4.787 Dropped: 2 Cache: 952s/500MB
AV: 00:03:37 / 00:22:10 (16%) A-V:  0.000 ct:  4.790 Dropped: 2 Cache: 952s/500MB
AV: 00:03:37 / 00:22:10 (16%) A-V:  0.000 ct:  8.021 Dropped: 11 Cache: 851s/500MB
AV: 00:03:37 / 00:22:10 (16%) A-V:  0.000 ct:  4.793 Dropped: 2 Cache: 952s/500MB
AV: 00:03:37 / 00:22:10 (16%) A-V:  0.000 ct:  4.797 Dropped: 2 Cache: 952s/500MB
AV: 00:03:37 / 00:22:10 (16%) A-V:  0.000 ct:  4.800 Dropped: 2 Cache: 952s/500MB
AV: 00:03:36 / 00:22:10 (16%) A-V:  0.000 Dropped: 3 Cache: 840s/500MB
AV: 00:03:37 / 00:22:10 (16%) A-V:  0.000 ct:  4.803 Dropped: 2 Cache: 952s/500MB
AV: 00:03:37 / 00:22:10 (16%) A-V:  0.000 ct:  4.807 Dropped: 2 Cache: 952s/500MB
AV: 00:03:37 / 00:22:10 (16%) A-V:  0.000 ct:  4.810 Dropped: 2 Cache: 952s/500MB
AV: 00:03:37 / 00:22:10 (16%) A-V:  0.000 ct:  4.813 Dropped: 2 Cache: 952s/500MB
AV: 00:03:37 / 00:22:10 (16%) A-V:  0.000 ct:  4.817 Dropped: 2 Cache: 952s/500MB
AV: 00:03:37 / 00:22:10 (16%) A-V:  0.000 ct:  4.820 Dropped: 2 Cache: 952s/500MB
AV: 00:03:36 / 00:22:10 (16%) A-V:  0.000 Cache: 816s/500MB
AV: 00:03:37 / 00:22:10 (16%) A-V:  0.000 ct:  4.823 Dropped: 2 Cache: 952s/500MB
AV: 00:03:37 / 00:22:10 (16%) A-V:  0.000 Cache: 816s/500MB
AV: 00:03:37 / 00:22:10 (16%) A-V:  0.000 ct:  4.827 Dropped: 2 Cache: 952s/500MB
AV: 00:03:37 / 00:22:10 (16%) A-V:  0.000 ct:  4.830 Dropped: 2 Cache: 952s/500MB
AV: 00:03:37 / 00:22:10 (16%) A-V:  0.000 ct:  4.833 Dropped: 2 Cache: 952s/500MB
AV: 00:03:37 / 00:22:10 (16%) A-V:  0.000 ct:  4.837 Dropped: 2 Cache: 952s/500MB
AV: 00:03:37 / 00:22:10 (16%) A-V:  0.000 Dropped: 3 Cache: 840s/500MB
AV: 00:03:37 / 00:22:10 (16%) A-V:  0.000 ct:  4.840 Dropped: 2 Cache: 952s/500MB
AV: 00:03:37 / 00:22:10 (16%) A-V:  0.000 ct:  4.843 Dropped: 2 Cache: 952s/500MB
AV: 00:03:37 / 00:22:10 (16%) A-V:  0.000 ct:  4.847 Dropped: 2 Cache: 951s/500MB
AV: 00:03:37 / 00:22:10 (16%) A-V:  0.000 ct:  4.850 Dropped: 2 Cache: 951s/500MB
AV: 00:03:38 / 00:22:10 (16%) A-V:  0.000 ct:  4.853 Dropped: 2 Cache: 951s/500MB
AV: 00:03:37 / 00:22:10 (16%) A-V:  0.000 ct:  8.021 Dropped: 11 Cache: 850s/500MB
AV: 00:03:38 / 00:22:10 (16%) A-V:  0.000 ct:  4.857 Dropped: 2 Cache: 951s/500MB
AV: 00:03:38 / 00:22:10 (16%) A-V:  0.000 ct:  4.860 Dropped: 2 Cache: 951s/500MB
AV: 00:03:38 / 00:22:10 (16%) A-V:  0.000 ct:  4.863 Dropped: 2 Cache: 951s/500MB
AV: 00:03:38 / 00:22:10 (16%) A-V:  0.000 ct:  4.867 Dropped: 2 Cache: 951s/500MB
AV: 00:03:38 / 00:22:10 (16%) A-V:  0.000 ct:  4.870 Dropped: 2 Cache: 951s/500MB
AV: 00:03:38 / 00:22:10 (16%) A-V:  0.000 ct:  4.873 Dropped: 2 Cache: 951s/500MB
AV: 00:03:38 / 00:22:10 (16%) A-V:  0.000 ct:  4.877 Dropped: 2 Cache: 951s/500MB
AV: 00:03:38 / 00:22:10 (16%) A-V:  0.000 ct:  4.880 Dropped: 2 Cache: 951s/500MB
AV: 00:03:38 / 00:22:10 (16%) A-V:  0.000 ct:  4.883 Dropped: 2 Cache: 951s/500MB
AV: 00:03:38 / 00:22:10 (16%) A-V:  0.000 ct:  4.887 Dropped: 2 Cache: 951s/500MB
AV: 00:03:38 / 00:22:10 (16%) A-V:  0.000 ct:  4.890 Dropped: 2 Cache: 951s/500MB
AV: 00:03:38 / 00:22:10 (16%) A-V:  0.000 ct:  8.021 Dropped: 11 Cache: 850s/500MB
AV: 00:03:38 / 00:22:10 (16%) A-V:  0.000 ct:  4.893 Dropped: 2 Cache: 951s/500MB
AV: 00:03:38 / 00:22:10 (16%) A-V:  0.000 ct:  4.897 Dropped: 2 Cache: 951s/500MB
AV: 00:03:38 / 00:22:10 (16%) A-V:  0.000 ct:  8.021 Dropped: 11 Cache: 851s/500MB
AV: 00:03:38 / 00:22:10 (16%) A-V:  0.000 ct:  4.900 Dropped: 2 Cache: 951s/500MB
AO: [pipewire] 44100Hz stereo 2ch floatp
AV: 00:03:37 / 00:22:10 (16%) A-V:  0.000 Cache: 816s/500MB
AV: 00:03:37 / 00:22:10 (16%) A-V:  0.195 Cache: 816s/500MB
AV: 00:03:37 / 00:22:10 (16%) A-V:  0.161 Dropped: 1 Cache: 816s/500MB
AV: 00:03:37 / 00:22:10 (16%) A-V:  0.128 Dropped: 2 Cache: 816s/500MB
AV: 00:03:37 / 00:22:10 (16%) A-V:  0.095 Dropped: 3 Cache: 816s/500MB
AV: 00:03:38 / 00:22:10 (16%) A-V:  0.000 ct:  4.903 Dropped: 2 Cache: 951s/500MB
AV: 00:03:37 / 00:22:10 (16%) A-V:  0.000 Dropped: 3 Cache: 839s/500MB
AV: 00:03:38 / 00:22:10 (16%) A-V:  0.000 ct:  4.907 Dropped: 2 Cache: 951s/500MB
AV: 00:03:37 / 00:22:10 (16%) A-V:  0.095 Dropped: 4 Cache: 816s/500MB
AV: 00:03:38 / 00:22:10 (16%) A-V:  0.000 ct:  4.910 Dropped: 2 Cache: 951s/500MB
AV: 00:03:38 / 00:22:10 (16%) A-V:  0.000 ct:  4.913 Dropped: 2 Cache: 951s/500MB
AV: 00:03:37 / 00:22:10 (16%) A-V:  0.000 Dropped: 4 Cache: 816s/500MB
AV: 00:03:38 / 00:22:10 (16%) A-V:  0.000 ct:  4.917 Dropped: 2 Cache: 951s/500MB
AV: 00:03:38 / 00:22:10 (16%) A-V:  0.000 ct:  4.920 Dropped: 2 Cache: 951s/500MB
Using hardware decoding (nvdec).
AV: 00:03:37 / 00:22:10 (16%) A-V:  0.000 Dropped: 4 Cache: 816s/500MB
AV: 00:03:38 / 00:22:10 (16%) A-V:  0.000 ct:  8.021 Dropped: 11 Cache: 854s/500MB
VO: [gpu] 640x360 cuda[nv12]
AV: 00:03:37 / 00:22:10 (16%) A-V:  0.000 Dropped: 4 Cache: 816s/500MB
AV: 00:03:38 / 00:22:10 (16%) A-V:  0.000 ct:  4.923 Dropped: 2 Cache: 951s/500MB
AV: 00:03:37 / 00:22:10 (16%) A-V:  0.000 Cache: 816s/500MB
AV: 00:03:38 / 00:22:10 (16%) A-V:  0.000 Cache: 816s/500MB
[dbx] New chapter 16 
AV: 00:03:38 / 00:22:10 (16%) A-V:  0.000 Cache: 816s/500MB
[dbx] Metadata  
AV: 00:03:38 / 00:22:10 (16%) A-V:  0.000 Cache: 816s/500MB
[dbx] chapter time is  218 
AV: 00:03:38 / 00:22:10 (16%) A-V:  0.000 Cache: 816s/500MB
[dbx] Chapter Length is  10 
AV: 00:03:38 / 00:22:10 (16%) A-V:  0.000 Cache: 816s/500MB
[dbx] record_number was  17 
AV: 00:03:38 / 00:22:10 (16%) A-V:  0.000 Cache: 816s/500MB
AV: 00:03:38 / 00:22:10 (16%) A-V:  0.000 ct:  4.927 Dropped: 2 Cache: 951s/500MB
AV: 00:03:38 / 00:22:10 (16%) A-V:  0.000 ct:  8.021 Dropped: 11 Cache: 855s/500MB
AV: 00:03:38 / 00:22:10 (16%) A-V:  0.000 ct:  4.930 Dropped: 2 Cache: 951s/500MB
AV: 00:03:38 / 00:22:10 (16%) A-V:  0.000 ct:  4.933 Dropped: 2 Cache: 951s/500MB
AV: 00:03:38 / 00:22:10 (16%) A-V:  0.000 ct:  4.937 Dropped: 2 Cache: 951s/500MB
AV: 00:03:38 / 00:22:10 (16%) A-V:  0.000 Dropped: 3 Cache: 839s/500MB
AV: 00:03:38 / 00:22:10 (16%) A-V:  0.000 ct:  4.940 Dropped: 2 Cache: 951s/500MB
AV: 00:03:38 / 00:22:10 (16%) A-V:  0.000 ct:  4.943 Dropped: 2 Cache: 951s/500MB
AV: 00:03:38 / 00:22:10 (16%) A-V:  0.000 ct:  4.947 Dropped: 2 Cache: 950s/500MB
AV: 00:03:38 / 00:22:10 (16%) A-V:  0.000 ct:  4.950 Dropped: 2 Cache: 950s/500MB
AV: 00:03:38 / 00:22:10 (16%) A-V:  0.000 ct:  8.021 Dropped: 11 Cache: 854s/500MB
AV: 00:03:39 / 00:22:10 (16%) A-V:  0.000 ct:  4.953 Dropped: 2 Cache: 950s/500MB
AV: 00:03:39 / 00:22:10 (16%) A-V:  0.000 ct:  4.957 Dropped: 2 Cache: 951s/500MB
AV: 00:03:39 / 00:22:10 (16%) A-V:  0.000 ct:  4.960 Dropped: 2 Cache: 951s/500MB
AV: 00:03:38 / 00:22:10 (16%) A-V:  0.000 ct:  8.021 Dropped: 11 Cache: 856s/500MB
AV: 00:03:39 / 00:22:10 (16%) A-V:  0.000 ct:  4.963 Dropped: 2 Cache: 951s/500MB
AV: 00:03:39 / 00:22:10 (16%) A-V:  0.000 ct:  4.967 Dropped: 2 Cache: 951s/500MB
AV: 00:03:39 / 00:22:10 (16%) A-V:  0.000 ct:  4.970 Dropped: 2 Cache: 951s/500MB
AV: 00:03:39 / 00:22:10 (16%) A-V:  0.000 ct:  4.973 Dropped: 2 Cache: 951s/500MB
AV: 00:03:39 / 00:22:10 (16%) A-V:  0.000 ct:  4.977 Dropped: 2 Cache: 951s/500MB
AV: 00:03:39 / 00:22:10 (16%) A-V:  0.000 ct:  4.980 Dropped: 2 Cache: 951s/500MB
AV: 00:03:39 / 00:22:10 (16%) A-V:  0.000 ct:  4.983 Dropped: 2 Cache: 951s/500MB
AV: 00:03:39 / 00:22:10 (16%) A-V:  0.000 ct:  4.987 Dropped: 2 Cache: 951s/500MB
AV: 00:03:39 / 00:22:10 (16%) A-V:  0.000 ct:  4.990 Dropped: 2 Cache: 950s/500MB
AV: 00:03:39 / 00:22:10 (16%) A-V:  0.000 ct:  4.993 Dropped: 2 Cache: 951s/500MB
AV: 00:03:39 / 00:22:10 (16%) A-V:  0.000 ct:  8.021 Dropped: 11 Cache: 856s/500MB
AV: 00:03:38 / 00:22:10 (16%) A-V:  0.000 Cache: 815s/500MB
AV: 00:03:39 / 00:22:10 (16%) A-V:  0.000 ct:  4.996 Dropped: 2 Cache: 951s/500MB
AV: 00:03:39 / 00:22:10 (16%) A-V:  0.000 ct:  8.021 Dropped: 11 Cache: 858s/500MB
AV: 00:03:39 / 00:22:10 (17%) A-V:  0.000 ct:  4.998 Dropped: 2 Cache: 950s/500MB
AV: 00:03:39 / 00:22:10 (17%) A-V:  0.000 ct:  5.001 Dropped: 2 Cache: 950s/500MB
AV: 00:03:39 / 00:22:10 (17%) A-V:  0.000 ct:  5.003 Dropped: 2 Cache: 950s/500MB
AV: 00:03:39 / 00:22:10 (17%) A-V:  0.000 ct:  5.004 Dropped: 2 Cache: 950s/500MB
AV: 00:03:39 / 00:22:10 (17%) A-V:  0.000 ct:  5.006 Dropped: 2 Cache: 950s/500MB
AV: 00:03:39 / 00:22:10 (17%) A-V:  0.000 ct:  5.008 Dropped: 2 Cache: 950s/500MB
AV: 00:03:39 / 00:22:10 (17%) A-V:  0.000 ct:  5.009 Dropped: 2 Cache: 950s/500MB
AV: 00:03:39 / 00:22:10 (17%) A-V:  0.000 ct:  5.010 Dropped: 2 Cache: 950s/500MB
AV: 00:03:39 / 00:22:10 (16%) A-V:  0.000 ct:  8.021 Dropped: 11 Cache: 859s/500MB
AV: 00:03:39 / 00:22:10 (16%) A-V:  0.000 Cache: 815s/500MB
AV: 00:03:39 / 00:22:10 (17%) A-V:  0.000 ct:  5.011 Dropped: 2 Cache: 950s/500MB
AV: 00:03:39 / 00:22:10 (17%) A-V:  0.000 ct:  5.012 Dropped: 2 Cache: 950s/500MB
AV: 00:03:38 / 00:22:10 (16%) A-V:  0.000 Dropped: 3 Cache: 838s/500MB
AV: 00:03:39 / 00:22:10 (17%) A-V:  0.000 ct:  5.013 Dropped: 2 Cache: 951s/500MB
AV: 00:03:39 / 00:22:10 (17%) A-V:  0.000 ct:  5.014 Dropped: 2 Cache: 951s/500MB
AV: 00:03:39 / 00:22:10 (17%) A-V:  0.000 ct:  8.021 Dropped: 11 Cache: 859s/500MB
AV: 00:03:39 / 00:22:10 (16%) A-V:  0.000 Dropped: 3 Cache: 838s/500MB
AV: 00:03:39 / 00:22:10 (17%) A-V:  0.000 ct:  5.015 Dropped: 2 Cache: 951s/500MB
AV: 00:03:39 / 00:22:10 (17%) A-V:  0.000 ct:  5.016 Dropped: 2 Cache: 950s/500MB
AV: 00:03:39 / 00:22:10 (17%) A-V:  0.000 ct:  8.021 Dropped: 11 Cache: 860s/500MB
AV: 00:03:40 / 00:22:10 (17%) A-V:  0.000 ct:  5.017 Dropped: 2 Cache: 950s/500MB
AV: 00:03:40 / 00:22:10 (17%) A-V:  0.000 ct:  5.018 Dropped: 2 Cache: 950s/500MB
AV: 00:03:40 / 00:22:10 (17%) A-V:  0.000 ct:  5.018 Dropped: 2 Cache: 951s/500MB
AV: 00:03:40 / 00:22:10 (17%) A-V:  0.000 ct:  5.019 Dropped: 2 Cache: 951s/500MB
AV: 00:03:39 / 00:22:10 (17%) A-V:  0.000 ct:  8.021 Dropped: 11 Cache: 861s/500MB
AV: 00:03:40 / 00:22:10 (17%) A-V:  0.000 ct:  5.019 Dropped: 2 Cache: 950s/500MB
AV: 00:03:39 / 00:22:10 (17%) A-V:  0.000 Cache: 815s/500MB
AV: 00:03:40 / 00:22:10 (17%) A-V:  0.000 ct:  5.020 Dropped: 2 Cache: 950s/500MB
AV: 00:03:39 / 00:22:10 (17%) A-V:  0.000 Dropped: 3 Cache: 838s/500MB
AV: 00:03:40 / 00:22:10 (17%) A-V:  0.000 ct:  8.021 Dropped: 11 Cache: 861s/500MB
AV: 00:03:39 / 00:22:10 (17%) A-V:  0.000 Cache: 814s/500MB
AV: 00:03:40 / 00:22:10 (17%) A-V:  0.000 ct:  8.021 Dropped: 11 Cache: 863s/500MB
AV: 00:03:40 / 00:22:10 (17%) A-V:  0.000 ct:  5.021 Dropped: 2 Cache: 950s/500MB
AV: 00:03:40 / 00:22:10 (17%) A-V:  0.000 Cache: 814s/500MB
AV: 00:03:40 / 00:22:10 (17%) A-V:  0.000 Dropped: 3 Cache: 837s/500MB
AV: 00:03:40 / 00:22:10 (17%) A-V:  0.000 ct:  8.021 Dropped: 11 Cache: 862s/500MB
AV: 00:03:41 / 00:22:10 (17%) A-V:  0.000 ct:  5.021 Dropped: 2 Cache: 950s/500MB
AV: 00:03:41 / 00:22:10 (17%) A-V:  0.000 ct:  5.021 Dropped: 2 Cache: 951s/500MB
AV: 00:03:41 / 00:22:10 (17%) A-V:  0.000 ct:  5.021 Dropped: 2 Cache: 950s/500MB
AV: 00:03:41 / 00:22:10 (17%) A-V:  0.000 ct:  8.021 Dropped: 11 Cache: 862s/500MB
AV: 00:03:40 / 00:22:10 (17%) A-V:  0.000 Cache: 813s/500MB
AV: 00:03:41 / 00:22:10 (17%) A-V:  0.000 ct:  8.021 Dropped: 11 Cache: 863s/500MB
AV: 00:03:41 / 00:22:10 (17%) A-V:  0.000 ct:  8.021 Dropped: 11 Cache: 864s/500MB
AV: 00:03:41 / 00:22:10 (17%) A-V:  0.000 Cache: 813s/500MB
AV: 00:03:41 / 00:22:10 (17%) A-V:  0.000 Dropped: 3 Cache: 837s/500MB
AV: 00:03:42 / 00:22:10 (17%) A-V:  0.000 ct:  5.021 Dropped: 2 Cache: 950s/500MB
AV: 00:03:41 / 00:22:10 (17%) A-V:  0.000 Dropped: 3 Cache: 836s/500MB
AV: 00:03:41 / 00:22:10 (17%) A-V:  0.000 ct:  8.021 Dropped: 11 Cache: 865s/500MB
AV: 00:03:41 / 00:22:10 (17%) A-V:  0.000 Dropped: 3 Cache: 837s/500MB
AV: 00:03:41 / 00:22:10 (17%) A-V:  0.000 Dropped: 3 Cache: 836s/500MB
AV: 00:03:42 / 00:22:10 (17%) A-V:  0.000 ct:  8.021 Dropped: 11 Cache: 865s/500MB
AV: 00:03:42 / 00:22:10 (17%) A-V:  0.000 ct:  8.021 Dropped: 11 Cache: 866s/500MB
AV: 00:03:41 / 00:22:10 (17%) A-V:  0.000 Cache: 812s/500MB
AV: 00:03:42 / 00:22:10 (17%) A-V:  0.000 Cache: 812s/500MB
AV: 00:03:42 / 00:22:10 (17%) A-V:  0.000 Dropped: 3 Cache: 836s/500MB
AV: 00:03:43 / 00:22:10 (17%) A-V:  0.000 ct:  5.021 Dropped: 2 Cache: 950s/500MB
AV: 00:03:42 / 00:22:10 (17%) A-V:  0.000 ct:  8.021 Dropped: 11 Cache: 865s/500MB
AV: 00:03:43 / 00:22:10 (17%) A-V:  0.000 ct:  8.021 Dropped: 11 Cache: 865s/500MB
AV: 00:03:42 / 00:22:10 (17%) A-V:  0.000 Dropped: 3 Cache: 835s/500MB
AV: 00:03:42 / 00:22:10 (17%) A-V:  0.000 Cache: 811s/500MB
AV: 00:03:43 / 00:22:10 (17%) A-V:  0.000 Cache: 811s/500MB
AV: 00:03:43 / 00:22:10 (17%) A-V:  0.000 Dropped: 3 Cache: 835s/500MB
AV: 00:03:44 / 00:22:10 (17%) A-V:  0.000 ct:  5.021 Dropped: 2 Cache: 950s/500MB
AV: 00:03:43 / 00:22:10 (17%) A-V:  0.000 ct:  8.021 Dropped: 11 Cache: 866s/500MB
AV: 00:03:44 / 00:22:10 (17%) A-V:  0.000 ct:  8.021 Dropped: 11 Cache: 866s/500MB
AV: 00:03:44 / 00:22:10 (17%) A-V:  0.000 ct:  8.021 Dropped: 11 Cache: 868s/500MB
AV: 00:03:43 / 00:22:10 (17%) A-V:  0.000 Dropped: 3 Cache: 834s/500MB
AV: 00:03:44 / 00:22:10 (17%) A-V:  0.000 ct:  8.021 Dropped: 11 Cache: 869s/500MB
AV: 00:03:44 / 00:22:10 (17%) A-V:  0.000 ct:  8.021 Dropped: 11 Cache: 870s/500MB
AV: 00:03:43 / 00:22:10 (17%) A-V:  0.000 Cache: 810s/500MB
AV: 00:03:44 / 00:22:10 (17%) A-V:  0.000 Cache: 810s/500MB
AV: 00:03:44 / 00:22:10 (17%) A-V:  0.000 Dropped: 3 Cache: 834s/500MB
AV: 00:03:44 / 00:22:10 (17%) A-V:  0.000 ct:  8.021 Dropped: 11 Cache: 871s/500MB
AV: 00:03:44 / 00:22:10 (17%) A-V:  0.000 ct:  8.021 Dropped: 11 Cache: 872s/500MB
AV: 00:03:45 / 00:22:10 (17%) A-V:  0.000 ct:  5.021 Dropped: 2 Cache: 950s/500MB
AV: 00:03:44 / 00:22:10 (17%) A-V:  0.000 ct:  8.021 Dropped: 11 Cache: 874s/500MB
AV: 00:03:45 / 00:22:10 (17%) A-V:  0.000 ct:  8.021 Dropped: 11 Cache: 874s/500MB
AV: 00:03:44 / 00:22:10 (17%) A-V:  0.000 Dropped: 3 Cache: 833s/500MB
AV: 00:03:45 / 00:22:10 (17%) A-V:  0.000 ct:  8.021 Dropped: 11 Cache: 875s/500MB
AV: 00:03:45 / 00:22:10 (17%) A-V:  0.000 Cache: 810s/500MB
AV: 00:03:45 / 00:22:10 (17%) A-V:  0.000 ct:  8.021 Dropped: 11 Cache: 876s/500MB
AV: 00:03:45 / 00:22:10 (17%) A-V:  0.000 Dropped: 3 Cache: 833s/500MB
AV: 00:03:45 / 00:22:10 (17%) A-V:  0.000 Cache: 809s/500MB
AV: 00:03:45 / 00:22:10 (17%) A-V:  0.000 ct:  8.021 Dropped: 11 Cache: 879s/500MB
AV: 00:03:46 / 00:22:10 (17%) A-V:  0.000 ct:  5.021 Dropped: 2 Cache: 950s/500MB
AV: 00:03:45 / 00:22:10 (17%) A-V:  0.000 ct:  8.021 Dropped: 11 Cache: 880s/500MB
AV: 00:03:45 / 00:22:10 (17%) A-V:  0.000 ct:  8.021 Dropped: 11 Cache: 881s/500MB
AV: 00:03:45 / 00:22:10 (17%) A-V:  0.000 ct:  8.021 Dropped: 11 Cache: 884s/500MB
AV: 00:03:46 / 00:22:10 (17%) A-V:  0.000 ct:  8.021 Dropped: 11 Cache: 884s/500MB
AV: 00:03:46 / 00:22:10 (17%) A-V:  0.000 ct:  8.021 Dropped: 11 Cache: 885s/500MB
AV: 00:03:46 / 00:22:10 (17%) A-V:  0.000 ct:  8.021 Dropped: 11 Cache: 886s/500MB
AV: 00:03:45 / 00:22:10 (17%) A-V:  0.000 Dropped: 3 Cache: 832s/500MB
AV: 00:03:46 / 00:22:10 (17%) A-V:  0.000 ct:  8.021 Dropped: 11 Cache: 887s/500MB
AV: 00:03:46 / 00:22:10 (17%) A-V:  0.000 ct:  8.021 Dropped: 11 Cache: 889s/500MB
AV: 00:03:46 / 00:22:10 (17%) A-V:  0.000 Cache: 809s/500MB
AV: 00:03:46 / 00:22:10 (17%) A-V:  0.000 Dropped: 3 Cache: 832s/500MB
AV: 00:03:46 / 00:22:10 (17%) A-V:  0.000 Cache: 808s/500MB
AV: 00:03:47 / 00:22:10 (17%) A-V:  0.000 ct:  5.021 Dropped: 2 Cache: 950s/500MB
AV: 00:03:46 / 00:22:10 (17%) A-V:  0.000 ct:  8.021 Dropped: 11 Cache: 891s/500MB
AV: 00:03:46 / 00:22:10 (17%) A-V:  0.000 ct:  8.021 Dropped: 11 Cache: 892s/500MB
AV: 00:03:46 / 00:22:10 (17%) A-V:  0.000 ct:  8.021 Dropped: 11 Cache: 893s/500MB
AV: 00:03:47 / 00:22:10 (17%) A-V:  0.000 ct:  8.021 Dropped: 11 Cache: 894s/500MB
AV: 00:03:47 / 00:22:10 (17%) A-V:  0.000 ct:  8.021 Dropped: 11 Cache: 896s/500MB
AV: 00:03:47 / 00:22:10 (17%) A-V:  0.000 ct:  8.021 Dropped: 11 Cache: 897s/500MB
AV: 00:03:47 / 00:22:10 (17%) A-V:  0.000 ct:  8.021 Dropped: 11 Cache: 898s/500MB
AV: 00:03:47 / 00:22:10 (17%) A-V:  0.000 Cache: 808s/500MB
AV: 00:03:47 / 00:22:10 (17%) A-V:  0.000 ct:  8.021 Dropped: 11 Cache: 900s/500MB
AV: 00:03:47 / 00:22:10 (17%) A-V:  0.000 Dropped: 3 Cache: 832s/500MB
AV: 00:03:47 / 00:22:10 (17%) A-V:  0.000 Dropped: 3 Cache: 831s/500MB
AV: 00:03:47 / 00:22:10 (17%) A-V:  0.000 ct:  8.021 Dropped: 11 Cache: 901s/500MB
Using hardware decoding (nvdec).
AV: 00:03:47 / 00:22:10 (17%) A-V:  0.000 ct:  5.021 Dropped: 2 Cache: 950s/500MB
AV: 00:03:47 / 00:22:10 (17%) A-V:  0.000 ct:  8.021 Dropped: 11 Cache: 900s/500MB
AV: 00:03:47 / 00:22:10 (17%) A-V:  0.000 ct:  5.021 Dropped: 2 Cache: 951s/500MB
AV: 00:03:47 / 00:22:10 (17%) A-V:  0.000 Cache: 807s/500MB
VO: [gpu] 1920x1080 cuda[nv12]
AV: 00:03:47 / 00:22:10 (17%) A-V:  0.000 ct:  5.021 Dropped: 2 Cache: 951s/500MB
AV: 00:03:47 / 00:22:10 (17%) A-V:  0.000 ct:  5.021 Cache: 951s/500MB
AV: 00:03:48 / 00:22:10 (17%) A-V:  0.000 ct:  5.021 Cache: 951s/500MB
AV: 00:03:48 / 00:22:10 (17%) A-V:  0.000 ct:  5.021 Dropped: 1 Cache: 951s/500MB
[dbx] New chapter 19 
AV: 00:03:48 / 00:22:10 (17%) A-V:  0.000 ct:  5.021 Dropped: 1 Cache: 951s/500MB
[dbx] Metadata  
AV: 00:03:48 / 00:22:10 (17%) A-V:  0.000 ct:  5.021 Dropped: 1 Cache: 951s/500MB
[dbx] chapter time is  228 
AV: 00:03:48 / 00:22:10 (17%) A-V:  0.000 ct:  5.021 Dropped: 1 Cache: 951s/500MB
[dbx] Chapter Length is  18 
AV: 00:03:48 / 00:22:10 (17%) A-V:  0.000 ct:  5.021 Dropped: 1 Cache: 951s/500MB
[dbx] record_number was  20 
AV: 00:03:48 / 00:22:10 (17%) A-V:  0.000 ct:  5.021 Dropped: 1 Cache: 951s/500MB
AV: 00:03:48 / 00:22:10 (17%) A-V:  0.000 ct:  5.021 Dropped: 2 Cache: 951s/500MB
AV: 00:03:47 / 00:22:10 (17%) A-V:  0.000 ct:  8.021 Dropped: 11 Cache: 901s/500MB
AV: 00:03:47 / 00:22:10 (17%) A-V:  0.000 ct:  8.021 Dropped: 11 Cache: 902s/500MB
AV: 00:03:47 / 00:22:10 (17%) A-V:  0.000 ct:  8.021 Dropped: 11 Cache: 903s/500MB
AV: 00:03:48 / 00:22:10 (17%) A-V:  0.000 ct:  8.021 Dropped: 11 Cache: 903s/500MB
Invalid audio PTS: 227.999977 -> 236.000000
AV: 00:03:47 / 00:22:10 (17%) A-V:  0.000 Dropped: 3 Cache: 831s/500MB
Reset playback due to audio timestamp reset.
AV: 00:03:47 / 00:22:10 (17%) A-V:  0.000 Dropped: 3 Cache: 831s/500MB
[ffmpeg/video] vp9: Not all references are available
AV: 00:03:47 / 00:22:10 (17%) A-V:  0.000 Dropped: 3 Cache: 831s/500MB
Error while decoding frame (hardware decoding)!
AV: 00:03:47 / 00:22:10 (17%) A-V:  0.000 Dropped: 3 Cache: 831s/500MB
[ffmpeg/video] vp9: Not all references are available
AV: 00:03:47 / 00:22:10 (17%) A-V:  0.000 Dropped: 3 Cache: 831s/500MB
Error while decoding frame (hardware decoding)!
AV: 00:03:47 / 00:22:10 (17%) A-V:  0.000 Dropped: 3 Cache: 831s/500MB
[ffmpeg/video] vp9: Not all references are available
AV: 00:03:47 / 00:22:10 (17%) A-V:  0.000 Dropped: 3 Cache: 831s/500MB
Error while decoding frame (hardware decoding)!
AV: 00:03:47 / 00:22:10 (17%) A-V:  0.000 Dropped: 3 Cache: 831s/500MB
Attempting next decoding method after failure of vp9-nvdec.
AV: 00:03:47 / 00:22:10 (17%) A-V:  0.000 Dropped: 3 Cache: 831s/500MB
[ffmpeg/video] vp9: Not all references are available
AV: 00:03:47 / 00:22:10 (17%) A-V:  0.000 Dropped: 3 Cache: 831s/500MB
[ffmpeg/video] vp9: Not all references are available
AV: 00:03:47 / 00:22:10 (17%) A-V:  0.000 Dropped: 3 Cache: 831s/500MB
[ffmpeg/video] vp9: Not all references are available
AV: 00:03:47 / 00:22:10 (17%) A-V:  0.000 Dropped: 3 Cache: 831s/500MB
[ffmpeg/video] vp9: Not all references are available
AV: 00:03:47 / 00:22:10 (17%) A-V:  0.000 Dropped: 3 Cache: 831s/500MB
[ffmpeg/video] vp9: Not all references are available
AV: 00:03:47 / 00:22:10 (17%) A-V:  0.000 Dropped: 3 Cache: 831s/500MB
[ffmpeg/video] vp9: Not all references are available
AV: 00:03:47 / 00:22:10 (17%) A-V:  0.000 Dropped: 3 Cache: 831s/500MB
[ffmpeg/video] vp9: Not all references are available
AV: 00:03:47 / 00:22:10 (17%) A-V:  0.000 Dropped: 3 Cache: 831s/500MB
[ffmpeg/video] vp9: Not all references are available
AV: 00:03:47 / 00:22:10 (17%) A-V:  0.000 Dropped: 3 Cache: 831s/500MB
[ffmpeg/video] vp9: Not all references are available
AV: 00:03:47 / 00:22:10 (17%) A-V:  0.000 Dropped: 3 Cache: 831s/500MB
[ffmpeg/video] vp9: Not all references are available
AV: 00:03:47 / 00:22:10 (17%) A-V:  0.000 Dropped: 3 Cache: 831s/500MB
[ffmpeg/video] vp9: Not all references are available
AV: 00:03:47 / 00:22:10 (17%) A-V:  0.000 Dropped: 3 Cache: 831s/500MB
[ffmpeg/video] vp9: Not all references are available
AV: 00:03:47 / 00:22:10 (17%) A-V:  0.000 Dropped: 3 Cache: 831s/500MB
[ffmpeg/video] vp9: Not all references are available
AV: 00:03:47 / 00:22:10 (17%) A-V:  0.000 Dropped: 3 Cache: 831s/500MB
[ffmpeg/video] vp9: Not all references are available
AV: 00:03:47 / 00:22:10 (17%) A-V:  0.000 Dropped: 3 Cache: 831s/500MB
[ffmpeg/video] vp9: Not all references are available
AV: 00:03:47 / 00:22:10 (17%) A-V:  0.000 Dropped: 3 Cache: 831s/500MB
Error while decoding frame!
AV: 00:03:47 / 00:22:10 (17%) A-V:  0.000 Dropped: 3 Cache: 831s/500MB
[ffmpeg/video] vp9: Not all references are available
AV: 00:03:47 / 00:22:10 (17%) A-V:  0.000 Dropped: 3 Cache: 831s/500MB
Error while decoding frame!
AV: 00:03:47 / 00:22:10 (17%) A-V:  0.000 Dropped: 3 Cache: 831s/500MB
[ffmpeg/video] vp9: Not all references are available
AV: 00:03:47 / 00:22:10 (17%) A-V:  0.000 Dropped: 3 Cache: 831s/500MB
Error while decoding frame!
AV: 00:03:47 / 00:22:10 (17%) A-V:  0.000 Dropped: 3 Cache: 831s/500MB
[ffmpeg/video] vp9: Not all references are available
AV: 00:03:47 / 00:22:10 (17%) A-V:  0.000 Dropped: 3 Cache: 831s/500MB
Error while decoding frame!
AV: 00:03:47 / 00:22:10 (17%) A-V:  0.000 Dropped: 3 Cache: 831s/500MB
[ffmpeg/video] vp9: Not all references are available
AV: 00:03:47 / 00:22:10 (17%) A-V:  0.000 Dropped: 3 Cache: 831s/500MB
Error while decoding frame!
AV: 00:03:47 / 00:22:10 (17%) A-V:  0.000 Dropped: 3 Cache: 831s/500MB
[ffmpeg/video] vp9: Not all references are available
AV: 00:03:47 / 00:22:10 (17%) A-V:  0.000 Dropped: 3 Cache: 831s/500MB
Error while decoding frame!
AV: 00:03:47 / 00:22:10 (17%) A-V:  0.000 Dropped: 3 Cache: 831s/500MB
[ffmpeg/video] vp9: Not all references are available
AV: 00:03:47 / 00:22:10 (17%) A-V:  0.000 Dropped: 3 Cache: 831s/500MB
Error while decoding frame!
AV: 00:03:47 / 00:22:10 (17%) A-V:  0.000 Dropped: 3 Cache: 831s/500MB
[ffmpeg/video] vp9: Not all references are available
AV: 00:03:47 / 00:22:10 (17%) A-V:  0.000 Dropped: 3 Cache: 831s/500MB
Error while decoding frame!
AV: 00:03:47 / 00:22:10 (17%) A-V:  0.000 Dropped: 3 Cache: 831s/500MB
[ffmpeg/video] vp9: Not all references are available
AV: 00:03:47 / 00:22:10 (17%) A-V:  0.000 Dropped: 3 Cache: 831s/500MB
Error while decoding frame!
AV: 00:03:47 / 00:22:10 (17%) A-V:  0.000 Dropped: 3 Cache: 831s/500MB
[ffmpeg/video] vp9: Not all references are available
AV: 00:03:47 / 00:22:10 (17%) A-V:  0.000 Dropped: 3 Cache: 831s/500MB
Error while decoding frame!
AV: 00:03:47 / 00:22:10 (17%) A-V:  0.000 Dropped: 3 Cache: 831s/500MB
Error while decoding frame!
AV: 00:03:47 / 00:22:10 (17%) A-V:  0.000 Dropped: 3 Cache: 831s/500MB
Error while decoding frame!
AV: 00:03:47 / 00:22:10 (17%) A-V:  0.000 Dropped: 3 Cache: 831s/500MB
Error while decoding frame!
AV: 00:03:47 / 00:22:10 (17%) A-V:  0.000 Dropped: 3 Cache: 831s/500MB
Error while decoding frame!
AV: 00:03:47 / 00:22:10 (17%) A-V:  0.000 Dropped: 3 Cache: 831s/500MB
Error while decoding frame!
AV: 00:03:47 / 00:22:10 (17%) A-V:  0.000 Dropped: 3 Cache: 831s/500MB
Error while decoding frame!
AV: 00:03:47 / 00:22:10 (17%) A-V:  0.000 Dropped: 3 Cache: 831s/500MB
Error while decoding frame!
AV: 00:03:47 / 00:22:10 (17%) A-V:  0.000 Dropped: 3 Cache: 831s/500MB
Error while decoding frame!
AV: 00:03:47 / 00:22:10 (17%) A-V:  0.000 Dropped: 3 Cache: 831s/500MB
Error while decoding frame!
AV: 00:03:47 / 00:22:10 (17%) A-V:  0.000 Dropped: 3 Cache: 831s/500MB
Error while decoding frame!
AV: 00:03:47 / 00:22:10 (17%) A-V:  0.000 Dropped: 3 Cache: 831s/500MB
Error while decoding frame!
AV: 00:03:47 / 00:22:10 (17%) A-V:  0.000 Dropped: 3 Cache: 831s/500MB
Error while decoding frame!
AV: 00:03:47 / 00:22:10 (17%) A-V:  0.000 Dropped: 3 Cache: 831s/500MB
Error while decoding frame!
AV: 00:03:47 / 00:22:10 (17%) A-V:  0.000 Dropped: 3 Cache: 831s/500MB
Error while decoding frame!
AV: 00:03:47 / 00:22:10 (17%) A-V:  0.000 Dropped: 3 Cache: 831s/500MB
Using hardware decoding (nvdec).
AV: 00:03:47 / 00:22:10 (17%) A-V:  0.000 Dropped: 3 Cache: 831s/500MB
(...) AV: 00:00:00 / 00:22:10 (0%) A-V:  0.000 Cache: 824s/500MB
[dbx] New chapter 0 
(...) AV: 00:00:00 / 00:22:10 (0%) A-V:  0.000 Cache: 824s/500MB
[dbx] Metadata  
(...) AV: 00:00:00 / 00:22:10 (0%) A-V:  0.000 Cache: 824s/500MB
[dbx] chapter time is  0 
(...) AV: 00:00:00 / 00:22:10 (0%) A-V:  0.000 Cache: 824s/500MB
[dbx] Chapter Length is  -180 
(...) AV: 00:00:00 / 00:22:10 (0%) A-V:  0.000 Cache: 824s/500MB
[dbx] record_number was  1 
(...) AV: 00:00:00 / 00:22:10 (0%) A-V:  0.000 Cache: 824s/500MB
AV: 00:03:48 / 00:22:10 (17%) A-V:  0.000 ct:  8.021 Dropped: 11 Cache: 905s/500MB
AV: 00:03:48 / 00:22:10 (17%) A-V:  0.000 ct:  5.021 Dropped: 2 Cache: 950s/500MB
AV: 00:03:48 / 00:22:10 (17%) A-V:  0.000 ct:  8.021 Dropped: 11 Cache: 906s/500MB
AO: [pipewire] 44100Hz stereo 2ch floatp
(...) AV: 00:00:00 / 00:22:10 (0%) A-V:  0.000 Cache: 824s/500MB
AV: 00:03:48 / 00:22:10 (17%) A-V:  0.000 Cache: 824s/500MB
[dbx] New chapter 18 
AV: 00:03:48 / 00:22:10 (17%) A-V:  0.000 Cache: 824s/500MB
[dbx] Metadata  
AV: 00:03:48 / 00:22:10 (17%) A-V:  0.000 Cache: 824s/500MB
[dbx] chapter time is  228 
AV: 00:03:48 / 00:22:10 (17%) A-V:  0.000 Cache: 824s/500MB
[dbx] Chapter Length is  198 
AV: 00:03:48 / 00:22:10 (17%) A-V:  0.000 Cache: 824s/500MB
[dbx] record_number was  19 
AV: 00:03:48 / 00:22:10 (17%) A-V:  0.000 Cache: 824s/500MB
AV: 00:03:48 / 00:22:10 (17%) A-V:  0.000 Cache: 807s/500MB
AV: 00:03:48 / 00:22:10 (17%) A-V:  0.000 ct:  0.064 Cache: 824s/500MB
AV: 00:03:48 / 00:22:10 (17%) A-V:  0.000 ct:  0.080 Cache: 824s/500MB
AV: 00:03:48 / 00:22:10 (17%) A-V:  0.000 ct:  0.096 Cache: 824s/500MB
AV: 00:03:48 / 00:22:10 (17%) A-V:  0.000 ct:  0.112 Cache: 824s/500MB
AV: 00:03:48 / 00:22:10 (17%) A-V:  0.000 ct:  8.021 Dropped: 11 Cache: 905s/500MB
AV: 00:03:48 / 00:22:10 (17%) A-V:  0.000 ct:  0.128 Cache: 824s/500MB
AV: 00:03:49 / 00:22:10 (17%) A-V:  0.000 ct:  5.021 Dropped: 2 Cache: 950s/500MB
AV: 00:03:48 / 00:22:10 (17%) A-V:  0.000 ct:  0.144 Cache: 824s/500MB
AV: 00:03:48 / 00:22:10 (17%) A-V:  0.000 ct:  0.160 Cache: 824s/500MB
AV: 00:03:48 / 00:22:10 (17%) A-V:  0.000 ct:  0.176 Cache: 824s/500MB
AV: 00:03:48 / 00:22:10 (17%) A-V:  0.000 ct:  0.192 Cache: 824s/500MB
AV: 00:03:48 / 00:22:10 (17%) A-V:  0.000 Cache: 806s/500MB
AV: 00:03:48 / 00:22:10 (17%) A-V:  0.000 ct:  0.208 Cache: 824s/500MB
AV: 00:03:48 / 00:22:10 (17%) A-V:  0.000 ct:  0.224 Cache: 824s/500MB
AV: 00:03:48 / 00:22:10 (17%) A-V:  0.000 ct:  0.240 Cache: 824s/500MB
AV: 00:03:48 / 00:22:10 (17%) A-V:  0.000 ct:  0.256 Cache: 824s/500MB
AV: 00:03:48 / 00:22:10 (17%) A-V:  0.000 ct:  0.272 Cache: 824s/500MB
AV: 00:03:49 / 00:22:10 (17%) A-V:  0.000 ct:  8.021 Dropped: 11 Cache: 905s/500MB
AV: 00:03:48 / 00:22:10 (17%) A-V:  0.000 ct:  0.288 Cache: 824s/500MB
AV: 00:03:48 / 00:22:10 (17%) A-V:  0.000 ct:  0.304 Cache: 824s/500MB
AV: 00:03:48 / 00:22:10 (17%) A-V:  0.000 ct:  0.320 Cache: 824s/500MB
AV: 00:03:48 / 00:22:10 (17%) A-V:  0.000 ct:  0.336 Cache: 824s/500MB
AV: 00:03:49 / 00:22:10 (17%) A-V:  0.000 ct:  5.021 Dropped: 2 Cache: 949s/500MB
AV: 00:03:48 / 00:22:10 (17%) A-V:  0.000 ct:  0.352 Cache: 824s/500MB
AV: 00:03:48 / 00:22:10 (17%) A-V:  0.000 ct:  0.368 Cache: 824s/500MB
AV: 00:03:49 / 00:22:10 (17%) A-V:  0.000 ct:  0.384 Cache: 824s/500MB
AV: 00:03:49 / 00:22:10 (17%) A-V:  0.000 ct:  0.400 Cache: 824s/500MB
AV: 00:03:49 / 00:22:10 (17%) A-V:  0.000 ct:  0.416 Cache: 824s/500MB
AV: 00:03:49 / 00:22:10 (17%) A-V:  0.000 Cache: 806s/500MB
AV: 00:03:49 / 00:22:10 (17%) A-V:  0.000 ct:  0.432 Cache: 824s/500MB
AV: 00:03:49 / 00:22:10 (17%) A-V:  0.000 ct:  0.448 Cache: 824s/500MB
AV: 00:03:49 / 00:22:10 (17%) A-V:  0.000 ct:  0.464 Cache: 824s/500MB
AV: 00:03:49 / 00:22:10 (17%) A-V:  0.000 ct:  0.480 Cache: 824s/500MB
AV: 00:03:49 / 00:22:10 (17%) A-V:  0.000 ct:  0.496 Cache: 824s/500MB
AV: 00:03:49 / 00:22:10 (17%) A-V:  0.000 ct:  0.512 Cache: 824s/500MB
AV: 00:03:49 / 00:22:10 (17%) A-V:  0.000 ct:  0.528 Cache: 824s/500MB
AV: 00:03:50 / 00:22:10 (17%) A-V:  0.000 ct:  5.021 Dropped: 2 Cache: 949s/500MB
AV: 00:03:49 / 00:22:10 (17%) A-V:  0.000 ct:  0.544 Cache: 824s/500MB
AV: 00:03:49 / 00:22:10 (17%) A-V:  0.000 ct:  0.560 Cache: 824s/500MB
AV: 00:03:49 / 00:22:10 (17%) A-V:  0.000 ct:  0.576 Cache: 824s/500MB
AV: 00:03:49 / 00:22:10 (17%) A-V:  0.000 ct:  0.592 Cache: 824s/500MB
AV: 00:03:49 / 00:22:10 (17%) A-V:  0.000 Cache: 805s/500MB
AO: [pipewire] 44100Hz stereo 2ch floatp
AV: 00:03:49 / 00:22:10 (17%) A-V:  0.000 ct:  8.021 Dropped: 11 Cache: 905s/500MB
AV: 00:03:49 / 00:22:10 (17%) A-V:  0.166 ct:  8.021 Dropped: 11 Cache: 905s/500MB
AV: 00:03:49 / 00:22:10 (17%) A-V:  0.000 ct:  0.608 Cache: 824s/500MB
AV: 00:03:49 / 00:22:10 (17%) A-V:  0.133 ct:  8.021 Dropped: 12 Cache: 905s/500MB
AV: 00:03:49 / 00:22:10 (17%) A-V:  0.100 ct:  8.021 Dropped: 13 Cache: 905s/500MB
AV: 00:03:49 / 00:22:10 (17%) A-V:  0.066 ct:  8.021 Dropped: 14 Cache: 905s/500MB
AV: 00:03:49 / 00:22:10 (17%) A-V:  0.000 ct:  0.624 Cache: 824s/500MB
Using hardware decoding (nvdec).
AV: 00:03:49 / 00:22:10 (17%) A-V:  0.066 ct:  8.021 Dropped: 14 Cache: 905s/500MB
AV: 00:03:49 / 00:22:10 (17%) A-V:  0.066 ct:  8.021 Dropped: 15 Cache: 906s/500MB
AV: 00:03:49 / 00:22:10 (17%) A-V:  0.000 ct:  0.640 Cache: 824s/500MB
AV: 00:03:49 / 00:22:10 (17%) A-V:  0.000 ct:  0.656 Cache: 824s/500MB
AV: 00:03:49 / 00:22:10 (17%) A-V:  0.000 ct:  8.021 Dropped: 15 Cache: 906s/500MB
AV: 00:03:49 / 00:22:10 (17%) A-V:  0.000 ct:  0.672 Cache: 824s/500MB
AV: 00:03:49 / 00:22:10 (17%) A-V:  0.000 ct:  0.688 Cache: 824s/500MB
VO: [gpu] 640x360 cuda[nv12]
AV: 00:03:49 / 00:22:10 (17%) A-V:  0.000 ct:  8.021 Dropped: 15 Cache: 906s/500MB
AV: 00:03:49 / 00:22:10 (17%) A-V:  0.000 ct:  8.021 Cache: 906s/500MB
AV: 00:03:49 / 00:22:10 (17%) A-V:  0.000 ct:  0.704 Cache: 824s/500MB
AV: 00:03:50 / 00:22:10 (17%) A-V:  0.000 ct:  8.021 Cache: 906s/500MB
[dbx] New chapter 16 
AV: 00:03:50 / 00:22:10 (17%) A-V:  0.000 ct:  8.021 Cache: 906s/500MB
[dbx] Metadata  
AV: 00:03:50 / 00:22:10 (17%) A-V:  0.000 ct:  8.021 Cache: 906s/500MB
[dbx] chapter time is  230 
AV: 00:03:50 / 00:22:10 (17%) A-V:  0.000 ct:  8.021 Cache: 906s/500MB
[dbx] Chapter Length is  19 
AV: 00:03:50 / 00:22:10 (17%) A-V:  0.000 ct:  8.021 Cache: 906s/500MB
[dbx] record_number was  17 
AV: 00:03:50 / 00:22:10 (17%) A-V:  0.000 ct:  8.021 Cache: 906s/500MB
AV: 00:03:49 / 00:22:10 (17%) A-V:  0.000 ct:  0.720 Cache: 824s/500MB
AV: 00:03:50 / 00:22:10 (17%) A-V:  0.000 ct:  8.021 Cache: 905s/500MB
AV: 00:03:49 / 00:22:10 (17%) A-V:  0.000 ct:  0.736 Cache: 824s/500MB
AV: 00:03:49 / 00:22:10 (17%) A-V:  0.000 ct:  0.752 Cache: 824s/500MB
AV: 00:03:49 / 00:22:10 (17%) A-V:  0.000 ct:  0.768 Cache: 824s/500MB
AV: 00:03:50 / 00:22:10 (17%) A-V:  0.000 ct:  0.784 Cache: 824s/500MB
AV: 00:03:50 / 00:22:10 (17%) A-V:  0.000 ct:  0.800 Cache: 824s/500MB
AV: 00:03:50 / 00:22:10 (17%) A-V:  0.000 ct:  0.816 Cache: 824s/500MB
AV: 00:03:50 / 00:22:10 (17%) A-V:  0.000 Cache: 805s/500MB
AV: 00:03:50 / 00:22:10 (17%) A-V:  0.000 ct:  0.832 Cache: 824s/500MB
AV: 00:03:50 / 00:22:10 (17%) A-V:  0.000 ct:  0.848 Cache: 824s/500MB
AV: 00:03:50 / 00:22:10 (17%) A-V:  0.000 ct:  5.021 Dropped: 2 Cache: 948s/500MB
AV: 00:03:50 / 00:22:10 (17%) A-V:  0.000 ct:  0.864 Cache: 824s/500MB
AV: 00:03:50 / 00:22:10 (17%) A-V:  0.000 ct:  0.880 Cache: 824s/500MB
AV: 00:03:50 / 00:22:10 (17%) A-V:  0.000 ct:  0.896 Cache: 824s/500MB
AV: 00:03:50 / 00:22:10 (17%) A-V:  0.000 ct:  0.912 Cache: 824s/500MB
AV: 00:03:50 / 00:22:10 (17%) A-V:  0.000 ct:  0.928 Cache: 824s/500MB
AV: 00:03:51 / 00:22:10 (17%) A-V:  0.000 ct:  5.021 Dropped: 2 Cache: 948s/500MB
AV: 00:03:50 / 00:22:10 (17%) A-V:  0.000 ct:  0.944 Cache: 824s/500MB
AV: 00:03:50 / 00:22:10 (17%) A-V:  0.000 ct:  0.960 Cache: 825s/500MB
AV: 00:03:50 / 00:22:10 (17%) A-V:  0.000 ct:  0.976 Cache: 825s/500MB
AV: 00:03:50 / 00:22:10 (17%) A-V:  0.000 ct:  0.992 Cache: 825s/500MB
AV: 00:03:50 / 00:22:10 (17%) A-V:  0.000 ct:  1.008 Cache: 825s/500MB
AV: 00:03:50 / 00:22:10 (17%) A-V:  0.000 ct:  1.024 Cache: 825s/500MB
AV: 00:03:50 / 00:22:10 (17%) A-V:  0.000 ct:  1.040 Cache: 825s/500MB
AV: 00:03:50 / 00:22:10 (17%) A-V:  0.000 ct:  1.056 Cache: 825s/500MB
AV: 00:03:50 / 00:22:10 (17%) A-V:  0.000 ct:  1.072 Cache: 825s/500MB
AV: 00:03:50 / 00:22:10 (17%) A-V:  0.000 ct:  1.088 Cache: 825s/500MB
AV: 00:03:51 / 00:22:10 (17%) A-V:  0.000 ct:  8.021 Cache: 905s/500MB
AV: 00:03:50 / 00:22:10 (17%) A-V:  0.000 ct:  1.104 Cache: 825s/500MB
AV: 00:03:50 / 00:22:10 (17%) A-V:  0.000 Cache: 804s/500MB
AV: 00:03:50 / 00:22:10 (17%) A-V:  0.000 ct:  1.120 Cache: 825s/500MB
AV: 00:03:50 / 00:22:10 (17%) A-V:  0.000 ct:  1.136 Cache: 825s/500MB
AV: 00:03:50 / 00:22:10 (17%) A-V:  0.000 ct:  1.152 Cache: 825s/500MB
AV: 00:03:51 / 00:22:10 (17%) A-V:  0.000 ct:  8.021 Cache: 904s/500MB
AV: 00:03:50 / 00:22:10 (17%) A-V:  0.000 ct:  1.168 Cache: 825s/500MB
AV: 00:03:51 / 00:22:10 (17%) A-V:  0.000 ct:  1.184 Cache: 825s/500MB
AV: 00:03:51 / 00:22:10 (17%) A-V:  0.000 ct:  1.200 Cache: 825s/500MB
AV: 00:03:51 / 00:22:10 (17%) A-V:  0.000 ct:  1.216 Cache: 825s/500MB
AV: 00:03:51 / 00:22:10 (17%) A-V:  0.000 Cache: 804s/500MB
AV: 00:03:51 / 00:22:10 (17%) A-V:  0.000 ct:  1.232 Cache: 825s/500MB
AV: 00:03:51 / 00:22:10 (17%) A-V:  0.000 ct:  1.248 Cache: 825s/500MB
AV: 00:03:51 / 00:22:10 (17%) A-V:  0.000 ct:  1.264 Cache: 825s/500MB
AV: 00:03:51 / 00:22:10 (17%) A-V:  0.000 ct:  1.280 Cache: 825s/500MB
AV: 00:03:51 / 00:22:10 (17%) A-V:  0.000 ct:  1.296 Cache: 825s/500MB
AV: 00:03:51 / 00:22:10 (17%) A-V:  0.000 ct:  5.021 Dropped: 2 Cache: 947s/500MB
AV: 00:03:51 / 00:22:10 (17%) A-V:  0.000 ct:  1.312 Cache: 825s/500MB
AV: 00:03:51 / 00:22:10 (17%) A-V:  0.000 ct:  1.328 Cache: 825s/500MB
AV: 00:03:52 / 00:22:10 (17%) A-V:  0.000 ct:  5.021 Dropped: 2 Cache: 947s/500MB
AV: 00:03:51 / 00:22:10 (17%) A-V:  0.000 ct:  1.344 Cache: 825s/500MB
AV: 00:03:51 / 00:22:10 (17%) A-V:  0.000 ct:  1.360 Cache: 825s/500MB
AV: 00:03:51 / 00:22:10 (17%) A-V:  0.000 ct:  1.376 Cache: 825s/500MB
AV: 00:03:51 / 00:22:10 (17%) A-V:  0.000 ct:  1.392 Cache: 825s/500MB
AV: 00:03:51 / 00:22:10 (17%) A-V:  0.000 ct:  1.408 Cache: 825s/500MB
AV: 00:03:51 / 00:22:10 (17%) A-V:  0.000 ct:  1.424 Cache: 825s/500MB
AV: 00:03:51 / 00:22:10 (17%) A-V:  0.000 ct:  1.440 Cache: 825s/500MB
AV: 00:03:51 / 00:22:10 (17%) A-V:  0.000 ct:  1.456 Cache: 825s/500MB
AV: 00:03:51 / 00:22:10 (17%) A-V:  0.000 ct:  1.472 Cache: 825s/500MB
AV: 00:03:51 / 00:22:10 (17%) A-V:  0.000 ct:  1.488 Cache: 825s/500MB
AV: 00:03:52 / 00:22:10 (17%) A-V:  0.000 ct:  8.021 Cache: 904s/500MB
AV: 00:03:51 / 00:22:10 (17%) A-V:  0.000 ct:  1.504 Cache: 825s/500MB
AV: 00:03:51 / 00:22:10 (17%) A-V:  0.000 Cache: 803s/500MB
AV: 00:03:51 / 00:22:10 (17%) A-V:  0.000 ct:  1.520 Cache: 825s/500MB
AV: 00:03:51 / 00:22:10 (17%) A-V:  0.000 ct:  1.536 Cache: 825s/500MB
AV: 00:03:51 / 00:22:10 (17%) A-V:  0.000 ct:  1.552 Cache: 825s/500MB
AV: 00:03:51 / 00:22:10 (17%) A-V:  0.000 ct:  1.568 Cache: 825s/500MB
AV: 00:03:52 / 00:22:10 (17%) A-V:  0.000 ct:  1.584 Cache: 825s/500MB
AV: 00:03:52 / 00:22:10 (17%) A-V:  0.000 ct:  1.600 Cache: 825s/500MB
AV: 00:03:52 / 00:22:10 (17%) A-V:  0.000 ct:  1.616 Cache: 825s/500MB
AV: 00:03:52 / 00:22:10 (17%) A-V:  0.000 Cache: 803s/500MB
AV: 00:03:52 / 00:22:10 (17%) A-V:  0.000 ct:  1.632 Cache: 825s/500MB
AV: 00:03:52 / 00:22:10 (18%) A-V:  0.000 ct:  5.021 Dropped: 2 Cache: 947s/500MB
AV: 00:03:52 / 00:22:10 (17%) A-V:  0.000 ct:  8.021 Cache: 903s/500MB
AV: 00:03:52 / 00:22:10 (17%) A-V:  0.000 ct:  1.648 Cache: 825s/500MB
AV: 00:03:52 / 00:22:10 (17%) A-V:  0.000 ct:  1.664 Cache: 825s/500MB
AV: 00:03:52 / 00:22:10 (17%) A-V:  0.000 ct:  1.680 Cache: 825s/500MB
AV: 00:03:52 / 00:22:10 (17%) A-V:  0.000 ct:  1.696 Cache: 825s/500MB
AV: 00:03:52 / 00:22:10 (18%) A-V:  0.000 ct:  5.021 Dropped: 2 Cache: 946s/500MB
AV: 00:03:52 / 00:22:10 (17%) A-V:  0.000 ct:  1.712 Cache: 825s/500MB
AV: 00:03:52 / 00:22:10 (17%) A-V:  0.000 ct:  1.728 Cache: 825s/500MB
AV: 00:03:53 / 00:22:10 (18%) A-V:  0.000 ct:  5.021 Dropped: 2 Cache: 946s/500MB
AV: 00:03:52 / 00:22:10 (17%) A-V:  0.000 ct:  1.744 Cache: 825s/500MB
AV: 00:03:52 / 00:22:10 (17%) A-V:  0.000 ct:  1.760 Cache: 825s/500MB
AV: 00:03:52 / 00:22:10 (17%) A-V:  0.000 ct:  1.776 Cache: 825s/500MB
AV: 00:03:52 / 00:22:10 (17%) A-V:  0.000 ct:  1.792 Cache: 825s/500MB
AV: 00:03:52 / 00:22:10 (17%) A-V:  0.000 ct:  1.808 Cache: 825s/500MB
AV: 00:03:52 / 00:22:10 (18%) A-V:  0.000 ct:  8.021 Cache: 903s/500MB
AV: 00:03:52 / 00:22:10 (17%) A-V:  0.000 ct:  1.824 Cache: 825s/500MB
AV: 00:03:52 / 00:22:10 (17%) A-V:  0.000 ct:  1.840 Cache: 825s/500MB
AV: 00:03:52 / 00:22:10 (17%) A-V:  0.000 ct:  1.856 Cache: 825s/500MB
AV: 00:03:52 / 00:22:10 (17%) A-V:  0.000 ct:  1.872 Cache: 825s/500MB
AV: 00:03:52 / 00:22:10 (18%) A-V:  0.000 ct:  1.888 Cache: 825s/500MB
AV: 00:03:52 / 00:22:10 (18%) A-V:  0.000 ct:  1.904 Cache: 825s/500MB
AV: 00:03:53 / 00:22:10 (18%) A-V:  0.000 ct:  8.021 Cache: 903s/500MB
AV: 00:03:52 / 00:22:10 (18%) A-V:  0.000 Cache: 803s/500MB
AV: 00:03:52 / 00:22:10 (18%) A-V:  0.000 ct:  1.920 Cache: 825s/500MB
AV: 00:03:52 / 00:22:10 (18%) A-V:  0.000 Cache: 802s/500MB
AV: 00:03:52 / 00:22:10 (18%) A-V:  0.000 ct:  1.936 Cache: 825s/500MB
AV: 00:03:52 / 00:22:10 (18%) A-V:  0.000 ct:  1.952 Cache: 825s/500MB
AV: 00:03:52 / 00:22:10 (18%) A-V:  0.000 ct:  1.968 Cache: 825s/500MB
AV: 00:03:53 / 00:22:10 (18%) A-V:  0.000 ct:  1.984 Cache: 825s/500MB
AV: 00:03:53 / 00:22:10 (18%) A-V:  0.000 ct:  2.000 Cache: 825s/500MB
AV: 00:03:53 / 00:22:10 (18%) A-V:  0.000 ct:  2.016 Cache: 825s/500MB
AV: 00:03:53 / 00:22:10 (18%) A-V:  0.000 Cache: 802s/500MB
AV: 00:03:53 / 00:22:10 (18%) A-V:  0.000 ct:  2.032 Cache: 825s/500MB
AV: 00:03:53 / 00:22:10 (18%) A-V:  0.000 ct:  8.021 Cache: 902s/500MB
AV: 00:03:53 / 00:22:10 (18%) A-V:  0.000 ct:  2.048 Cache: 825s/500MB
AV: 00:03:53 / 00:22:10 (18%) A-V:  0.000 ct:  2.064 Cache: 825s/500MB
AV: 00:03:53 / 00:22:10 (18%) A-V:  0.000 ct:  2.080 Cache: 825s/500MB
AV: 00:03:53 / 00:22:10 (18%) A-V:  0.000 ct:  2.096 Cache: 825s/500MB
AV: 00:03:53 / 00:22:10 (18%) A-V:  0.000 ct:  2.112 Cache: 825s/500MB
AV: 00:03:53 / 00:22:10 (18%) A-V:  0.000 ct:  5.021 Dropped: 2 Cache: 945s/500MB
AV: 00:03:53 / 00:22:10 (18%) A-V:  0.000 ct:  2.128 Cache: 825s/500MB
AV: 00:03:54 / 00:22:10 (18%) A-V:  0.000 ct:  5.021 Dropped: 2 Cache: 945s/500MB
AV: 00:03:53 / 00:22:10 (18%) A-V:  0.000 ct:  2.144 Cache: 825s/500MB
AV: 00:03:53 / 00:22:10 (18%) A-V:  0.000 ct:  2.160 Cache: 825s/500MB
AV: 00:03:53 / 00:22:10 (18%) A-V:  0.000 ct:  2.176 Cache: 825s/500MB
AV: 00:03:53 / 00:22:10 (18%) A-V:  0.000 ct:  2.192 Cache: 825s/500MB
AV: 00:03:53 / 00:22:10 (18%) A-V:  0.000 ct:  2.208 Cache: 825s/500MB
AV: 00:03:53 / 00:22:10 (18%) A-V:  0.000 ct:  2.224 Cache: 825s/500MB
AV: 00:03:53 / 00:22:10 (18%) A-V:  0.000 ct:  2.240 Cache: 825s/500MB
AV: 00:03:53 / 00:22:10 (18%) A-V:  0.000 ct:  2.256 Cache: 825s/500MB
AV: 00:03:53 / 00:22:10 (18%) A-V:  0.000 ct:  2.272 Cache: 825s/500MB
AV: 00:03:53 / 00:22:10 (18%) A-V:  0.000 ct:  2.288 Cache: 825s/500MB
AV: 00:03:54 / 00:22:10 (18%) A-V:  0.000 ct:  8.021 Cache: 902s/500MB
AV: 00:03:53 / 00:22:10 (18%) A-V:  0.000 ct:  2.304 Cache: 825s/500MB
AV: 00:03:53 / 00:22:10 (18%) A-V:  0.000 ct:  2.320 Cache: 825s/500MB
AV: 00:03:53 / 00:22:10 (18%) A-V:  0.000 ct:  2.336 Cache: 825s/500MB
AV: 00:03:53 / 00:22:10 (18%) A-V:  0.000 ct:  2.352 Cache: 825s/500MB
AV: 00:03:53 / 00:22:10 (18%) A-V:  0.000 ct:  2.368 Cache: 825s/500MB
AV: 00:03:54 / 00:22:10 (18%) A-V:  0.000 ct:  2.384 Cache: 825s/500MB
AV: 00:03:54 / 00:22:10 (18%) A-V:  0.000 ct:  2.400 Cache: 825s/500MB
[dbx] New chapter 17 
AV: 00:03:53 / 00:22:10 (18%) A-V:  0.000 Cache: 802s/500MB
[dbx] Metadata  
AV: 00:03:53 / 00:22:10 (18%) A-V:  0.000 Cache: 802s/500MB
[dbx] chapter time is  234 
AV: 00:03:53 / 00:22:10 (18%) A-V:  0.000 Cache: 802s/500MB
[dbx] Chapter Length is  16 
AV: 00:03:53 / 00:22:10 (18%) A-V:  0.000 Cache: 802s/500MB
[dbx] record_number was  18 
AV: 00:03:53 / 00:22:10 (18%) A-V:  0.000 Cache: 802s/500MB
AV: 00:03:54 / 00:22:10 (18%) A-V:  0.000 ct:  2.416 Cache: 825s/500MB
AV: 00:03:54 / 00:22:10 (18%) A-V:  0.000 Cache: 801s/500MB
AV: 00:03:54 / 00:22:10 (18%) A-V:  0.000 ct:  2.432 Cache: 825s/500MB
AV: 00:03:54 / 00:22:10 (18%) A-V:  0.000 ct:  2.448 Cache: 825s/500MB
AV: 00:03:54 / 00:22:10 (18%) A-V:  0.000 ct:  2.464 Cache: 825s/500MB
AV: 00:03:54 / 00:22:10 (18%) A-V:  0.000 ct:  8.021 Cache: 901s/500MB
AV: 00:03:54 / 00:22:10 (18%) A-V:  0.000 ct:  2.480 Cache: 825s/500MB
AV: 00:03:54 / 00:22:10 (18%) A-V:  0.000 ct:  2.496 Cache: 825s/500MB
AV: 00:03:54 / 00:22:10 (18%) A-V:  0.000 ct:  2.512 Cache: 825s/500MB
AV: 00:03:54 / 00:22:10 (18%) A-V:  0.000 ct:  5.021 Dropped: 2 Cache: 944s/500MB
AV: 00:03:54 / 00:22:10 (18%) A-V:  0.000 ct:  2.528 Cache: 825s/500MB
AV: 00:03:55 / 00:22:10 (18%) A-V:  0.000 ct:  5.021 Dropped: 2 Cache: 944s/500MB
AV: 00:03:54 / 00:22:10 (18%) A-V:  0.000 ct:  2.544 Cache: 825s/500MB
AV: 00:03:54 / 00:22:10 (18%) A-V:  0.000 ct:  2.560 Cache: 825s/500MB
AV: 00:03:54 / 00:22:10 (18%) A-V:  0.000 ct:  2.576 Cache: 825s/500MB
AV: 00:03:54 / 00:22:10 (18%) A-V:  0.000 ct:  2.592 Cache: 825s/500MB
AV: 00:03:54 / 00:22:10 (18%) A-V:  0.000 ct:  2.608 Cache: 825s/500MB
AV: 00:03:54 / 00:22:10 (18%) A-V:  0.000 ct:  2.624 Cache: 825s/500MB
AV: 00:03:54 / 00:22:10 (18%) A-V:  0.000 ct:  2.640 Cache: 825s/500MB
AV: 00:03:54 / 00:22:10 (18%) A-V:  0.000 ct:  2.656 Cache: 825s/500MB
AV: 00:03:54 / 00:22:10 (18%) A-V:  0.000 ct:  2.672 Cache: 825s/500MB
AV: 00:03:54 / 00:22:10 (18%) A-V:  0.000 ct:  2.688 Cache: 825s/500MB
AV: 00:03:55 / 00:22:10 (18%) A-V:  0.000 ct:  8.021 Cache: 901s/500MB
AV: 00:03:54 / 00:22:10 (18%) A-V:  0.000 ct:  2.704 Cache: 825s/500MB
AV: 00:03:54 / 00:22:10 (18%) A-V:  0.000 ct:  2.720 Cache: 825s/500MB
AV: 00:03:54 / 00:22:10 (18%) A-V:  0.000 ct:  2.736 Cache: 825s/500MB
AV: 00:03:54 / 00:22:10 (18%) A-V:  0.000 ct:  2.752 Cache: 825s/500MB
AV: 00:03:54 / 00:22:10 (18%) A-V:  0.000 ct:  2.768 Cache: 825s/500MB
AV: 00:03:55 / 00:22:10 (18%) A-V:  0.000 ct:  2.784 Cache: 825s/500MB
AV: 00:03:55 / 00:22:10 (18%) A-V:  0.000 ct:  2.800 Cache: 825s/500MB
AV: 00:03:55 / 00:22:10 (18%) A-V:  0.000 ct:  2.816 Cache: 825s/500MB
AV: 00:03:55 / 00:22:10 (18%) A-V:  0.000 Cache: 801s/500MB
AV: 00:03:55 / 00:22:10 (18%) A-V:  0.000 ct:  2.832 Cache: 825s/500MB
AV: 00:03:55 / 00:22:10 (18%) A-V:  0.000 Cache: 800s/500MB
AV: 00:03:55 / 00:22:10 (18%) A-V:  0.000 ct:  2.848 Cache: 825s/500MB
AV: 00:03:55 / 00:22:10 (18%) A-V:  0.000 ct:  2.864 Cache: 825s/500MB
AV: 00:03:55 / 00:22:10 (18%) A-V:  0.000 ct:  2.880 Cache: 825s/500MB
AV: 00:03:55 / 00:22:10 (18%) A-V:  0.000 ct:  2.896 Cache: 825s/500MB
AV: 00:03:55 / 00:22:10 (18%) A-V:  0.000 ct:  5.021 Dropped: 2 Cache: 943s/500MB
AV: 00:03:55 / 00:22:10 (18%) A-V:  0.000 ct:  2.912 Cache: 825s/500MB
AV: 00:03:55 / 00:22:10 (18%) A-V:  0.000 ct:  2.928 Cache: 825s/500MB
AV: 00:03:56 / 00:22:10 (18%) A-V:  0.000 ct:  5.021 Dropped: 2 Cache: 943s/500MB
AV: 00:03:55 / 00:22:10 (18%) A-V:  0.000 ct:  2.944 Cache: 825s/500MB
AV: 00:03:55 / 00:22:10 (18%) A-V:  0.000 ct:  2.960 Cache: 825s/500MB
AV: 00:03:55 / 00:22:10 (18%) A-V:  0.000 ct:  8.021 Cache: 900s/500MB
AV: 00:03:55 / 00:22:10 (18%) A-V:  0.000 ct:  2.976 Cache: 825s/500MB
AV: 00:03:55 / 00:22:10 (18%) A-V:  0.000 ct:  2.992 Cache: 825s/500MB
AV: 00:03:55 / 00:22:10 (18%) A-V:  0.000 ct:  3.008 Cache: 825s/500MB
AV: 00:03:55 / 00:22:10 (18%) A-V:  0.000 ct:  3.024 Cache: 825s/500MB
AV: 00:03:55 / 00:22:10 (18%) A-V:  0.000 ct:  3.040 Cache: 825s/500MB
AV: 00:03:55 / 00:22:10 (18%) A-V:  0.000 ct:  3.056 Cache: 825s/500MB
AV: 00:03:55 / 00:22:10 (18%) A-V:  0.000 ct:  3.072 Cache: 825s/500MB
AV: 00:03:55 / 00:22:10 (18%) A-V:  0.000 ct:  3.088 Cache: 826s/500MB
AV: 00:03:55 / 00:22:10 (18%) A-V:  0.000 ct:  3.104 Cache: 826s/500MB
AV: 00:03:56 / 00:22:10 (18%) A-V:  0.000 ct:  8.021 Cache: 900s/500MB
AV: 00:03:55 / 00:22:10 (18%) A-V:  0.000 ct:  3.120 Cache: 826s/500MB
AV: 00:03:55 / 00:22:10 (18%) A-V:  0.000 ct:  3.136 Cache: 826s/500MB
AV: 00:03:55 / 00:22:10 (18%) A-V:  0.000 ct:  3.152 Cache: 823s/500MB
Using hardware decoding (nvdec).
AV: 00:03:55 / 00:22:10 (18%) A-V:  0.000 ct:  3.152 Cache: 823s/500MB
AV: 00:03:55 / 00:22:10 (18%) A-V:  0.000 ct:  3.152 Cache: 827s/500MB
VO: [gpu] 1280x720 cuda[nv12]
AV: 00:03:55 / 00:22:10 (18%) A-V:  0.000 ct:  3.152 Cache: 827s/500MB
AV: 00:03:55 / 00:22:10 (18%) A-V:  0.000 ct:  3.168 Cache: 827s/500MB
AV: 00:03:56 / 00:22:10 (18%) A-V:  0.000 ct:  3.181 Cache: 827s/499MB
[dbx] New chapter 19 
AV: 00:03:56 / 00:22:10 (18%) A-V:  0.000 ct:  3.181 Cache: 827s/499MB
[dbx] Metadata  
AV: 00:03:56 / 00:22:10 (18%) A-V:  0.000 ct:  3.181 Cache: 827s/499MB
[dbx] chapter time is  236 
AV: 00:03:56 / 00:22:10 (18%) A-V:  0.000 ct:  3.181 Cache: 827s/499MB
[dbx] Chapter Length is  8 
AV: 00:03:56 / 00:22:10 (18%) A-V:  0.000 ct:  3.181 Cache: 827s/499MB
[dbx] record_number was  20 
AV: 00:03:56 / 00:22:10 (18%) A-V:  0.000 ct:  3.181 Cache: 827s/499MB
AV: 00:03:56 / 00:22:10 (18%) A-V:  0.000 ct:  3.195 Cache: 827s/500MB
AV: 00:03:56 / 00:22:10 (18%) A-V:  0.000 Cache: 800s/500MB
AV: 00:03:56 / 00:22:10 (18%) A-V:  0.000 ct:  5.021 Dropped: 2 Cache: 942s/500MB
AV: 00:03:56 / 00:22:10 (18%) A-V:  0.000 Cache: 799s/500MB
AV: 00:03:57 / 00:22:10 (18%) A-V:  0.000 ct:  5.021 Dropped: 2 Cache: 942s/500MB
AV: 00:03:56 / 00:22:10 (18%) A-V:  0.000 ct:  3.195 Cache: 826s/500MB
AV: 00:03:56 / 00:22:10 (18%) A-V:  0.000 ct:  8.021 Cache: 899s/500MB
AV: 00:03:57 / 00:22:10 (18%) A-V:  0.000 ct:  8.021 Cache: 899s/500MB
AV: 00:03:57 / 00:22:10 (18%) A-V:  0.000 Cache: 799s/500MB
AV: 00:03:57 / 00:22:10 (18%) A-V:  0.000 Cache: 798s/500MB
AV: 00:03:58 / 00:22:10 (18%) A-V:  0.000 ct:  5.021 Dropped: 2 Cache: 942s/500MB
AV: 00:03:56 / 00:22:10 (18%) A-V:  0.000 ct:  3.195 Cache: 825s/500MB
AV: 00:03:57 / 00:22:10 (18%) A-V:  0.000 ct:  8.021 Cache: 898s/500MB
AV: 00:03:58 / 00:22:10 (18%) A-V:  0.000 ct:  8.021 Cache: 898s/500MB
AV: 00:03:58 / 00:22:10 (18%) A-V:  0.000 Cache: 798s/500MB
AV: 00:03:58 / 00:22:10 (18%) A-V:  0.000 Cache: 797s/500MB
AV: 00:03:59 / 00:22:10 (18%) A-V:  0.000 ct:  5.021 Dropped: 2 Cache: 942s/500MB
AV: 00:03:58 / 00:22:10 (18%) A-V:  0.000 ct:  8.021 Cache: 897s/500MB
AV: 00:03:59 / 00:22:10 (18%) A-V:  0.000 ct:  8.021 Cache: 897s/500MB
AV: 00:03:56 / 00:22:10 (18%) A-V:  0.000 ct:  3.195 Cache: 824s/499MB
AV: 00:03:59 / 00:22:10 (18%) A-V:  0.000 Cache: 797s/500MB
AV: 00:03:56 / 00:22:10 (18%) A-V:  0.000 ct:  3.195 Cache: 824s/500MB
AV: 00:04:00 / 00:22:10 (18%) A-V:  0.000 ct:  5.021 Dropped: 2 Cache: 942s/500MB
AV: 00:03:59 / 00:22:10 (18%) A-V:  0.000 Cache: 796s/500MB
AV: 00:03:59 / 00:22:10 (18%) A-V:  0.000 ct:  8.021 Cache: 896s/500MB
AV: 00:04:00 / 00:22:10 (18%) A-V:  0.000 ct:  8.021 Cache: 896s/500MB
AV: 00:03:56 / 00:22:10 (18%) A-V:  0.000 ct:  3.195 Cache: 823s/500MB
AV: 00:04:00 / 00:22:10 (18%) A-V:  0.000 Cache: 796s/500MB
AV: 00:04:01 / 00:22:10 (18%) A-V:  0.000 ct:  5.021 Dropped: 2 Cache: 942s/500MB
AV: 00:04:00 / 00:22:10 (18%) A-V:  0.000 Cache: 795s/500MB
AV: 00:03:56 / 00:22:10 (18%) A-V:  0.000 ct:  3.195 Cache: 822s/500MB
AV: 00:04:00 / 00:22:10 (18%) A-V:  0.000 ct:  8.021 Cache: 895s/500MB
AV: 00:04:01 / 00:22:10 (18%) A-V:  0.000 ct:  8.021 Cache: 895s/500MB

Audio/Video desynchronisation detected! Possible reasons include too slow
hardware, temporary CPU spikes, broken drivers, and broken files. Audio
position will not match to the video (see A-V status field).
Consider trying `--profile=fast` and/or `--hwdec=auto-safe` as they may help.

AV: 00:03:56 / 00:22:10 (18%) A-V:  0.000 ct:  3.195 Cache: 822s/500MB
AV: 00:03:56 / 00:22:10 (18%) A-V:  4.826 ct:  3.195 Cache: 822s/500MB
AV: 00:04:01 / 00:22:10 (18%) A-V:  0.000 Cache: 795s/500MB
AV: 00:03:56 / 00:22:10 (18%) A-V:  4.813 ct:  3.208 Cache: 822s/500MB
AV: 00:03:56 / 00:22:10 (18%) A-V:  4.800 ct:  3.221 Cache: 822s/500MB
AV: 00:03:56 / 00:22:10 (18%) A-V:  4.786 ct:  3.235 Cache: 822s/500MB
AV: 00:03:56 / 00:22:10 (18%) A-V:  4.773 ct:  3.248 Cache: 822s/500MB
AV: 00:03:56 / 00:22:10 (18%) A-V:  4.760 ct:  3.261 Cache: 822s/500MB
AV: 00:03:56 / 00:22:10 (18%) A-V:  4.746 ct:  3.275 Cache: 822s/500MB
AV: 00:03:56 / 00:22:10 (18%) A-V:  4.733 ct:  3.288 Cache: 822s/500MB
AV: 00:03:56 / 00:22:10 (18%) A-V:  4.720 ct:  3.301 Cache: 822s/500MB
AV: 00:03:56 / 00:22:10 (18%) A-V:  4.706 ct:  3.315 Cache: 822s/500MB
AV: 00:03:56 / 00:22:10 (18%) A-V:  4.693 ct:  3.328 Cache: 821s/500MB
AV: 00:03:56 / 00:22:10 (18%) A-V:  4.680 ct:  3.341 Cache: 821s/500MB
AV: 00:03:56 / 00:22:10 (18%) A-V:  4.666 ct:  3.355 Cache: 821s/500MB
AV: 00:03:56 / 00:22:10 (18%) A-V:  4.653 ct:  3.368 Cache: 821s/500MB
AV: 00:03:56 / 00:22:10 (18%) A-V:  4.640 ct:  3.381 Cache: 821s/500MB
AV: 00:04:02 / 00:22:10 (18%) A-V:  0.000 ct:  5.021 Dropped: 2 Cache: 942s/500MB
AV: 00:03:56 / 00:22:10 (18%) A-V:  4.626 ct:  3.395 Cache: 821s/500MB
AV: 00:03:56 / 00:22:10 (18%) A-V:  4.613 ct:  3.408 Cache: 821s/500MB
AV: 00:03:56 / 00:22:10 (18%) A-V:  4.600 ct:  3.421 Cache: 821s/500MB
AV: 00:03:56 / 00:22:10 (18%) A-V:  4.586 ct:  3.435 Cache: 821s/500MB
AV: 00:03:56 / 00:22:10 (18%) A-V:  4.573 ct:  3.448 Cache: 821s/500MB
AV: 00:03:56 / 00:22:10 (18%) A-V:  4.560 ct:  3.461 Cache: 821s/500MB
AV: 00:03:56 / 00:22:10 (18%) A-V:  4.546 ct:  3.475 Cache: 821s/500MB
AV: 00:03:56 / 00:22:10 (18%) A-V:  4.533 ct:  3.488 Cache: 821s/500MB
AV: 00:03:56 / 00:22:10 (18%) A-V:  4.520 ct:  3.501 Cache: 821s/500MB
AO: [pipewire] 48000Hz stereo 2ch floatp
AV: 00:04:01 / 00:22:10 (18%) A-V:  0.000 ct:  8.021 Cache: 895s/500MB
AV: 00:03:56 / 00:22:10 (18%) A-V:  4.506 ct:  3.515 Cache: 821s/500MB
AV: 00:04:01 / 00:22:10 (18%) A-V:  0.181 ct:  8.021 Cache: 895s/500MB
AV: 00:04:01 / 00:22:10 (18%) A-V:  0.148 ct:  8.021 Dropped: 1 Cache: 895s/500MB
AV: 00:04:01 / 00:22:10 (18%) A-V:  0.114 ct:  8.021 Dropped: 2 Cache: 895s/500MB
AV: 00:04:01 / 00:22:10 (18%) A-V:  0.081 ct:  8.021 Dropped: 3 Cache: 895s/500MB
AV: 00:04:01 / 00:22:10 (18%) A-V:  0.048 ct:  8.021 Dropped: 4 Cache: 895s/500MB
AV: 00:03:56 / 00:22:10 (18%) A-V:  4.493 ct:  3.528 Cache: 821s/500MB
AV: 00:03:56 / 00:22:10 (18%) A-V:  4.480 ct:  3.541 Cache: 821s/500MB
Using hardware decoding (nvdec).
AV: 00:04:01 / 00:22:10 (18%) A-V:  0.048 ct:  8.021 Dropped: 4 Cache: 895s/500MB
AV: 00:03:56 / 00:22:10 (18%) A-V:  4.466 ct:  3.555 Cache: 821s/500MB
AV: 00:03:56 / 00:22:10 (18%) A-V:  4.453 ct:  3.568 Cache: 821s/500MB
AV: 00:04:01 / 00:22:10 (18%) A-V:  0.000 Cache: 794s/500MB
AV: 00:03:57 / 00:22:10 (18%) A-V:  4.440 ct:  3.581 Cache: 821s/500MB
AV: 00:04:01 / 00:22:10 (18%) A-V:  0.048 ct:  8.021 Dropped: 5 Cache: 896s/500MB
AV: 00:03:57 / 00:22:10 (18%) A-V:  4.426 ct:  3.595 Cache: 821s/500MB
AV: 00:03:57 / 00:22:10 (18%) A-V:  4.413 ct:  3.608 Cache: 821s/500MB
AV: 00:03:57 / 00:22:10 (18%) A-V:  4.400 ct:  3.621 Cache: 821s/500MB
AV: 00:04:01 / 00:22:10 (18%) A-V:  0.000 ct:  8.021 Dropped: 5 Cache: 896s/500MB
AV: 00:03:57 / 00:22:10 (18%) A-V:  4.386 ct:  3.635 Cache: 821s/500MB
AV: 00:03:57 / 00:22:10 (18%) A-V:  4.373 ct:  3.648 Cache: 821s/500MB
AV: 00:03:57 / 00:22:10 (18%) A-V:  4.360 ct:  3.661 Cache: 821s/500MB
VO: [gpu] 1920x1080 cuda[nv12]
AV: 00:04:01 / 00:22:10 (18%) A-V:  0.000 ct:  8.021 Dropped: 5 Cache: 896s/500MB
AV: 00:03:57 / 00:22:10 (18%) A-V:  4.346 ct:  3.675 Cache: 821s/500MB
AV: 00:04:01 / 00:22:10 (18%) A-V:  0.025 ct:  8.021 Cache: 896s/500MB
AV: 00:03:57 / 00:22:10 (18%) A-V:  4.333 ct:  3.688 Cache: 821s/500MB
AV: 00:04:02 / 00:22:10 (18%) A-V:  0.000 ct:  8.021 Cache: 896s/500MB
[dbx] New chapter 17 
AV: 00:04:02 / 00:22:10 (18%) A-V:  0.000 ct:  8.021 Cache: 896s/500MB
[dbx] Metadata  
AV: 00:04:02 / 00:22:10 (18%) A-V:  0.000 ct:  8.021 Cache: 896s/500MB
[dbx] chapter time is  242 
AV: 00:04:02 / 00:22:10 (18%) A-V:  0.000 ct:  8.021 Cache: 896s/500MB
[dbx] Chapter Length is  12 
AV: 00:04:02 / 00:22:10 (18%) A-V:  0.000 ct:  8.021 Cache: 896s/500MB
[dbx] record_number was  18 
AV: 00:04:02 / 00:22:10 (18%) A-V:  0.000 ct:  8.021 Cache: 896s/500MB
AV: 00:03:57 / 00:22:10 (18%) A-V:  4.320 ct:  3.701 Cache: 821s/500MB
AV: 00:03:57 / 00:22:10 (18%) A-V:  4.306 ct:  3.715 Cache: 821s/500MB
AV: 00:03:57 / 00:22:10 (18%) A-V:  4.293 ct:  3.728 Cache: 821s/500MB
AV: 00:03:57 / 00:22:10 (18%) A-V:  4.280 ct:  3.741 Cache: 821s/500MB
AV: 00:03:57 / 00:22:10 (18%) A-V:  4.266 ct:  3.755 Cache: 821s/500MB
AV: 00:03:57 / 00:22:10 (18%) A-V:  4.253 ct:  3.768 Cache: 821s/500MB
AV: 00:03:57 / 00:22:10 (18%) A-V:  4.240 ct:  3.781 Cache: 821s/500MB
AV: 00:03:57 / 00:22:10 (18%) A-V:  4.226 ct:  3.795 Cache: 821s/500MB
AV: 00:03:57 / 00:22:10 (18%) A-V:  4.213 ct:  3.808 Cache: 821s/500MB
AV: 00:03:57 / 00:22:10 (18%) A-V:  4.200 ct:  3.821 Cache: 821s/500MB
AV: 00:03:57 / 00:22:10 (18%) A-V:  4.186 ct:  3.835 Cache: 821s/500MB
AV: 00:03:57 / 00:22:10 (18%) A-V:  4.173 ct:  3.848 Cache: 821s/500MB
AV: 00:03:57 / 00:22:10 (18%) A-V:  4.160 ct:  3.861 Cache: 821s/500MB
AV: 00:04:02 / 00:22:10 (18%) A-V:  0.000 Cache: 794s/500MB
AV: 00:03:57 / 00:22:10 (18%) A-V:  4.146 ct:  3.875 Cache: 821s/500MB
AV: 00:03:57 / 00:22:10 (18%) A-V:  4.133 ct:  3.888 Cache: 821s/500MB
AV: 00:03:57 / 00:22:10 (18%) A-V:  4.120 ct:  3.901 Cache: 821s/500MB
AV: 00:03:57 / 00:22:10 (18%) A-V:  4.106 ct:  3.915 Cache: 821s/500MB
AV: 00:03:57 / 00:22:10 (18%) A-V:  4.093 ct:  3.928 Cache: 821s/500MB
AV: 00:03:57 / 00:22:10 (18%) A-V:  4.080 ct:  3.941 Cache: 821s/500MB
AV: 00:03:57 / 00:22:10 (18%) A-V:  4.066 ct:  3.955 Cache: 821s/500MB
AV: 00:03:57 / 00:22:10 (18%) A-V:  4.053 ct:  3.968 Cache: 821s/500MB
AV: 00:03:58 / 00:22:10 (18%) A-V:  4.040 ct:  3.981 Cache: 821s/500MB
AV: 00:03:58 / 00:22:10 (18%) A-V:  4.026 ct:  3.995 Cache: 821s/500MB
AV: 00:04:02 / 00:22:10 (18%) A-V:  0.000 ct:  8.021 Cache: 895s/500MB
AV: 00:03:58 / 00:22:10 (18%) A-V:  4.013 ct:  4.008 Cache: 821s/500MB
Using hardware decoding (nvdec).
AV: 00:04:02 / 00:22:10 (18%) A-V:  0.000 ct:  5.021 Dropped: 2 Cache: 942s/500MB
AV: 00:03:58 / 00:22:10 (18%) A-V:  4.000 ct:  4.021 Cache: 821s/500MB
VO: [gpu] 1280x720 cuda[nv12]
AV: 00:04:02 / 00:22:10 (18%) A-V:  0.000 ct:  5.021 Dropped: 2 Cache: 942s/500MB
AV: 00:03:58 / 00:22:10 (18%) A-V:  3.986 ct:  4.035 Cache: 821s/500MB
AV: 00:04:02 / 00:22:10 (18%) A-V:  0.000 ct:  5.021 Cache: 942s/500MB
AV: 00:04:03 / 00:22:10 (18%) A-V:  0.000 ct:  5.021 Cache: 942s/500MB
AV: 00:03:58 / 00:22:10 (18%) A-V:  3.973 ct:  4.048 Cache: 821s/500MB
[dbx] New chapter 20 
AV: 00:04:03 / 00:22:10 (18%) A-V:  0.000 ct:  5.021 Cache: 942s/500MB
[dbx] Metadata  
AV: 00:04:03 / 00:22:10 (18%) A-V:  0.000 ct:  5.021 Cache: 942s/500MB
[dbx] chapter time is  243 
AV: 00:04:03 / 00:22:10 (18%) A-V:  0.000 ct:  5.021 Cache: 942s/500MB
[dbx] Chapter Length is  15 
AV: 00:04:03 / 00:22:10 (18%) A-V:  0.000 ct:  5.021 Cache: 942s/500MB
[dbx] record_number was  21 
AV: 00:04:03 / 00:22:10 (18%) A-V:  0.000 ct:  5.021 Cache: 942s/500MB
AO: [pipewire] 44100Hz stereo 2ch floatp
AV: 00:04:03 / 00:22:10 (18%) A-V:  0.000 ct:  5.021 Cache: 942s/500MB
AV: 00:03:58 / 00:22:10 (18%) A-V:  3.960 ct:  4.061 Cache: 821s/500MB
AV: 00:03:58 / 00:22:10 (18%) A-V:  3.946 ct:  4.075 Cache: 821s/500MB
AV: 00:03:58 / 00:22:10 (18%) A-V:  3.933 ct:  4.088 Cache: 821s/500MB
AV: 00:03:58 / 00:22:10 (18%) A-V:  3.920 ct:  4.101 Cache: 821s/500MB
AV: 00:03:58 / 00:22:10 (18%) A-V:  3.906 ct:  4.115 Cache: 821s/500MB
AV: 00:03:58 / 00:22:10 (18%) A-V:  3.893 ct:  4.128 Cache: 821s/500MB
AV: 00:03:58 / 00:22:10 (18%) A-V:  3.880 ct:  4.141 Cache: 821s/500MB
AV: 00:03:58 / 00:22:10 (18%) A-V:  3.866 ct:  4.155 Cache: 821s/500MB
AV: 00:03:58 / 00:22:10 (18%) A-V:  3.853 ct:  4.168 Cache: 821s/500MB
AV: 00:03:58 / 00:22:10 (18%) A-V:  3.840 ct:  4.181 Cache: 821s/500MB
AV: 00:03:58 / 00:22:10 (18%) A-V:  3.826 ct:  4.195 Cache: 821s/500MB
AV: 00:03:58 / 00:22:10 (18%) A-V:  3.813 ct:  4.208 Cache: 821s/500MB
AV: 00:03:58 / 00:22:10 (18%) A-V:  3.800 ct:  4.221 Cache: 821s/500MB
AV: 00:04:03 / 00:22:10 (18%) A-V:  0.000 ct:  5.021 Cache: 941s/500MB
AV: 00:03:58 / 00:22:10 (18%) A-V:  3.786 ct:  4.235 Cache: 821s/500MB
AV: 00:03:58 / 00:22:10 (18%) A-V:  3.773 ct:  4.248 Cache: 820s/500MB
AV: 00:03:58 / 00:22:10 (18%) A-V:  3.760 ct:  4.261 Cache: 820s/500MB
AV: 00:03:58 / 00:22:10 (18%) A-V:  3.746 ct:  4.275 Cache: 820s/500MB
AV: 00:03:58 / 00:22:10 (18%) A-V:  3.733 ct:  4.288 Cache: 820s/500MB
AV: 00:03:58 / 00:22:10 (18%) A-V:  3.720 ct:  4.301 Cache: 820s/500MB
AV: 00:03:58 / 00:22:10 (18%) A-V:  3.706 ct:  4.315 Cache: 820s/500MB
AV: 00:03:58 / 00:22:10 (18%) A-V:  3.693 ct:  4.328 Cache: 820s/500MB
AV: 00:04:02 / 00:22:10 (18%) A-V:  0.000 Cache: 793s/500MB
AV: 00:04:03 / 00:22:10 (18%) A-V:  0.000 ct:  8.021 Cache: 895s/500MB
AV: 00:03:58 / 00:22:10 (18%) A-V:  3.680 ct:  4.341 Cache: 820s/500MB
AV: 00:03:58 / 00:22:10 (18%) A-V:  3.666 ct:  4.355 Cache: 820s/500MB
AV: 00:03:58 / 00:22:10 (18%) A-V:  3.653 ct:  4.368 Cache: 820s/500MB
AV: 00:03:59 / 00:22:10 (18%) A-V:  3.640 ct:  4.381 Cache: 820s/500MB
AV: 00:03:59 / 00:22:10 (18%) A-V:  3.626 ct:  4.395 Cache: 820s/500MB
AV: 00:03:59 / 00:22:10 (18%) A-V:  3.613 ct:  4.408 Cache: 820s/500MB
AV: 00:03:59 / 00:22:10 (18%) A-V:  3.600 ct:  4.421 Cache: 820s/500MB
AV: 00:03:59 / 00:22:10 (18%) A-V:  3.586 ct:  4.435 Cache: 820s/500MB
AV: 00:03:59 / 00:22:10 (18%) A-V:  3.573 ct:  4.448 Cache: 820s/500MB
AV: 00:03:59 / 00:22:10 (18%) A-V:  3.560 ct:  4.461 Cache: 820s/500MB
AV: 00:03:59 / 00:22:10 (18%) A-V:  3.546 ct:  4.475 Cache: 820s/500MB
AV: 00:03:59 / 00:22:10 (18%) A-V:  3.533 ct:  4.488 Cache: 820s/500MB
AV: 00:03:59 / 00:22:10 (18%) A-V:  3.520 ct:  4.501 Cache: 820s/500MB
AV: 00:03:59 / 00:22:10 (18%) A-V:  3.506 ct:  4.515 Cache: 820s/500MB
AV: 00:03:59 / 00:22:10 (18%) A-V:  3.493 ct:  4.528 Cache: 820s/500MB
AV: 00:04:03 / 00:22:10 (18%) A-V:  0.000 Cache: 793s/500MB
AV: 00:03:59 / 00:22:10 (18%) A-V:  3.480 ct:  4.541 Cache: 820s/500MB
AV: 00:03:59 / 00:22:10 (18%) A-V:  3.466 ct:  4.555 Cache: 820s/500MB
AV: 00:03:59 / 00:22:10 (18%) A-V:  3.453 ct:  4.568 Cache: 820s/500MB
AV: 00:03:59 / 00:22:10 (18%) A-V:  3.440 ct:  4.581 Cache: 820s/500MB
AV: 00:03:59 / 00:22:10 (18%) A-V:  3.426 ct:  4.595 Cache: 820s/500MB
AV: 00:03:59 / 00:22:10 (18%) A-V:  3.413 ct:  4.608 Cache: 820s/500MB
AV: 00:03:59 / 00:22:10 (18%) A-V:  3.400 ct:  4.621 Cache: 820s/500MB
AV: 00:03:59 / 00:22:10 (18%) A-V:  3.386 ct:  4.635 Cache: 820s/500MB
AV: 00:03:59 / 00:22:10 (18%) A-V:  3.373 ct:  4.648 Cache: 820s/500MB
AV: 00:03:59 / 00:22:10 (18%) A-V:  3.360 ct:  4.661 Cache: 820s/500MB
AV: 00:03:59 / 00:22:10 (18%) A-V:  3.346 ct:  4.675 Cache: 820s/500MB
AV: 00:03:59 / 00:22:10 (18%) A-V:  3.333 ct:  4.688 Cache: 820s/500MB
AV: 00:03:59 / 00:22:10 (18%) A-V:  3.320 ct:  4.701 Cache: 820s/500MB
AV: 00:03:59 / 00:22:10 (18%) A-V:  3.306 ct:  4.715 Cache: 820s/500MB
AV: 00:03:59 / 00:22:10 (18%) A-V:  3.293 ct:  4.728 Cache: 820s/500MB
AV: 00:03:59 / 00:22:10 (18%) A-V:  3.280 ct:  4.741 Cache: 820s/500MB
AV: 00:03:59 / 00:22:10 (18%) A-V:  3.266 ct:  4.755 Cache: 820s/500MB
AV: 00:03:59 / 00:22:10 (18%) A-V:  3.253 ct:  4.768 Cache: 820s/500MB
AV: 00:04:00 / 00:22:10 (18%) A-V:  3.240 ct:  4.781 Cache: 820s/500MB
AV: 00:04:00 / 00:22:10 (18%) A-V:  3.226 ct:  4.795 Cache: 820s/500MB
AV: 00:04:00 / 00:22:10 (18%) A-V:  3.213 ct:  4.808 Cache: 820s/500MB
AV: 00:04:00 / 00:22:10 (18%) A-V:  3.200 ct:  4.821 Cache: 820s/500MB
AV: 00:04:00 / 00:22:10 (18%) A-V:  3.186 ct:  4.835 Cache: 820s/500MB
AV: 00:04:00 / 00:22:10 (18%) A-V:  3.173 ct:  4.848 Cache: 820s/500MB
AV: 00:04:00 / 00:22:10 (18%) A-V:  3.160 ct:  4.861 Cache: 820s/500MB
AV: 00:04:00 / 00:22:10 (18%) A-V:  3.146 ct:  4.875 Cache: 820s/500MB
AV: 00:04:04 / 00:22:10 (18%) A-V:  0.000 ct:  5.021 Cache: 941s/500MB
AV: 00:04:00 / 00:22:10 (18%) A-V:  3.133 ct:  4.888 Cache: 820s/500MB
AV: 00:04:00 / 00:22:10 (18%) A-V:  3.120 ct:  4.901 Cache: 820s/500MB
AV: 00:04:00 / 00:22:10 (18%) A-V:  3.106 ct:  4.915 Cache: 820s/500MB
AV: 00:04:00 / 00:22:10 (18%) A-V:  3.093 ct:  4.928 Cache: 820s/500MB
AV: 00:04:00 / 00:22:10 (18%) A-V:  3.080 ct:  4.941 Cache: 820s/500MB
AV: 00:04:00 / 00:22:10 (18%) A-V:  3.066 ct:  4.955 Cache: 820s/500MB
AV: 00:04:03 / 00:22:10 (18%) A-V:  0.000 ct:  8.021 Cache: 894s/500MB
AV: 00:04:00 / 00:22:10 (18%) A-V:  3.053 ct:  4.968 Cache: 820s/500MB
AV: 00:04:00 / 00:22:10 (18%) A-V:  3.040 ct:  4.981 Cache: 820s/500MB
AV: 00:04:00 / 00:22:10 (18%) A-V:  3.026 ct:  4.995 Cache: 820s/500MB
AV: 00:04:04 / 00:22:10 (18%) A-V:  0.000 ct:  8.021 Cache: 894s/500MB
AV: 00:04:00 / 00:22:10 (18%) A-V:  3.013 ct:  5.008 Cache: 820s/500MB
AV: 00:04:04 / 00:22:10 (18%) A-V:  0.000 ct:  5.021 Cache: 940s/500MB
AV: 00:04:00 / 00:22:10 (18%) A-V:  3.000 ct:  5.021 Cache: 820s/500MB
AV: 00:04:00 / 00:22:10 (18%) A-V:  2.986 ct:  5.035 Cache: 820s/500MB
AV: 00:04:03 / 00:22:10 (18%) A-V:  0.000 Cache: 792s/500MB
AV: 00:04:00 / 00:22:10 (18%) A-V:  2.973 ct:  5.048 Cache: 820s/500MB
AV: 00:04:00 / 00:22:10 (18%) A-V:  2.960 ct:  5.061 Cache: 820s/500MB
AV: 00:04:00 / 00:22:10 (18%) A-V:  2.946 ct:  5.075 Cache: 820s/500MB
AV: 00:04:00 / 00:22:10 (18%) A-V:  2.933 ct:  5.088 Cache: 820s/500MB
AV: 00:04:00 / 00:22:10 (18%) A-V:  2.920 ct:  5.101 Cache: 820s/500MB
AV: 00:04:00 / 00:22:10 (18%) A-V:  2.906 ct:  5.115 Cache: 820s/500MB
AV: 00:04:00 / 00:22:10 (18%) A-V:  2.893 ct:  5.128 Cache: 820s/500MB
AV: 00:04:00 / 00:22:10 (18%) A-V:  2.880 ct:  5.141 Cache: 820s/500MB
Using hardware decoding (nvdec).
AV: 00:04:00 / 00:22:10 (18%) A-V:  2.880 ct:  5.141 Cache: 820s/500MB
AV: 00:04:00 / 00:22:10 (18%) A-V:  2.866 ct:  5.155 Cache: 820s/500MB
AV: 00:04:00 / 00:22:10 (18%) A-V:  2.840 ct:  5.181 Cache: 820s/500MB
[dbx] New chapter 20 
AV: 00:04:00 / 00:22:10 (18%) A-V:  2.840 ct:  5.181 Cache: 820s/500MB
[dbx] Metadata  
AV: 00:04:00 / 00:22:10 (18%) A-V:  2.840 ct:  5.181 Cache: 820s/500MB
[dbx] chapter time is  241 
AV: 00:04:00 / 00:22:10 (18%) A-V:  2.840 ct:  5.181 Cache: 820s/500MB
[dbx] Chapter Length is  5 
AV: 00:04:00 / 00:22:10 (18%) A-V:  2.840 ct:  5.181 Cache: 820s/500MB
[dbx] record_number was  21 
AV: 00:04:00 / 00:22:10 (18%) A-V:  2.840 ct:  5.181 Cache: 820s/500MB
AV: 00:04:01 / 00:22:10 (18%) A-V:  2.826 ct:  5.195 Cache: 820s/500MB
AV: 00:04:04 / 00:22:10 (18%) A-V:  0.000 Cache: 792s/500MB
AV: 00:04:01 / 00:22:10 (18%) A-V:  2.813 ct:  5.208 Cache: 820s/500MB
AV: 00:04:01 / 00:22:10 (18%) A-V:  2.800 ct:  5.221 Cache: 820s/500MB
AV: 00:04:01 / 00:22:10 (18%) A-V:  2.786 ct:  5.235 Cache: 820s/500MB
AV: 00:04:01 / 00:22:10 (18%) A-V:  2.773 ct:  5.248 Cache: 820s/500MB
AV: 00:04:01 / 00:22:10 (18%) A-V:  2.760 ct:  5.261 Cache: 820s/500MB
AV: 00:04:01 / 00:22:10 (18%) A-V:  2.746 ct:  5.275 Cache: 820s/500MB
AV: 00:04:01 / 00:22:10 (18%) A-V:  2.733 ct:  5.288 Cache: 820s/500MB
AV: 00:04:01 / 00:22:10 (18%) A-V:  2.720 ct:  5.301 Cache: 820s/500MB
AV: 00:04:01 / 00:22:10 (18%) A-V:  2.706 ct:  5.315 Cache: 820s/500MB
AV: 00:04:01 / 00:22:10 (18%) A-V:  2.693 ct:  5.328 Cache: 820s/500MB
AV: 00:04:01 / 00:22:10 (18%) A-V:  2.680 ct:  5.341 Cache: 820s/500MB
AV: 00:04:01 / 00:22:10 (18%) A-V:  2.666 ct:  5.355 Cache: 820s/500MB
AV: 00:04:01 / 00:22:10 (18%) A-V:  2.653 ct:  5.368 Cache: 820s/500MB
AV: 00:04:01 / 00:22:10 (18%) A-V:  2.640 ct:  5.382 Cache: 819s/500MB
AV: 00:04:01 / 00:22:10 (18%) A-V:  2.626 ct:  5.395 Cache: 819s/500MB
AV: 00:04:01 / 00:22:10 (18%) A-V:  2.613 ct:  5.408 Cache: 819s/500MB
AV: 00:04:01 / 00:22:10 (18%) A-V:  2.600 ct:  5.422 Cache: 819s/500MB
AV: 00:04:01 / 00:22:10 (18%) A-V:  2.586 ct:  5.435 Cache: 819s/500MB
AV: 00:04:01 / 00:22:10 (18%) A-V:  2.573 ct:  5.448 Cache: 819s/500MB
AV: 00:04:01 / 00:22:10 (18%) A-V:  2.560 ct:  5.462 Cache: 819s/500MB
AV: 00:04:01 / 00:22:10 (18%) A-V:  2.546 ct:  5.475 Cache: 819s/500MB
AV: 00:04:01 / 00:22:10 (18%) A-V:  2.533 ct:  5.488 Cache: 819s/500MB
AV: 00:04:01 / 00:22:10 (18%) A-V:  2.519 ct:  5.502 Cache: 819s/500MB
AV: 00:04:01 / 00:22:10 (18%) A-V:  2.506 ct:  5.515 Cache: 819s/500MB
AV: 00:04:01 / 00:22:10 (18%) A-V:  2.493 ct:  5.528 Cache: 819s/500MB
AV: 00:04:01 / 00:22:10 (18%) A-V:  2.479 ct:  5.542 Cache: 819s/500MB
AV: 00:04:05 / 00:22:10 (18%) A-V:  0.000 ct:  5.021 Cache: 940s/500MB
AV: 00:04:01 / 00:22:10 (18%) A-V:  2.466 ct:  5.555 Cache: 819s/500MB
AV: 00:04:01 / 00:22:10 (18%) A-V:  2.453 ct:  5.568 Cache: 819s/500MB
AV: 00:04:02 / 00:22:10 (18%) A-V:  2.439 ct:  5.582 Cache: 819s/500MB
AV: 00:04:02 / 00:22:10 (18%) A-V:  2.426 ct:  5.595 Cache: 819s/500MB
AV: 00:04:02 / 00:22:10 (18%) A-V:  2.413 ct:  5.608 Cache: 819s/500MB
AV: 00:04:02 / 00:22:10 (18%) A-V:  2.399 ct:  5.622 Cache: 819s/500MB
AV: 00:04:02 / 00:22:10 (18%) A-V:  2.386 ct:  5.635 Cache: 819s/500MB
AV: 00:04:04 / 00:22:10 (18%) A-V:  0.000 ct:  8.021 Cache: 893s/500MB
AV: 00:04:02 / 00:22:10 (18%) A-V:  2.373 ct:  5.648 Cache: 819s/500MB
AV: 00:04:02 / 00:22:10 (18%) A-V:  2.359 ct:  5.662 Cache: 819s/500MB
AV: 00:04:05 / 00:22:10 (18%) A-V:  0.000 ct:  8.021 Cache: 893s/500MB
AV: 00:04:02 / 00:22:10 (18%) A-V:  2.346 ct:  5.675 Cache: 819s/500MB
AV: 00:04:02 / 00:22:10 (18%) A-V:  2.333 ct:  5.689 Cache: 819s/500MB
AV: 00:04:02 / 00:22:10 (18%) A-V:  2.319 ct:  5.702 Cache: 819s/500MB
AV: 00:04:02 / 00:22:10 (18%) A-V:  2.306 ct:  5.715 Cache: 819s/500MB
AV: 00:04:05 / 00:22:10 (18%) A-V:  0.000 ct:  8.021 Cache: 894s/500MB
AV: 00:04:02 / 00:22:10 (18%) A-V:  2.293 ct:  5.729 Cache: 819s/500MB
AV: 00:04:04 / 00:22:10 (18%) A-V:  0.000 Cache: 791s/500MB
AV: 00:04:02 / 00:22:10 (18%) A-V:  2.279 ct:  5.742 Cache: 819s/500MB
AV: 00:04:02 / 00:22:10 (18%) A-V:  2.266 ct:  5.755 Cache: 819s/500MB
AV: 00:04:05 / 00:22:10 (18%) A-V:  0.000 ct:  8.021 Cache: 893s/500MB
AV: 00:04:02 / 00:22:10 (18%) A-V:  2.253 ct:  5.769 Cache: 819s/500MB
AV: 00:04:02 / 00:22:10 (18%) A-V:  2.239 ct:  5.782 Cache: 819s/500MB
AV: 00:04:02 / 00:22:10 (18%) A-V:  2.226 ct:  5.795 Cache: 819s/500MB
AV: 00:04:02 / 00:22:10 (18%) A-V:  2.213 ct:  5.809 Cache: 819s/500MB
AV: 00:04:02 / 00:22:10 (18%) A-V:  2.199 ct:  5.822 Cache: 819s/500MB
AV: 00:04:02 / 00:22:10 (18%) A-V:  2.186 ct:  5.835 Cache: 819s/500MB
AV: 00:04:05 / 00:22:10 (18%) A-V:  0.000 ct:  5.021 Cache: 939s/500MB
AV: 00:04:02 / 00:22:10 (18%) A-V:  2.172 ct:  5.849 Cache: 819s/500MB
AV: 00:04:02 / 00:22:10 (18%) A-V:  2.159 ct:  5.862 Cache: 819s/500MB
AV: 00:04:05 / 00:22:10 (18%) A-V:  0.000 Cache: 791s/500MB
AV: 00:04:02 / 00:22:10 (18%) A-V:  2.146 ct:  5.875 Cache: 819s/500MB
AV: 00:04:02 / 00:22:10 (18%) A-V:  2.132 ct:  5.889 Cache: 819s/500MB
AV: 00:04:02 / 00:22:10 (18%) A-V:  2.119 ct:  5.902 Cache: 819s/500MB
AV: 00:04:02 / 00:22:10 (18%) A-V:  2.106 ct:  5.915 Cache: 819s/500MB
AV: 00:04:02 / 00:22:10 (18%) A-V:  2.092 ct:  5.929 Cache: 819s/500MB
AV: 00:04:02 / 00:22:10 (18%) A-V:  2.079 ct:  5.942 Cache: 819s/500MB
AV: 00:04:02 / 00:22:10 (18%) A-V:  2.066 ct:  5.955 Cache: 819s/500MB
AV: 00:04:02 / 00:22:10 (18%) A-V:  2.052 ct:  5.969 Cache: 819s/500MB
AV: 00:04:03 / 00:22:10 (18%) A-V:  2.039 ct:  5.982 Cache: 819s/500MB
AV: 00:04:03 / 00:22:10 (18%) A-V:  2.026 ct:  5.995 Cache: 819s/500MB
AV: 00:04:03 / 00:22:10 (18%) A-V:  2.012 ct:  6.009 Cache: 819s/500MB
AV: 00:04:03 / 00:22:10 (18%) A-V:  1.999 ct:  6.022 Cache: 819s/500MB
AV: 00:04:03 / 00:22:10 (18%) A-V:  1.986 ct:  6.036 Cache: 819s/500MB
AV: 00:04:03 / 00:22:10 (18%) A-V:  1.972 ct:  6.049 Cache: 819s/500MB
AV: 00:04:03 / 00:22:10 (18%) A-V:  1.959 ct:  6.062 Cache: 819s/500MB
AV: 00:04:03 / 00:22:10 (18%) A-V:  1.946 ct:  6.076 Cache: 819s/500MB
AV: 00:04:03 / 00:22:10 (18%) A-V:  1.932 ct:  6.089 Cache: 819s/500MB
AV: 00:04:03 / 00:22:10 (18%) A-V:  1.919 ct:  6.102 Cache: 819s/500MB
AV: 00:04:03 / 00:22:10 (18%) A-V:  1.906 ct:  6.116 Cache: 819s/500MB
AV: 00:04:03 / 00:22:10 (18%) A-V:  1.892 ct:  6.129 Cache: 819s/500MB
AV: 00:04:03 / 00:22:10 (18%) A-V:  1.879 ct:  6.142 Cache: 819s/500MB
AV: 00:04:03 / 00:22:10 (18%) A-V:  1.865 ct:  6.156 Cache: 819s/500MB
AV: 00:04:03 / 00:22:10 (18%) A-V:  1.852 ct:  6.169 Cache: 819s/500MB
AV: 00:04:03 / 00:22:10 (18%) A-V:  1.839 ct:  6.182 Cache: 819s/500MB
AV: 00:04:03 / 00:22:10 (18%) A-V:  1.825 ct:  6.196 Cache: 819s/500MB
AV: 00:04:03 / 00:22:10 (18%) A-V:  1.812 ct:  6.209 Cache: 819s/500MB
AV: 00:04:06 / 00:22:10 (18%) A-V:  0.000 ct:  5.021 Cache: 939s/500MB
AV: 00:04:03 / 00:22:10 (18%) A-V:  1.799 ct:  6.222 Cache: 819s/500MB
AV: 00:04:03 / 00:22:10 (18%) A-V:  1.785 ct:  6.236 Cache: 819s/500MB
AV: 00:04:03 / 00:22:10 (18%) A-V:  1.772 ct:  6.249 Cache: 818s/500MB
AV: 00:04:06 / 00:22:10 (19%) A-V:  0.000 ct:  5.021 Cache: 939s/500MB
AV: 00:04:03 / 00:22:10 (18%) A-V:  1.759 ct:  6.262 Cache: 818s/500MB
AV: 00:04:03 / 00:22:10 (18%) A-V:  1.745 ct:  6.276 Cache: 818s/500MB
AV: 00:04:03 / 00:22:10 (18%) A-V:  1.732 ct:  6.289 Cache: 818s/500MB
AV: 00:04:03 / 00:22:10 (18%) A-V:  1.719 ct:  6.302 Cache: 818s/500MB
AV: 00:04:03 / 00:22:10 (18%) A-V:  1.705 ct:  6.316 Cache: 818s/500MB
AV: 00:04:03 / 00:22:10 (18%) A-V:  1.692 ct:  6.329 Cache: 818s/500MB
AV: 00:04:06 / 00:22:10 (18%) A-V:  0.000 ct:  8.021 Cache: 893s/500MB
AV: 00:04:03 / 00:22:10 (18%) A-V:  1.679 ct:  6.342 Cache: 818s/500MB
AV: 00:04:03 / 00:22:10 (18%) A-V:  1.665 ct:  6.356 Cache: 818s/500MB
AV: 00:04:03 / 00:22:10 (18%) A-V:  1.652 ct:  6.369 Cache: 818s/500MB
AV: 00:04:06 / 00:22:10 (19%) A-V:  0.000 ct:  8.021 Cache: 893s/500MB
AV: 00:04:04 / 00:22:10 (18%) A-V:  1.639 ct:  6.383 Cache: 818s/500MB
AV: 00:04:04 / 00:22:10 (18%) A-V:  1.625 ct:  6.396 Cache: 818s/500MB
AV: 00:04:04 / 00:22:10 (18%) A-V:  1.612 ct:  6.409 Cache: 818s/500MB
AV: 00:04:04 / 00:22:10 (18%) A-V:  1.599 ct:  6.423 Cache: 818s/500MB
AV: 00:04:04 / 00:22:10 (18%) A-V:  1.585 ct:  6.436 Cache: 818s/500MB
AV: 00:04:04 / 00:22:10 (18%) A-V:  1.572 ct:  6.449 Cache: 818s/500MB
AV: 00:04:04 / 00:22:10 (18%) A-V:  1.559 ct:  6.463 Cache: 818s/500MB
AV: 00:04:04 / 00:22:10 (18%) A-V:  1.545 ct:  6.476 Cache: 818s/500MB
AV: 00:04:04 / 00:22:10 (18%) A-V:  1.532 ct:  6.489 Cache: 818s/500MB
AV: 00:04:04 / 00:22:10 (18%) A-V:  1.518 ct:  6.503 Cache: 818s/500MB
AV: 00:04:04 / 00:22:10 (18%) A-V:  1.505 ct:  6.516 Cache: 818s/500MB
AV: 00:04:04 / 00:22:10 (18%) A-V:  1.492 ct:  6.529 Cache: 818s/500MB
AV: 00:04:06 / 00:22:10 (18%) A-V:  0.000 Cache: 791s/500MB
AV: 00:04:04 / 00:22:10 (18%) A-V:  1.478 ct:  6.543 Cache: 818s/500MB
AV: 00:04:06 / 00:22:10 (19%) A-V:  0.000 Cache: 790s/500MB
AV: 00:04:04 / 00:22:10 (18%) A-V:  1.465 ct:  6.556 Cache: 818s/500MB
AV: 00:04:04 / 00:22:10 (18%) A-V:  1.452 ct:  6.569 Cache: 818s/500MB
AV: 00:04:04 / 00:22:10 (18%) A-V:  1.438 ct:  6.583 Cache: 818s/500MB
AV: 00:04:04 / 00:22:10 (18%) A-V:  1.425 ct:  6.596 Cache: 818s/500MB
AV: 00:04:04 / 00:22:10 (18%) A-V:  1.412 ct:  6.609 Cache: 818s/500MB
AV: 00:04:04 / 00:22:10 (18%) A-V:  1.398 ct:  6.623 Cache: 818s/500MB
AV: 00:04:06 / 00:22:10 (19%) A-V:  0.000 ct:  8.021 Cache: 892s/500MB
AV: 00:04:04 / 00:22:10 (18%) A-V:  1.385 ct:  6.636 Cache: 818s/500MB
AV: 00:04:04 / 00:22:10 (18%) A-V:  1.372 ct:  6.649 Cache: 818s/500MB
AV: 00:04:04 / 00:22:10 (18%) A-V:  1.358 ct:  6.663 Cache: 818s/500MB
AV: 00:04:04 / 00:22:10 (18%) A-V:  1.345 ct:  6.676 Cache: 818s/500MB
AV: 00:04:06 / 00:22:10 (19%) A-V:  0.000 ct:  5.021 Cache: 938s/500MB
AV: 00:04:04 / 00:22:10 (18%) A-V:  1.332 ct:  6.690 Cache: 818s/500MB
AV: 00:04:04 / 00:22:10 (18%) A-V:  1.318 ct:  6.703 Cache: 818s/500MB
AV: 00:04:04 / 00:22:10 (18%) A-V:  1.305 ct:  6.716 Cache: 818s/500MB
AV: 00:04:04 / 00:22:10 (18%) A-V:  1.292 ct:  6.730 Cache: 818s/500MB
AV: 00:04:04 / 00:22:10 (18%) A-V:  1.278 ct:  6.743 Cache: 818s/500MB
AV: 00:04:04 / 00:22:10 (18%) A-V:  1.265 ct:  6.756 Cache: 818s/500MB
AV: 00:04:04 / 00:22:10 (18%) A-V:  1.252 ct:  6.770 Cache: 818s/500MB
AV: 00:04:05 / 00:22:10 (18%) A-V:  1.238 ct:  6.783 Cache: 818s/500MB
AV: 00:04:05 / 00:22:10 (18%) A-V:  1.225 ct:  6.796 Cache: 818s/500MB
AV: 00:04:05 / 00:22:10 (18%) A-V:  1.212 ct:  6.810 Cache: 818s/500MB
AV: 00:04:05 / 00:22:10 (18%) A-V:  1.198 ct:  6.823 Cache: 818s/500MB
AV: 00:04:05 / 00:22:10 (18%) A-V:  1.185 ct:  6.836 Cache: 818s/500MB
AV: 00:04:05 / 00:22:10 (18%) A-V:  1.171 ct:  6.850 Cache: 818s/500MB
AV: 00:04:05 / 00:22:10 (18%) A-V:  1.158 ct:  6.863 Cache: 818s/500MB
AV: 00:04:05 / 00:22:10 (18%) A-V:  1.145 ct:  6.876 Cache: 818s/500MB
AV: 00:04:07 / 00:22:10 (19%) A-V:  0.000 ct:  5.021 Cache: 938s/500MB
AV: 00:04:05 / 00:22:10 (18%) A-V:  1.131 ct:  6.890 Cache: 818s/500MB
AV: 00:04:05 / 00:22:10 (18%) A-V:  1.118 ct:  6.903 Cache: 818s/500MB
AV: 00:04:05 / 00:22:10 (18%) A-V:  1.105 ct:  6.916 Cache: 818s/500MB
AV: 00:04:05 / 00:22:10 (18%) A-V:  1.091 ct:  6.930 Cache: 818s/500MB
AV: 00:04:05 / 00:22:10 (18%) A-V:  1.078 ct:  6.943 Cache: 818s/500MB
AV: 00:04:05 / 00:22:10 (18%) A-V:  1.065 ct:  6.956 Cache: 818s/500MB
AV: 00:04:05 / 00:22:10 (18%) A-V:  1.051 ct:  6.970 Cache: 818s/500MB
AV: 00:04:05 / 00:22:10 (18%) A-V:  1.038 ct:  6.983 Cache: 818s/500MB
AV: 00:04:07 / 00:22:10 (19%) A-V:  0.000 ct:  8.021 Cache: 892s/500MB
AV: 00:04:05 / 00:22:10 (18%) A-V:  1.025 ct:  6.996 Cache: 818s/500MB
AV: 00:04:05 / 00:22:10 (18%) A-V:  1.011 ct:  7.010 Cache: 818s/500MB
AV: 00:04:05 / 00:22:10 (18%) A-V:  0.998 ct:  7.023 Cache: 818s/500MB
AV: 00:04:05 / 00:22:10 (18%) A-V:  0.985 ct:  7.037 Cache: 818s/500MB
AV: 00:04:05 / 00:22:10 (18%) A-V:  0.971 ct:  7.050 Cache: 818s/500MB
AV: 00:04:05 / 00:22:10 (18%) A-V:  0.958 ct:  7.063 Cache: 818s/500MB
AV: 00:04:05 / 00:22:10 (18%) A-V:  0.945 ct:  7.077 Cache: 818s/500MB
AV: 00:04:05 / 00:22:10 (18%) A-V:  0.931 ct:  7.090 Cache: 818s/500MB
AV: 00:04:05 / 00:22:10 (18%) A-V:  0.918 ct:  7.103 Cache: 818s/500MB
AV: 00:04:05 / 00:22:10 (18%) A-V:  0.905 ct:  7.117 Cache: 818s/500MB
AV: 00:04:05 / 00:22:10 (18%) A-V:  0.891 ct:  7.130 Cache: 818s/500MB
AV: 00:04:05 / 00:22:10 (18%) A-V:  0.878 ct:  7.143 Cache: 818s/500MB
AV: 00:04:05 / 00:22:10 (18%) A-V:  0.864 ct:  7.157 Cache: 818s/500MB
AV: 00:04:05 / 00:22:10 (18%) A-V:  0.851 ct:  7.170 Cache: 818s/500MB
AV: 00:04:06 / 00:22:10 (18%) A-V:  0.838 ct:  7.183 Cache: 818s/500MB
AV: 00:04:06 / 00:22:10 (18%) A-V:  0.824 ct:  7.197 Cache: 818s/500MB
AV: 00:04:07 / 00:22:10 (19%) A-V:  0.000 Cache: 789s/500MB
AV: 00:04:06 / 00:22:10 (19%) A-V:  0.811 ct:  7.210 Cache: 818s/500MB
AV: 00:04:06 / 00:22:10 (19%) A-V:  0.798 ct:  7.223 Cache: 818s/500MB
AV: 00:04:06 / 00:22:10 (19%) A-V:  0.784 ct:  7.237 Cache: 818s/500MB
AV: 00:04:06 / 00:22:10 (19%) A-V:  0.771 ct:  7.250 Cache: 818s/500MB
AV: 00:04:06 / 00:22:10 (19%) A-V:  0.758 ct:  7.263 Cache: 818s/500MB
AV: 00:04:06 / 00:22:10 (19%) A-V:  0.744 ct:  7.277 Cache: 818s/500MB
AV: 00:04:06 / 00:22:10 (19%) A-V:  0.731 ct:  7.290 Cache: 818s/500MB
AV: 00:04:06 / 00:22:10 (19%) A-V:  0.718 ct:  7.303 Cache: 818s/500MB
AV: 00:04:06 / 00:22:10 (19%) A-V:  0.704 ct:  7.317 Cache: 818s/500MB
AV: 00:04:06 / 00:22:10 (19%) A-V:  0.691 ct:  7.330 Cache: 818s/500MB
AV: 00:04:06 / 00:22:10 (19%) A-V:  0.678 ct:  7.343 Cache: 818s/500MB
AV: 00:04:06 / 00:22:10 (19%) A-V:  0.664 ct:  7.357 Cache: 818s/500MB
AV: 00:04:06 / 00:22:10 (19%) A-V:  0.651 ct:  7.370 Cache: 818s/500MB
AV: 00:04:06 / 00:22:10 (19%) A-V:  0.638 ct:  7.384 Cache: 818s/500MB
AV: 00:04:06 / 00:22:10 (19%) A-V:  0.624 ct:  7.397 Cache: 818s/500MB
AV: 00:04:06 / 00:22:10 (19%) A-V:  0.611 ct:  7.410 Cache: 818s/500MB
AV: 00:04:06 / 00:22:10 (19%) A-V:  0.598 ct:  7.424 Cache: 818s/500MB
AV: 00:04:06 / 00:22:10 (19%) A-V:  0.584 ct:  7.437 Cache: 817s/500MB
AV: 00:04:07 / 00:22:10 (19%) A-V:  0.000 ct:  8.021 Cache: 891s/500MB
AV: 00:04:06 / 00:22:10 (19%) A-V:  0.571 ct:  7.450 Cache: 817s/500MB
AV: 00:04:06 / 00:22:10 (19%) A-V:  0.558 ct:  7.464 Cache: 817s/500MB
AV: 00:04:06 / 00:22:10 (19%) A-V:  0.544 ct:  7.477 Cache: 817s/500MB
AV: 00:04:06 / 00:22:10 (19%) A-V:  0.531 ct:  7.490 Cache: 817s/500MB
AV: 00:04:06 / 00:22:10 (19%) A-V:  0.517 ct:  7.504 Cache: 817s/500MB
AV: 00:04:06 / 00:22:10 (19%) A-V:  0.504 ct:  7.517 Cache: 817s/500MB
AV: 00:04:07 / 00:22:10 (19%) A-V:  0.000 ct:  5.021 Cache: 937s/500MB
AV: 00:04:06 / 00:22:10 (19%) A-V:  0.491 ct:  7.530 Cache: 817s/500MB
AV: 00:04:06 / 00:22:10 (19%) A-V:  0.477 ct:  7.544 Cache: 817s/500MB
AV: 00:04:08 / 00:22:10 (19%) A-V:  0.000 ct:  5.021 Cache: 937s/500MB
AV: 00:04:06 / 00:22:10 (19%) A-V:  0.464 ct:  7.557 Cache: 817s/500MB
AV: 00:04:06 / 00:22:10 (19%) A-V:  0.451 ct:  7.570 Cache: 817s/500MB
AV: 00:04:07 / 00:22:10 (19%) A-V:  0.437 ct:  7.584 Cache: 817s/500MB
AV: 00:04:07 / 00:22:10 (19%) A-V:  0.424 ct:  7.597 Cache: 817s/500MB
AV: 00:04:07 / 00:22:10 (19%) A-V:  0.411 ct:  7.610 Cache: 817s/500MB
AV: 00:04:07 / 00:22:10 (19%) A-V:  0.397 ct:  7.624 Cache: 817s/500MB
AV: 00:04:07 / 00:22:10 (19%) A-V:  0.384 ct:  7.637 Cache: 817s/500MB
AV: 00:04:07 / 00:22:10 (19%) A-V:  0.371 ct:  7.650 Cache: 817s/500MB
AV: 00:04:08 / 00:22:10 (19%) A-V:  0.000 ct:  8.021 Cache: 891s/500MB
AV: 00:04:07 / 00:22:10 (19%) A-V:  0.357 ct:  7.664 Cache: 817s/500MB
AV: 00:04:07 / 00:22:10 (19%) A-V:  0.344 ct:  7.677 Cache: 817s/500MB
AV: 00:04:07 / 00:22:10 (19%) A-V:  0.331 ct:  7.691 Cache: 817s/500MB
AV: 00:04:07 / 00:22:10 (19%) A-V:  0.317 ct:  7.704 Cache: 817s/500MB
AV: 00:04:07 / 00:22:10 (19%) A-V:  0.304 ct:  7.717 Cache: 817s/500MB
AV: 00:04:07 / 00:22:10 (19%) A-V:  0.291 ct:  7.731 Cache: 817s/500MB
AV: 00:04:07 / 00:22:10 (19%) A-V:  0.287 ct:  7.734 Cache: 817s/500MB
AV: 00:04:07 / 00:22:10 (19%) A-V:  0.284 ct:  7.737 Cache: 817s/500MB
AV: 00:04:07 / 00:22:10 (19%) A-V:  0.281 ct:  7.741 Cache: 817s/500MB
AV: 00:04:07 / 00:22:10 (19%) A-V:  0.277 ct:  7.744 Cache: 817s/500MB
AV: 00:04:07 / 00:22:10 (19%) A-V:  0.274 ct:  7.747 Cache: 817s/500MB
AV: 00:04:07 / 00:22:10 (19%) A-V:  0.271 ct:  7.751 Cache: 817s/500MB
AV: 00:04:08 / 00:22:10 (19%) A-V:  0.000 Cache: 788s/500MB
AV: 00:04:07 / 00:22:10 (19%) A-V:  0.267 ct:  7.754 Cache: 817s/500MB
AV: 00:04:07 / 00:22:10 (19%) A-V:  0.264 ct:  7.757 Cache: 817s/500MB
AV: 00:04:08 / 00:22:10 (19%) A-V:  0.000 Cache: 789s/500MB
AV: 00:04:07 / 00:22:10 (19%) A-V:  0.261 ct:  7.761 Cache: 817s/500MB
AV: 00:04:08 / 00:22:10 (19%) A-V:  0.000 Cache: 788s/500MB
AV: 00:04:07 / 00:22:10 (19%) A-V:  0.257 ct:  7.764 Cache: 817s/500MB
AV: 00:04:07 / 00:22:10 (19%) A-V:  0.254 ct:  7.767 Cache: 817s/500MB
AV: 00:04:07 / 00:22:10 (19%) A-V:  0.251 ct:  7.771 Cache: 817s/500MB
AV: 00:04:07 / 00:22:10 (19%) A-V:  0.247 ct:  7.774 Cache: 817s/500MB
AV: 00:04:07 / 00:22:10 (19%) A-V:  0.244 ct:  7.777 Cache: 817s/500MB
AV: 00:04:07 / 00:22:10 (19%) A-V:  0.241 ct:  7.781 Cache: 817s/500MB
AV: 00:04:07 / 00:22:10 (19%) A-V:  0.237 ct:  7.784 Cache: 817s/500MB
AV: 00:04:07 / 00:22:10 (19%) A-V:  0.234 ct:  7.787 Cache: 817s/500MB
AV: 00:04:07 / 00:22:10 (19%) A-V:  0.231 ct:  7.791 Cache: 817s/500MB
AV: 00:04:08 / 00:22:10 (19%) A-V:  0.227 ct:  7.794 Cache: 817s/500MB
AV: 00:04:08 / 00:22:10 (19%) A-V:  0.224 ct:  7.797 Cache: 817s/500MB
AV: 00:04:08 / 00:22:10 (19%) A-V:  0.221 ct:  7.801 Cache: 817s/500MB
AV: 00:04:08 / 00:22:10 (19%) A-V:  0.217 ct:  7.804 Cache: 817s/500MB
AV: 00:04:08 / 00:22:10 (19%) A-V:  0.214 ct:  7.807 Cache: 817s/500MB
AV: 00:04:09 / 00:22:10 (19%) A-V:  0.000 ct:  5.021 Cache: 937s/500MB
AV: 00:04:08 / 00:22:10 (19%) A-V:  0.211 ct:  7.811 Cache: 817s/500MB
AV: 00:04:08 / 00:22:10 (19%) A-V:  0.207 ct:  7.814 Cache: 817s/500MB
AV: 00:04:08 / 00:22:10 (19%) A-V:  0.204 ct:  7.817 Cache: 817s/500MB
AV: 00:04:08 / 00:22:10 (19%) A-V:  0.201 ct:  7.821 Cache: 817s/500MB
AV: 00:04:08 / 00:22:10 (19%) A-V:  0.197 ct:  7.824 Cache: 817s/500MB
AV: 00:04:08 / 00:22:10 (19%) A-V:  0.000 ct:  8.021 Cache: 890s/500MB
AV: 00:04:08 / 00:22:10 (19%) A-V:  0.194 ct:  7.827 Cache: 817s/500MB
AV: 00:04:09 / 00:22:10 (19%) A-V:  0.000 ct:  5.021 Cache: 936s/500MB
AV: 00:04:08 / 00:22:10 (19%) A-V:  0.190 ct:  7.831 Cache: 817s/500MB
AV: 00:04:09 / 00:22:10 (19%) A-V:  0.000 ct:  8.021 Cache: 890s/500MB
AV: 00:04:08 / 00:22:10 (19%) A-V:  0.187 ct:  7.834 Cache: 816s/500MB
AV: 00:04:09 / 00:22:10 (19%) A-V:  0.000 ct:  8.021 Cache: 891s/500MB
AV: 00:04:08 / 00:22:10 (19%) A-V:  0.184 ct:  7.837 Cache: 816s/500MB
AV: 00:04:09 / 00:22:10 (19%) A-V:  0.000 ct:  8.021 Cache: 890s/500MB
AV: 00:04:08 / 00:22:10 (19%) A-V:  0.180 ct:  7.841 Cache: 816s/500MB
AV: 00:04:08 / 00:22:10 (19%) A-V:  0.177 ct:  7.844 Cache: 816s/500MB
AV: 00:04:08 / 00:22:10 (19%) A-V:  0.174 ct:  7.847 Cache: 816s/500MB
AV: 00:04:08 / 00:22:10 (19%) A-V:  0.170 ct:  7.851 Cache: 816s/500MB
AV: 00:04:08 / 00:22:10 (19%) A-V:  0.167 ct:  7.854 Cache: 816s/500MB
AV: 00:04:08 / 00:22:10 (19%) A-V:  0.164 ct:  7.857 Cache: 816s/500MB
AV: 00:04:08 / 00:22:10 (19%) A-V:  0.160 ct:  7.861 Cache: 816s/500MB
AV: 00:04:08 / 00:22:10 (19%) A-V:  0.157 ct:  7.864 Cache: 816s/500MB
AV: 00:04:09 / 00:22:10 (19%) A-V:  0.000 Cache: 788s/500MB
AV: 00:04:08 / 00:22:10 (19%) A-V:  0.154 ct:  7.867 Cache: 816s/500MB
AV: 00:04:08 / 00:22:10 (19%) A-V:  0.150 ct:  7.871 Cache: 816s/500MB
AV: 00:04:08 / 00:22:10 (19%) A-V:  0.147 ct:  7.874 Cache: 816s/500MB
AV: 00:04:08 / 00:22:10 (19%) A-V:  0.144 ct:  7.877 Cache: 816s/500MB
AV: 00:04:08 / 00:22:10 (19%) A-V:  0.140 ct:  7.881 Cache: 816s/500MB
AV: 00:04:08 / 00:22:10 (19%) A-V:  0.137 ct:  7.884 Cache: 816s/500MB
AV: 00:04:08 / 00:22:10 (19%) A-V:  0.134 ct:  7.887 Cache: 816s/500MB
AV: 00:04:08 / 00:22:10 (19%) A-V:  0.130 ct:  7.891 Cache: 816s/500MB
AV: 00:04:09 / 00:22:10 (19%) A-V:  0.000 Cache: 787s/500MB
AV: 00:04:09 / 00:22:10 (19%) A-V:  0.127 ct:  7.894 Cache: 816s/500MB
AV: 00:04:09 / 00:22:10 (19%) A-V:  0.000 Cache: 788s/500MB
AV: 00:04:09 / 00:22:10 (19%) A-V:  0.124 ct:  7.897 Cache: 816s/500MB
AV: 00:04:09 / 00:22:10 (19%) A-V:  0.000 Cache: 787s/500MB
AV: 00:04:09 / 00:22:10 (19%) A-V:  0.120 ct:  7.901 Cache: 816s/500MB
AV: 00:04:09 / 00:22:10 (19%) A-V:  0.117 ct:  7.904 Cache: 816s/500MB
AV: 00:04:09 / 00:22:10 (19%) A-V:  0.114 ct:  7.907 Cache: 816s/500MB
AV: 00:04:09 / 00:22:10 (19%) A-V:  0.110 ct:  7.911 Cache: 816s/500MB
AV: 00:04:09 / 00:22:10 (19%) A-V:  0.107 ct:  7.914 Cache: 816s/500MB
AV: 00:04:09 / 00:22:10 (19%) A-V:  0.104 ct:  7.917 Cache: 816s/500MB
AV: 00:04:09 / 00:22:10 (19%) A-V:  0.100 ct:  7.921 Cache: 816s/500MB
AV: 00:04:09 / 00:22:10 (19%) A-V:  0.097 ct:  7.924 Cache: 816s/500MB
AV: 00:04:10 / 00:22:10 (19%) A-V:  0.000 ct:  5.021 Cache: 936s/500MB
AV: 00:04:09 / 00:22:10 (19%) A-V:  0.094 ct:  7.927 Cache: 816s/500MB
AV: 00:04:09 / 00:22:10 (19%) A-V:  0.090 ct:  7.931 Cache: 816s/500MB
AV: 00:04:09 / 00:22:10 (19%) A-V:  0.087 ct:  7.934 Cache: 816s/500MB
AV: 00:04:09 / 00:22:10 (19%) A-V:  0.084 ct:  7.937 Cache: 816s/500MB
AV: 00:04:09 / 00:22:10 (19%) A-V:  0.080 ct:  7.941 Cache: 816s/500MB
AV: 00:04:10 / 00:22:10 (19%) A-V:  0.000 ct:  8.021 Cache: 890s/500MB
AV: 00:04:09 / 00:22:10 (19%) A-V:  0.077 ct:  7.944 Cache: 816s/500MB
AV: 00:04:09 / 00:22:10 (19%) A-V:  0.074 ct:  7.947 Cache: 816s/500MB
AV: 00:04:09 / 00:22:10 (19%) A-V:  0.070 ct:  7.951 Cache: 816s/500MB
AV: 00:04:10 / 00:22:10 (19%) A-V:  0.000 ct:  5.021 Cache: 935s/500MB
AV: 00:04:09 / 00:22:10 (19%) A-V:  0.067 ct:  7.954 Cache: 816s/500MB
AV: 00:04:09 / 00:22:10 (19%) A-V:  0.064 ct:  7.957 Cache: 816s/500MB
AV: 00:04:09 / 00:22:10 (19%) A-V:  0.060 ct:  7.961 Cache: 816s/500MB
AV: 00:04:09 / 00:22:10 (19%) A-V:  0.057 ct:  7.964 Cache: 816s/500MB
AV: 00:04:09 / 00:22:10 (19%) A-V:  0.054 ct:  7.967 Cache: 816s/500MB
AV: 00:04:09 / 00:22:10 (19%) A-V:  0.050 ct:  7.971 Cache: 816s/500MB
AV: 00:04:09 / 00:22:10 (19%) A-V:  0.047 ct:  7.974 Cache: 816s/500MB
AV: 00:04:10 / 00:22:10 (19%) A-V:  0.000 Cache: 787s/500MB
AV: 00:04:09 / 00:22:10 (19%) A-V:  0.044 ct:  7.977 Cache: 816s/500MB
AV: 00:04:09 / 00:22:10 (19%) A-V:  0.040 ct:  7.981 Cache: 816s/500MB
AV: 00:04:10 / 00:22:10 (19%) A-V:  0.000 ct:  8.021 Cache: 889s/500MB
AV: 00:04:09 / 00:22:10 (19%) A-V:  0.037 ct:  7.984 Cache: 816s/500MB
AV: 00:04:09 / 00:22:10 (19%) A-V:  0.034 ct:  7.987 Cache: 816s/500MB
AV: 00:04:09 / 00:22:10 (19%) A-V:  0.030 ct:  7.991 Cache: 815s/500MB
AV: 00:04:10 / 00:22:10 (19%) A-V:  0.027 ct:  7.994 Cache: 815s/500MB
AV: 00:04:10 / 00:22:10 (19%) A-V:  0.025 ct:  7.997 Cache: 815s/500MB
AV: 00:04:10 / 00:22:10 (19%) A-V:  0.022 ct:  7.999 Cache: 815s/500MB
AV: 00:04:10 / 00:22:10 (19%) A-V:  0.020 ct:  8.001 Cache: 815s/500MB
AV: 00:04:10 / 00:22:10 (19%) A-V:  0.018 ct:  8.003 Cache: 815s/500MB
AV: 00:04:10 / 00:22:10 (19%) A-V:  0.000 Cache: 786s/500MB
AV: 00:04:10 / 00:22:10 (19%) A-V:  0.016 ct:  8.005 Cache: 815s/500MB
AV: 00:04:10 / 00:22:10 (19%) A-V:  0.015 ct:  8.007 Cache: 815s/500MB
AV: 00:04:10 / 00:22:10 (19%) A-V:  0.013 ct:  8.008 Cache: 815s/500MB
AV: 00:04:10 / 00:22:10 (19%) A-V:  0.012 ct:  8.009 Cache: 815s/500MB
AV: 00:04:10 / 00:22:10 (19%) A-V:  0.011 ct:  8.011 Cache: 815s/500MB
AV: 00:04:10 / 00:22:10 (19%) A-V:  0.010 ct:  8.012 Cache: 815s/500MB
AV: 00:04:10 / 00:22:10 (19%) A-V:  0.009 ct:  8.013 Cache: 815s/500MB
AV: 00:04:11 / 00:22:10 (19%) A-V:  0.000 ct:  5.021 Cache: 935s/500MB
AV: 00:04:10 / 00:22:10 (19%) A-V:  0.008 ct:  8.013 Cache: 815s/500MB
AV: 00:04:10 / 00:22:10 (19%) A-V:  0.007 ct:  8.014 Cache: 815s/500MB
AV: 00:04:10 / 00:22:10 (19%) A-V:  0.006 ct:  8.015 Cache: 815s/500MB
AV: 00:04:10 / 00:22:10 (19%) A-V:  0.006 ct:  8.016 Cache: 815s/500MB
AV: 00:04:10 / 00:22:10 (19%) A-V:  0.005 ct:  8.016 Cache: 815s/500MB
AV: 00:04:11 / 00:22:10 (19%) A-V:  0.000 ct:  8.021 Cache: 889s/500MB
AV: 00:04:10 / 00:22:10 (19%) A-V:  0.005 ct:  8.017 Cache: 815s/500MB
AV: 00:04:10 / 00:22:10 (19%) A-V:  0.004 ct:  8.017 Cache: 815s/500MB
AV: 00:04:10 / 00:22:10 (19%) A-V:  0.003 ct:  8.018 Cache: 815s/500MB
AV: 00:04:10 / 00:22:10 (19%) A-V:  0.002 ct:  8.019 Cache: 815s/500MB
AV: 00:04:11 / 00:22:10 (19%) A-V:  0.000 Cache: 786s/500MB
AV: 00:04:10 / 00:22:10 (19%) A-V:  0.002 ct:  8.020 Cache: 815s/500MB
AV: 00:04:11 / 00:22:10 (19%) A-V:  0.000 ct:  5.021 Cache: 934s/500MB
AV: 00:04:10 / 00:22:10 (19%) A-V:  0.001 ct:  8.020 Cache: 815s/500MB
AV: 00:04:11 / 00:22:10 (19%) A-V:  0.001 ct:  8.020 Cache: 815s/500MB
AV: 00:04:11 / 00:22:10 (19%) A-V:  0.000 Cache: 785s/500MB
AV: 00:04:11 / 00:22:10 (19%) A-V:  0.001 ct:  8.021 Cache: 815s/500MB
AV: 00:04:11 / 00:22:10 (19%) A-V:  0.000 ct:  8.021 Cache: 815s/500MB
AV: 00:04:11 / 00:22:10 (19%) A-V:  0.000 ct:  8.021 Cache: 814s/500MB
AV: 00:04:12 / 00:22:10 (19%) A-V:  0.000 ct:  5.021 Cache: 934s/500MB
AV: 00:04:11 / 00:22:10 (19%) A-V:  0.000 ct:  8.021 Cache: 888s/500MB
AV: 00:04:12 / 00:22:10 (19%) A-V:  0.000 ct:  8.021 Cache: 888s/500MB
AV: 00:04:12 / 00:22:10 (19%) A-V:  0.000 Cache: 785s/500MB
AV: 00:04:12 / 00:22:10 (19%) A-V:  0.000 ct:  8.021 Cache: 814s/500MB
AV: 00:04:12 / 00:22:10 (19%) A-V:  0.000 ct:  5.021 Cache: 933s/500MB
AV: 00:04:12 / 00:22:10 (19%) A-V:  0.000 Cache: 784s/500MB
AV: 00:04:13 / 00:22:10 (19%) A-V:  0.000 ct:  5.021 Cache: 933s/500MB
AV: 00:04:12 / 00:22:10 (19%) A-V:  0.000 ct:  8.021 Cache: 813s/500MB
AV: 00:04:13 / 00:22:10 (19%) A-V:  0.000 ct:  8.021 Cache: 888s/500MB
AV: 00:04:13 / 00:22:10 (19%) A-V:  0.000 Cache: 784s/500MB
AV: 00:04:13 / 00:22:10 (19%) A-V:  0.000 ct:  8.021 Cache: 887s/500MB
AV: 00:04:13 / 00:22:10 (19%) A-V:  0.000 ct:  8.021 Cache: 888s/500MB
AV: 00:04:13 / 00:22:10 (19%) A-V:  0.000 ct:  8.021 Cache: 887s/500MB
AV: 00:04:13 / 00:22:10 (19%) A-V:  0.000 ct:  8.021 Cache: 813s/500MB
AV: 00:04:13 / 00:22:10 (19%) A-V:  0.000 ct:  8.021 Cache: 888s/500MB
AV: 00:04:13 / 00:22:10 (19%) A-V:  0.000 ct:  8.021 Cache: 887s/500MB
AV: 00:04:13 / 00:22:10 (19%) A-V:  0.000 Cache: 783s/500MB
AV: 00:04:14 / 00:22:10 (19%) A-V:  0.000 ct:  5.021 Cache: 933s/500MB
AV: 00:04:14 / 00:22:10 (19%) A-V:  0.000 ct:  5.021 Cache: 932s/500MB
AV: 00:04:13 / 00:22:10 (19%) A-V:  0.000 Cache: 784s/500MB
Using hardware decoding (nvdec).
AV: 00:04:13 / 00:22:10 (19%) A-V:  0.000 ct:  8.021 Cache: 887s/500MB
Invalid audio PTS: 253.999977 -> 263.999979
AV: 00:04:13 / 00:22:10 (19%) A-V:  0.000 ct:  8.021 Cache: 813s/500MB
Reset playback due to audio timestamp reset.
AV: 00:04:13 / 00:22:10 (19%) A-V:  0.000 ct:  8.021 Cache: 813s/500MB
AV: 00:04:13 / 00:22:10 (19%) A-V:  0.000 ct:  8.021 Cache: 888s/500MB
(...) AV: 00:00:00 / 00:22:10 (0%) A-V:  0.000 Cache: 803s/500MB
[dbx] New chapter 0 
(...) AV: 00:00:00 / 00:22:10 (0%) A-V:  0.000 Cache: 803s/500MB
[dbx] Metadata  
(...) AV: 00:00:00 / 00:22:10 (0%) A-V:  0.000 Cache: 803s/500MB
[dbx] chapter time is  0 
(...) AV: 00:00:00 / 00:22:10 (0%) A-V:  0.000 Cache: 803s/500MB
[dbx] Chapter Length is  -211 
(...) AV: 00:00:00 / 00:22:10 (0%) A-V:  0.000 Cache: 803s/500MB
[dbx] record_number was  1 
(...) AV: 00:00:00 / 00:22:10 (0%) A-V:  0.000 Cache: 803s/500MB
AO: [pipewire] 48000Hz stereo 2ch floatp
AV: 00:04:13 / 00:22:10 (19%) A-V:  0.000 Cache: 784s/500MB
AV: 00:04:13 / 00:22:10 (19%) A-V:  0.165 Cache: 784s/500MB
AV: 00:04:13 / 00:22:10 (19%) A-V:  0.132 Dropped: 1 Cache: 784s/500MB
AV: 00:04:13 / 00:22:10 (19%) A-V:  0.098 Dropped: 2 Cache: 784s/500MB
AV: 00:04:13 / 00:22:10 (19%) A-V:  0.065 Dropped: 3 Cache: 784s/500MB
Using hardware decoding (nvdec).
AV: 00:04:13 / 00:22:10 (19%) A-V:  0.065 Dropped: 3 Cache: 784s/500MB
AV: 00:04:13 / 00:22:10 (19%) A-V:  0.065 Dropped: 4 Cache: 783s/500MB
AO: [pipewire] 48000Hz stereo 2ch floatp
(...) AV: 00:00:00 / 00:22:10 (0%) A-V:  0.000 Cache: 803s/500MB
AV: 00:04:13 / 00:22:10 (19%) A-V:  0.000 Cache: 802s/500MB
[dbx] New chapter 20 
AV: 00:04:13 / 00:22:10 (19%) A-V:  0.000 Cache: 802s/500MB
[dbx] Metadata  
AV: 00:04:13 / 00:22:10 (19%) A-V:  0.000 Cache: 802s/500MB
[dbx] chapter time is  241 
AV: 00:04:13 / 00:22:10 (19%) A-V:  0.000 Cache: 802s/500MB
[dbx] Chapter Length is  211 
AV: 00:04:13 / 00:22:10 (19%) A-V:  0.000 Cache: 802s/500MB
[dbx] record_number was  21 
AV: 00:04:13 / 00:22:10 (19%) A-V:  0.000 Cache: 802s/500MB
AV: 00:04:13 / 00:22:10 (19%) A-V:  0.000 Dropped: 4 Cache: 784s/500MB
AV: 00:04:13 / 00:22:10 (19%) A-V:  0.000 Cache: 803s/500MB
VO: [gpu] 1920x1080 cuda[nv12]
AV: 00:04:13 / 00:22:10 (19%) A-V:  0.000 Dropped: 4 Cache: 784s/500MB
AV: 00:04:13 / 00:22:10 (19%) A-V:  0.000 Cache: 784s/500MB
AV: 00:04:14 / 00:22:10 (19%) A-V:  0.000 Cache: 784s/500MB
[dbx] New chapter 18 
AV: 00:04:14 / 00:22:10 (19%) A-V:  0.000 Cache: 784s/500MB
[dbx] Metadata  
AV: 00:04:14 / 00:22:10 (19%) A-V:  0.000 Cache: 784s/500MB
[dbx] chapter time is  254 
AV: 00:04:14 / 00:22:10 (19%) A-V:  0.000 Cache: 784s/500MB
[dbx] Chapter Length is  20 
AV: 00:04:14 / 00:22:10 (19%) A-V:  0.000 Cache: 784s/500MB
[dbx] record_number was  19 
AV: 00:04:14 / 00:22:10 (19%) A-V:  0.000 Cache: 784s/500MB
AV: 00:04:13 / 00:22:10 (19%) A-V:  0.399 ct:  8.021 Cache: 891s/500MB
AV: 00:04:13 / 00:22:10 (19%) A-V:  0.000 ct:  0.053 Cache: 803s/500MB
VO: [gpu] 3840x2160 cuda[nv12]
AV: 00:04:13 / 00:22:10 (19%) A-V:  0.399 ct:  8.021 Cache: 891s/500MB
AV: 00:04:13 / 00:22:10 (19%) A-V:  0.396 ct:  8.021 Cache: 891s/500MB
AV: 00:04:14 / 00:22:10 (19%) A-V:  0.365 ct:  8.021 Cache: 891s/500MB
AV: 00:04:14 / 00:22:10 (19%) A-V:  0.335 ct:  8.021 Dropped: 1 Cache: 891s/500MB
[dbx] New chapter 18 
AV: 00:04:14 / 00:22:10 (19%) A-V:  0.335 ct:  8.021 Dropped: 1 Cache: 891s/500MB
[dbx] Metadata  
AV: 00:04:14 / 00:22:10 (19%) A-V:  0.335 ct:  8.021 Dropped: 1 Cache: 891s/500MB
[dbx] chapter time is  254 
AV: 00:04:14 / 00:22:10 (19%) A-V:  0.335 ct:  8.021 Dropped: 1 Cache: 891s/500MB
[dbx] Chapter Length is  12 
AV: 00:04:14 / 00:22:10 (19%) A-V:  0.335 ct:  8.021 Dropped: 1 Cache: 891s/500MB
[dbx] record_number was  19 
AV: 00:04:14 / 00:22:10 (19%) A-V:  0.335 ct:  8.021 Dropped: 1 Cache: 891s/500MB
AV: 00:04:14 / 00:22:10 (19%) A-V:  0.305 ct:  8.021 Dropped: 2 Cache: 892s/500MB
AV: 00:04:14 / 00:22:10 (19%) A-V:  0.274 ct:  8.021 Dropped: 3 Cache: 892s/500MB
AV: 00:04:14 / 00:22:10 (19%) A-V:  0.244 ct:  8.021 Dropped: 4 Cache: 892s/500MB
AV: 00:04:14 / 00:22:10 (19%) A-V:  0.213 ct:  8.021 Dropped: 5 Cache: 892s/500MB
AV: 00:04:14 / 00:22:10 (19%) A-V:  0.182 ct:  8.021 Dropped: 6 Cache: 892s/500MB
AV: 00:04:14 / 00:22:10 (19%) A-V:  0.152 ct:  8.021 Dropped: 7 Cache: 892s/500MB
AV: 00:04:14 / 00:22:10 (19%) A-V:  0.120 ct:  8.021 Dropped: 8 Cache: 892s/500MB
AV: 00:04:14 / 00:22:10 (19%) A-V:  0.089 ct:  8.021 Dropped: 9 Cache: 892s/500MB
AV: 00:04:14 / 00:22:10 (19%) A-V:  0.058 ct:  8.021 Dropped: 10 Cache: 892s/500MB
AV: 00:04:14 / 00:22:10 (19%) A-V:  0.026 ct:  8.021 Dropped: 11 Cache: 892s/500MB
AV: 00:04:14 / 00:22:10 (19%) A-V:  0.000 ct:  8.021 Dropped: 12 Cache: 892s/500MB
Using hardware decoding (nvdec).
AV: 00:04:13 / 00:22:10 (19%) A-V:  0.000 ct:  0.053 Cache: 803s/500MB
AV: 00:04:13 / 00:22:10 (19%) A-V:  0.000 ct:  0.067 Cache: 803s/500MB
VO: [gpu] 1920x1080 cuda[nv12]
AV: 00:04:13 / 00:22:10 (19%) A-V:  0.000 ct:  0.067 Cache: 803s/500MB
AV: 00:04:13 / 00:22:10 (19%) A-V:  0.000 ct:  0.083 Cache: 803s/500MB
AV: 00:04:14 / 00:22:10 (19%) A-V:  0.000 ct:  0.099 Cache: 803s/500MB
[dbx] New chapter 21 
AV: 00:04:14 / 00:22:10 (19%) A-V:  0.000 ct:  0.099 Cache: 803s/500MB
[dbx] Metadata  
AV: 00:04:14 / 00:22:10 (19%) A-V:  0.000 ct:  0.099 Cache: 803s/500MB
[dbx] chapter time is  254 
AV: 00:04:14 / 00:22:10 (19%) A-V:  0.000 ct:  0.099 Cache: 803s/500MB
[dbx] Chapter Length is  13 
AV: 00:04:14 / 00:22:10 (19%) A-V:  0.000 ct:  0.099 Cache: 803s/500MB
[dbx] record_number was  22 
AV: 00:04:14 / 00:22:10 (19%) A-V:  0.000 ct:  0.099 Cache: 803s/500MB
AV: 00:04:14 / 00:22:10 (19%) A-V:  0.000 ct:  0.116 Cache: 803s/500MB
AV: 00:04:14 / 00:22:10 (19%) A-V:  0.000 ct:  0.133 Cache: 803s/500MB
AV: 00:04:14 / 00:22:10 (19%) A-V:  0.000 ct:  0.149 Cache: 803s/500MB
AV: 00:04:14 / 00:22:10 (19%) A-V:  0.000 ct:  0.166 Cache: 803s/500MB
AV: 00:04:14 / 00:22:10 (19%) A-V:  0.000 ct:  0.183 Cache: 803s/500MB
AV: 00:04:14 / 00:22:10 (19%) A-V:  0.000 ct:  0.199 Cache: 803s/500MB
AV: 00:04:14 / 00:22:10 (19%) A-V:  0.000 ct:  0.216 Cache: 803s/500MB
AV: 00:04:14 / 00:22:10 (19%) A-V:  0.000 ct:  0.233 Cache: 803s/500MB
AV: 00:04:15 / 00:22:10 (19%) A-V:  0.000 ct:  5.021 Cache: 932s/500MB
AV: 00:04:14 / 00:22:10 (19%) A-V:  0.000 ct:  0.249 Cache: 803s/500MB
AV: 00:04:14 / 00:22:10 (19%) A-V:  0.000 ct:  0.266 Cache: 803s/500MB
AV: 00:04:15 / 00:22:10 (19%) A-V:  0.000 ct:  5.021 Cache: 931s/500MB
AV: 00:04:14 / 00:22:10 (19%) A-V:  0.000 ct:  0.283 Cache: 803s/500MB
AV: 00:04:14 / 00:22:10 (19%) A-V:  0.000 Cache: 783s/500MB
AV: 00:04:14 / 00:22:10 (19%) A-V:  0.000 ct:  0.299 Cache: 803s/500MB
AV: 00:04:15 / 00:22:10 (19%) A-V:  0.000 ct:  8.021 Dropped: 12 Cache: 892s/500MB
AV: 00:04:14 / 00:22:10 (19%) A-V:  0.000 ct:  0.316 Cache: 803s/500MB
AV: 00:04:14 / 00:22:10 (19%) A-V:  0.000 ct:  0.333 Cache: 803s/500MB
AV: 00:04:14 / 00:22:10 (19%) A-V:  0.000 ct:  0.350 Cache: 803s/500MB
AV: 00:04:14 / 00:22:10 (19%) A-V:  0.000 ct:  0.366 Cache: 803s/500MB
AV: 00:04:14 / 00:22:10 (19%) A-V:  0.000 ct:  0.383 Cache: 803s/500MB
AV: 00:04:14 / 00:22:10 (19%) A-V:  0.000 ct:  0.400 Cache: 803s/500MB
AV: 00:04:14 / 00:22:10 (19%) A-V:  0.000 ct:  0.416 Cache: 803s/500MB
AV: 00:04:15 / 00:22:10 (19%) A-V:  0.000 Cache: 783s/500MB
AV: 00:04:14 / 00:22:10 (19%) A-V:  0.000 ct:  0.433 Cache: 803s/500MB
AV: 00:04:14 / 00:22:10 (19%) A-V:  0.000 ct:  0.450 Cache: 803s/500MB
AV: 00:04:14 / 00:22:10 (19%) A-V:  0.000 ct:  0.466 Cache: 803s/500MB
AV: 00:04:14 / 00:22:10 (19%) A-V:  0.000 ct:  0.483 Cache: 803s/500MB
AV: 00:04:15 / 00:22:10 (19%) A-V:  0.000 ct:  0.500 Cache: 803s/500MB
AV: 00:04:15 / 00:22:10 (19%) A-V:  0.000 ct:  0.516 Cache: 803s/500MB
AV: 00:04:15 / 00:22:10 (19%) A-V:  0.000 Cache: 784s/500MB
AV: 00:04:15 / 00:22:10 (19%) A-V:  0.000 ct:  0.533 Cache: 803s/500MB
AV: 00:04:15 / 00:22:10 (19%) A-V:  0.000 ct:  0.550 Cache: 803s/500MB
AV: 00:04:15 / 00:22:10 (19%) A-V:  0.000 ct:  0.566 Cache: 803s/500MB
AV: 00:04:15 / 00:22:10 (19%) A-V:  0.000 ct:  0.583 Cache: 804s/500MB
AV: 00:04:15 / 00:22:10 (19%) A-V:  0.000 ct:  0.600 Cache: 804s/500MB
AV: 00:04:15 / 00:22:10 (19%) A-V:  0.000 ct:  0.616 Cache: 804s/500MB
AV: 00:04:15 / 00:22:10 (19%) A-V:  0.000 ct:  0.633 Cache: 804s/500MB
AV: 00:04:16 / 00:22:10 (19%) A-V:  0.000 ct:  5.021 Cache: 931s/500MB
AV: 00:04:15 / 00:22:10 (19%) A-V:  0.000 ct:  0.650 Cache: 804s/500MB
AV: 00:04:15 / 00:22:10 (19%) A-V:  0.000 ct:  0.666 Cache: 804s/500MB
AV: 00:04:15 / 00:22:10 (19%) A-V:  0.000 ct:  0.683 Cache: 804s/500MB
AV: 00:04:15 / 00:22:10 (19%) A-V:  0.000 ct:  0.700 Cache: 804s/500MB
AV: 00:04:16 / 00:22:10 (19%) A-V:  0.000 ct:  8.021 Dropped: 12 Cache: 892s/500MB
AV: 00:04:15 / 00:22:10 (19%) A-V:  0.000 ct:  0.717 Cache: 804s/500MB
AV: 00:04:15 / 00:22:10 (19%) A-V:  0.000 ct:  0.733 Cache: 804s/500MB
AV: 00:04:15 / 00:22:10 (19%) A-V:  0.000 ct:  0.750 Cache: 804s/500MB
AV: 00:04:16 / 00:22:10 (19%) A-V:  0.000 ct:  5.021 Cache: 930s/500MB
AV: 00:04:15 / 00:22:10 (19%) A-V:  0.000 ct:  0.767 Cache: 804s/500MB
AV: 00:04:15 / 00:22:10 (19%) A-V:  0.000 ct:  0.783 Cache: 804s/500MB
AV: 00:04:15 / 00:22:10 (19%) A-V:  0.000 ct:  0.800 Cache: 804s/500MB
AV: 00:04:15 / 00:22:10 (19%) A-V:  0.000 ct:  0.817 Cache: 804s/500MB
AV: 00:04:16 / 00:22:10 (19%) A-V:  0.000 Cache: 784s/500MB
AV: 00:04:15 / 00:22:10 (19%) A-V:  0.000 ct:  0.833 Cache: 804s/500MB
AV: 00:04:15 / 00:22:10 (19%) A-V:  0.000 ct:  0.850 Cache: 804s/500MB
AV: 00:04:15 / 00:22:10 (19%) A-V:  0.000 ct:  0.867 Cache: 804s/500MB
AV: 00:04:15 / 00:22:10 (19%) A-V:  0.000 ct:  0.883 Cache: 804s/500MB
AV: 00:04:16 / 00:22:10 (19%) A-V:  0.000 ct:  0.900 Cache: 804s/500MB
AV: 00:04:16 / 00:22:10 (19%) A-V:  0.000 Cache: 785s/500MB
AV: 00:04:16 / 00:22:10 (19%) A-V:  0.000 ct:  0.917 Cache: 804s/500MB
AV: 00:04:16 / 00:22:10 (19%) A-V:  0.000 ct:  0.933 Cache: 804s/500MB
AV: 00:04:16 / 00:22:10 (19%) A-V:  0.000 ct:  0.950 Cache: 804s/500MB
AV: 00:04:16 / 00:22:10 (19%) A-V:  0.000 ct:  0.967 Cache: 804s/500MB
AV: 00:04:16 / 00:22:10 (19%) A-V:  0.000 ct:  0.983 Cache: 804s/500MB
AV: 00:04:16 / 00:22:10 (19%) A-V:  0.000 ct:  1.000 Cache: 804s/500MB
AV: 00:04:16 / 00:22:10 (19%) A-V:  0.000 ct:  1.017 Cache: 804s/500MB
AV: 00:04:16 / 00:22:10 (19%) A-V:  0.000 ct:  1.034 Cache: 804s/500MB
AV: 00:04:17 / 00:22:10 (19%) A-V:  0.000 ct:  5.021 Cache: 930s/500MB
AV: 00:04:16 / 00:22:10 (19%) A-V:  0.000 ct:  1.050 Cache: 804s/500MB
AV: 00:04:16 / 00:22:10 (19%) A-V:  0.000 ct:  1.067 Cache: 804s/500MB
AV: 00:04:16 / 00:22:10 (19%) A-V:  0.000 ct:  1.084 Cache: 804s/500MB
AV: 00:04:16 / 00:22:10 (19%) A-V:  0.000 ct:  1.100 Cache: 804s/500MB
AV: 00:04:17 / 00:22:10 (19%) A-V:  0.000 ct:  8.021 Dropped: 12 Cache: 892s/500MB
AV: 00:04:16 / 00:22:10 (19%) A-V:  0.000 ct:  1.117 Cache: 804s/500MB
AV: 00:04:16 / 00:22:10 (19%) A-V:  0.000 ct:  1.134 Cache: 804s/500MB
AV: 00:04:16 / 00:22:10 (19%) A-V:  0.000 ct:  1.150 Cache: 804s/500MB
AV: 00:04:16 / 00:22:10 (19%) A-V:  0.000 ct:  1.167 Cache: 804s/500MB
AV: 00:04:16 / 00:22:10 (19%) A-V:  0.000 ct:  1.184 Cache: 804s/500MB
AV: 00:04:16 / 00:22:10 (19%) A-V:  0.000 ct:  1.200 Cache: 804s/500MB
AV: 00:04:16 / 00:22:10 (19%) A-V:  0.000 ct:  1.217 Cache: 804s/500MB
AV: 00:04:16 / 00:22:10 (19%) A-V:  0.000 ct:  1.234 Cache: 804s/500MB
AV: 00:04:17 / 00:22:10 (19%) A-V:  0.000 Cache: 785s/500MB
AV: 00:04:16 / 00:22:10 (19%) A-V:  0.000 ct:  1.250 Cache: 804s/500MB
AV: 00:04:16 / 00:22:10 (19%) A-V:  0.000 ct:  1.267 Cache: 804s/500MB
AV: 00:04:17 / 00:22:10 (19%) A-V:  0.000 ct:  5.021 Cache: 929s/500MB
AV: 00:04:16 / 00:22:10 (19%) A-V:  0.000 ct:  1.284 Cache: 804s/500MB
AV: 00:04:17 / 00:22:10 (19%) A-V:  0.000 ct:  1.300 Cache: 804s/500MB
AV: 00:04:17 / 00:22:10 (19%) A-V:  0.000 ct:  1.317 Cache: 804s/500MB
AV: 00:04:17 / 00:22:10 (19%) A-V:  0.000 ct:  1.334 Cache: 804s/500MB
AO: [pipewire] 48000Hz stereo 2ch floatp
AV: 00:04:17 / 00:22:10 (19%) A-V:  0.000 ct:  5.021 Cache: 929s/500MB
AV: 00:04:17 / 00:22:10 (19%) A-V:  0.000 ct:  1.351 Cache: 804s/500MB
AV: 00:04:17 / 00:22:10 (19%) A-V:  0.178 ct:  5.021 Cache: 929s/500MB
AV: 00:04:17 / 00:22:10 (19%) A-V:  0.144 ct:  5.021 Dropped: 1 Cache: 929s/500MB
AV: 00:04:17 / 00:22:10 (19%) A-V:  0.111 ct:  5.021 Dropped: 2 Cache: 929s/500MB
AV: 00:04:17 / 00:22:10 (19%) A-V:  0.078 ct:  5.021 Dropped: 3 Cache: 929s/500MB
AV: 00:04:17 / 00:22:10 (19%) A-V:  0.044 ct:  5.021 Dropped: 4 Cache: 929s/500MB
AV: 00:04:17 / 00:22:10 (19%) A-V:  0.000 ct:  1.367 Cache: 804s/500MB
Using hardware decoding (nvdec).
AV: 00:04:17 / 00:22:10 (19%) A-V:  0.044 ct:  5.021 Dropped: 4 Cache: 929s/500MB
AV: 00:04:17 / 00:22:10 (19%) A-V:  0.044 ct:  5.021 Dropped: 5 Cache: 929s/500MB
AV: 00:04:17 / 00:22:10 (19%) A-V:  0.000 ct:  1.384 Cache: 804s/500MB
AV: 00:04:17 / 00:22:10 (19%) A-V:  0.000 ct:  1.401 Cache: 804s/500MB
AV: 00:04:17 / 00:22:10 (19%) A-V:  0.000 ct:  1.417 Cache: 804s/500MB
AV: 00:04:17 / 00:22:10 (19%) A-V:  0.000 ct:  5.021 Dropped: 5 Cache: 929s/500MB
AV: 00:04:17 / 00:22:10 (19%) A-V:  0.000 ct:  1.434 Cache: 804s/500MB
VO: [gpu] 1920x1080 cuda[nv12]
AV: 00:04:17 / 00:22:10 (19%) A-V:  0.000 ct:  5.021 Dropped: 5 Cache: 929s/500MB
AV: 00:04:17 / 00:22:10 (19%) A-V:  0.014 ct:  5.021 Cache: 929s/500MB
AV: 00:04:18 / 00:22:10 (19%) A-V:  0.000 ct:  5.021 Cache: 929s/500MB
[dbx] New chapter 21 
AV: 00:04:18 / 00:22:10 (19%) A-V:  0.000 ct:  5.021 Cache: 929s/500MB
[dbx] Metadata  
AV: 00:04:18 / 00:22:10 (19%) A-V:  0.000 ct:  5.021 Cache: 929s/500MB
[dbx] chapter time is  258 
AV: 00:04:18 / 00:22:10 (19%) A-V:  0.000 ct:  5.021 Cache: 929s/500MB
[dbx] Chapter Length is  15 
AV: 00:04:18 / 00:22:10 (19%) A-V:  0.000 ct:  5.021 Cache: 929s/500MB
[dbx] record_number was  22 
AV: 00:04:18 / 00:22:10 (19%) A-V:  0.000 ct:  5.021 Cache: 929s/500MB
AV: 00:04:17 / 00:22:10 (19%) A-V:  0.000 ct:  1.451 Cache: 804s/500MB
AV: 00:04:17 / 00:22:10 (19%) A-V:  0.000 ct:  1.467 Cache: 804s/500MB
AV: 00:04:17 / 00:22:10 (19%) A-V:  0.000 ct:  1.484 Cache: 804s/500MB
AV: 00:04:17 / 00:22:10 (19%) A-V:  0.000 ct:  1.501 Cache: 804s/500MB
AV: 00:04:18 / 00:22:10 (19%) A-V:  0.000 ct:  8.021 Dropped: 12 Cache: 892s/500MB
AV: 00:04:17 / 00:22:10 (19%) A-V:  0.000 ct:  1.517 Cache: 804s/500MB
AV: 00:04:17 / 00:22:10 (19%) A-V:  0.000 ct:  1.534 Cache: 804s/500MB
AV: 00:04:17 / 00:22:10 (19%) A-V:  0.000 ct:  1.551 Cache: 804s/500MB
AV: 00:04:17 / 00:22:10 (19%) A-V:  0.000 ct:  1.567 Cache: 804s/500MB
AV: 00:04:17 / 00:22:10 (19%) A-V:  0.000 ct:  1.584 Cache: 805s/500MB
AV: 00:04:17 / 00:22:10 (19%) A-V:  0.000 ct:  1.601 Cache: 805s/500MB
AV: 00:04:17 / 00:22:10 (19%) A-V:  0.000 ct:  1.617 Cache: 805s/500MB
AV: 00:04:18 / 00:22:10 (19%) A-V:  0.000 Cache: 785s/500MB
AV: 00:04:17 / 00:22:10 (19%) A-V:  0.000 ct:  1.634 Cache: 805s/500MB
AV: 00:04:17 / 00:22:10 (19%) A-V:  0.000 ct:  1.651 Cache: 805s/500MB
AV: 00:04:17 / 00:22:10 (19%) A-V:  0.000 ct:  1.667 Cache: 805s/500MB
AV: 00:04:17 / 00:22:10 (19%) A-V:  0.000 ct:  1.684 Cache: 805s/500MB
AV: 00:04:18 / 00:22:10 (19%) A-V:  0.000 Cache: 786s/500MB
AV: 00:04:18 / 00:22:10 (19%) A-V:  0.000 ct:  1.701 Cache: 805s/500MB
AV: 00:04:18 / 00:22:10 (19%) A-V:  0.000 ct:  1.718 Cache: 805s/500MB
AV: 00:04:18 / 00:22:10 (19%) A-V:  0.000 Cache: 785s/500MB
AV: 00:04:18 / 00:22:10 (19%) A-V:  0.000 ct:  1.734 Cache: 805s/500MB
AV: 00:04:18 / 00:22:10 (19%) A-V:  0.000 ct:  1.751 Cache: 805s/500MB
AV: 00:04:18 / 00:22:10 (19%) A-V:  0.000 Cache: 786s/500MB
AV: 00:04:18 / 00:22:10 (19%) A-V:  0.000 ct:  1.768 Cache: 805s/500MB
AV: 00:04:18 / 00:22:10 (19%) A-V:  0.000 ct:  1.784 Cache: 805s/500MB
AV: 00:04:18 / 00:22:10 (19%) A-V:  0.000 ct:  1.801 Cache: 805s/500MB
AV: 00:04:18 / 00:22:10 (19%) A-V:  0.000 Cache: 785s/500MB
AV: 00:04:18 / 00:22:10 (19%) A-V:  0.000 ct:  1.818 Cache: 805s/500MB
AV: 00:04:18 / 00:22:10 (19%) A-V:  0.000 ct:  1.834 Cache: 805s/500MB
AV: 00:04:19 / 00:22:10 (19%) A-V:  0.000 ct:  5.021 Cache: 929s/500MB
AV: 00:04:18 / 00:22:10 (19%) A-V:  0.000 ct:  1.851 Cache: 805s/500MB
AV: 00:04:18 / 00:22:10 (19%) A-V:  0.000 ct:  1.868 Cache: 805s/500MB
AV: 00:04:18 / 00:22:10 (19%) A-V:  0.000 Cache: 786s/500MB
AV: 00:04:18 / 00:22:10 (19%) A-V:  0.000 ct:  1.884 Cache: 805s/500MB
AV: 00:04:19 / 00:22:10 (19%) A-V:  0.000 ct:  5.021 Cache: 928s/500MB
AV: 00:04:18 / 00:22:10 (19%) A-V:  0.000 ct:  1.901 Cache: 805s/500MB
AV: 00:04:19 / 00:22:10 (19%) A-V:  0.000 ct:  8.021 Dropped: 12 Cache: 892s/500MB
AV: 00:04:18 / 00:22:10 (19%) A-V:  0.000 ct:  1.918 Cache: 805s/500MB
AV: 00:04:18 / 00:22:10 (19%) A-V:  0.000 ct:  1.934 Cache: 805s/500MB
AV: 00:04:18 / 00:22:10 (19%) A-V:  0.000 ct:  1.951 Cache: 805s/500MB
AV: 00:04:18 / 00:22:10 (19%) A-V:  0.000 ct:  1.968 Cache: 805s/500MB
AV: 00:04:18 / 00:22:10 (19%) A-V:  0.000 ct:  1.984 Cache: 805s/500MB
AV: 00:04:19 / 00:22:10 (20%) A-V:  0.000 ct:  5.021 Cache: 928s/500MB
AV: 00:04:18 / 00:22:10 (19%) A-V:  0.000 ct:  2.001 Cache: 805s/500MB
AV: 00:04:18 / 00:22:10 (19%) A-V:  0.000 ct:  2.018 Cache: 805s/500MB
AV: 00:04:19 / 00:22:10 (19%) A-V:  0.000 Cache: 786s/500MB
AV: 00:04:18 / 00:22:10 (19%) A-V:  0.000 ct:  2.035 Cache: 805s/500MB
AV: 00:04:18 / 00:22:10 (19%) A-V:  0.000 ct:  2.051 Cache: 805s/500MB
AV: 00:04:19 / 00:22:10 (20%) A-V:  0.000 ct:  8.021 Dropped: 12 Cache: 892s/500MB
AV: 00:04:18 / 00:22:10 (19%) A-V:  0.000 ct:  2.068 Cache: 805s/500MB
AV: 00:04:18 / 00:22:10 (19%) A-V:  0.000 ct:  2.085 Cache: 805s/500MB
AV: 00:04:19 / 00:22:10 (19%) A-V:  0.000 ct:  2.101 Cache: 805s/500MB
AV: 00:04:19 / 00:22:10 (19%) A-V:  0.000 ct:  2.118 Cache: 805s/500MB
AV: 00:04:19 / 00:22:10 (19%) A-V:  0.000 ct:  2.135 Cache: 805s/500MB
AV: 00:04:19 / 00:22:10 (19%) A-V:  0.000 ct:  2.151 Cache: 805s/500MB
AV: 00:04:19 / 00:22:10 (20%) A-V:  0.000 ct:  8.021 Dropped: 12 Cache: 891s/500MB
AV: 00:04:19 / 00:22:10 (19%) A-V:  0.000 ct:  2.168 Cache: 805s/500MB
AV: 00:04:19 / 00:22:10 (20%) A-V:  0.000 Cache: 786s/500MB
AV: 00:04:19 / 00:22:10 (19%) A-V:  0.000 ct:  2.185 Cache: 805s/500MB
AV: 00:04:19 / 00:22:10 (20%) A-V:  0.000 ct:  8.021 Dropped: 12 Cache: 892s/500MB
AV: 00:04:19 / 00:22:10 (19%) A-V:  0.000 ct:  2.201 Cache: 805s/500MB
AV: 00:04:19 / 00:22:10 (19%) A-V:  0.000 ct:  2.218 Cache: 805s/500MB
AV: 00:04:19 / 00:22:10 (20%) A-V:  0.000 ct:  2.235 Cache: 805s/500MB
AV: 00:04:20 / 00:22:10 (20%) A-V:  0.000 ct:  5.021 Cache: 928s/500MB
AV: 00:04:19 / 00:22:10 (20%) A-V:  0.000 ct:  2.251 Cache: 805s/500MB
AV: 00:04:19 / 00:22:10 (20%) A-V:  0.000 ct:  2.268 Cache: 805s/500MB
AV: 00:04:19 / 00:22:10 (20%) A-V:  0.000 ct:  2.285 Cache: 805s/500MB
AV: 00:04:19 / 00:22:10 (20%) A-V:  0.000 ct:  8.021 Dropped: 12 Cache: 893s/500MB
AV: 00:04:20 / 00:22:10 (20%) A-V:  0.000 ct:  5.021 Cache: 927s/500MB
AV: 00:04:19 / 00:22:10 (20%) A-V:  0.000 ct:  2.301 Cache: 805s/500MB
AV: 00:04:20 / 00:22:10 (20%) A-V:  0.000 ct:  5.021 Cache: 928s/500MB
AV: 00:04:20 / 00:22:10 (20%) A-V:  0.000 ct:  8.021 Dropped: 12 Cache: 893s/500MB
AV: 00:04:20 / 00:22:10 (20%) A-V:  0.000 ct:  5.021 Cache: 927s/500MB
AV: 00:04:19 / 00:22:10 (20%) A-V:  0.000 ct:  2.318 Cache: 805s/500MB
AV: 00:04:19 / 00:22:10 (20%) A-V:  0.000 ct:  2.335 Cache: 805s/500MB
AV: 00:04:19 / 00:22:10 (20%) A-V:  0.000 ct:  2.352 Cache: 805s/500MB
AV: 00:04:19 / 00:22:10 (20%) A-V:  0.000 ct:  2.368 Cache: 805s/500MB
AV: 00:04:19 / 00:22:10 (20%) A-V:  0.000 ct:  2.385 Cache: 805s/500MB
AV: 00:04:20 / 00:22:10 (20%) A-V:  0.000 ct:  8.021 Dropped: 12 Cache: 894s/500MB
AV: 00:04:19 / 00:22:10 (20%) A-V:  0.000 ct:  2.402 Cache: 805s/500MB
AV: 00:04:20 / 00:22:10 (20%) A-V:  0.000 ct:  8.021 Dropped: 12 Cache: 893s/500MB
AV: 00:04:20 / 00:22:10 (20%) A-V:  0.000 ct:  8.021 Dropped: 12 Cache: 894s/500MB
AV: 00:04:19 / 00:22:10 (20%) A-V:  0.000 ct:  2.418 Cache: 805s/500MB
AV: 00:04:20 / 00:22:10 (20%) A-V:  0.000 Cache: 786s/500MB
AV: 00:04:19 / 00:22:10 (20%) A-V:  0.000 ct:  2.435 Cache: 805s/500MB
AV: 00:04:19 / 00:22:10 (20%) A-V:  0.000 ct:  2.452 Cache: 805s/500MB
AV: 00:04:19 / 00:22:10 (20%) A-V:  0.000 ct:  2.468 Cache: 805s/500MB
AV: 00:04:20 / 00:22:10 (20%) A-V:  0.000 ct:  8.021 Dropped: 12 Cache: 895s/500MB
AV: 00:04:19 / 00:22:10 (20%) A-V:  0.000 ct:  2.485 Cache: 805s/500MB
AV: 00:04:20 / 00:22:10 (20%) A-V:  0.000 ct:  2.502 Cache: 805s/500MB
AV: 00:04:20 / 00:22:10 (20%) A-V:  0.000 ct:  2.518 Cache: 805s/500MB
AV: 00:04:20 / 00:22:10 (20%) A-V:  0.000 ct:  2.535 Cache: 805s/500MB
AV: 00:04:20 / 00:22:10 (20%) A-V:  0.000 ct:  2.552 Cache: 805s/500MB
AV: 00:04:20 / 00:22:10 (20%) A-V:  0.000 ct:  2.568 Cache: 805s/500MB
AV: 00:04:20 / 00:22:10 (20%) A-V:  0.000 ct:  2.585 Cache: 805s/500MB
AV: 00:04:20 / 00:22:10 (20%) A-V:  0.000 ct:  2.602 Cache: 805s/500MB
AV: 00:04:20 / 00:22:10 (20%) A-V:  0.000 ct:  2.618 Cache: 805s/500MB
AV: 00:04:20 / 00:22:10 (20%) A-V:  0.000 ct:  8.021 Dropped: 12 Cache: 896s/500MB
AV: 00:04:20 / 00:22:10 (20%) A-V:  0.000 ct:  2.635 Cache: 805s/500MB
AV: 00:04:21 / 00:22:10 (20%) A-V:  0.000 ct:  5.021 Cache: 927s/500MB
AV: 00:04:20 / 00:22:10 (20%) A-V:  0.000 ct:  2.652 Cache: 805s/500MB
AV: 00:04:20 / 00:22:10 (20%) A-V:  0.000 Cache: 787s/500MB
AV: 00:04:20 / 00:22:10 (20%) A-V:  0.000 ct:  2.668 Cache: 805s/500MB
AV: 00:04:20 / 00:22:10 (20%) A-V:  0.000 Cache: 786s/500MB
AV: 00:04:20 / 00:22:10 (20%) A-V:  0.000 ct:  2.685 Cache: 805s/500MB
AV: 00:04:20 / 00:22:10 (20%) A-V:  0.000 ct:  2.702 Cache: 805s/500MB
AV: 00:04:21 / 00:22:10 (20%) A-V:  0.000 ct:  8.021 Dropped: 12 Cache: 896s/500MB
AV: 00:04:20 / 00:22:10 (20%) A-V:  0.000 ct:  2.719 Cache: 805s/500MB
AV: 00:04:20 / 00:22:10 (20%) A-V:  0.000 ct:  2.735 Cache: 805s/500MB
AV: 00:04:21 / 00:22:10 (20%) A-V:  0.000 ct:  8.021 Dropped: 12 Cache: 897s/500MB
AV: 00:04:20 / 00:22:10 (20%) A-V:  0.000 ct:  2.752 Cache: 805s/500MB
AV: 00:04:20 / 00:22:10 (20%) A-V:  0.000 ct:  2.769 Cache: 805s/500MB
AV: 00:04:20 / 00:22:10 (20%) A-V:  0.000 ct:  2.785 Cache: 805s/500MB
AV: 00:04:21 / 00:22:10 (20%) A-V:  0.000 ct:  5.021 Cache: 926s/500MB
AV: 00:04:20 / 00:22:10 (20%) A-V:  0.000 ct:  2.802 Cache: 805s/500MB
AV: 00:04:20 / 00:22:10 (20%) A-V:  0.000 ct:  2.819 Cache: 805s/500MB
AV: 00:04:21 / 00:22:10 (20%) A-V:  0.000 Cache: 786s/500MB
AV: 00:04:20 / 00:22:10 (20%) A-V:  0.000 ct:  2.835 Cache: 805s/500MB
AV: 00:04:20 / 00:22:10 (20%) A-V:  0.000 ct:  2.852 Cache: 805s/500MB
AV: 00:04:20 / 00:22:10 (20%) A-V:  0.000 ct:  2.869 Cache: 805s/500MB
AV: 00:04:21 / 00:22:10 (20%) A-V:  0.000 ct:  8.021 Dropped: 12 Cache: 898s/500MB
AV: 00:04:20 / 00:22:10 (20%) A-V:  0.000 ct:  2.885 Cache: 805s/500MB
AV: 00:04:21 / 00:22:10 (20%) A-V:  0.000 ct:  2.902 Cache: 805s/500MB
AV: 00:04:21 / 00:22:10 (20%) A-V:  0.000 ct:  2.919 Cache: 805s/500MB
AV: 00:04:21 / 00:22:10 (20%) A-V:  0.000 ct:  8.021 Dropped: 12 Cache: 899s/500MB
AV: 00:04:21 / 00:22:10 (20%) A-V:  0.000 ct:  2.935 Cache: 805s/500MB
AV: 00:04:21 / 00:22:10 (20%) A-V:  0.000 ct:  2.952 Cache: 805s/500MB
AV: 00:04:21 / 00:22:10 (20%) A-V:  0.000 ct:  2.969 Cache: 805s/500MB
AV: 00:04:21 / 00:22:10 (20%) A-V:  0.000 ct:  2.985 Cache: 805s/500MB
AV: 00:04:21 / 00:22:10 (20%) A-V:  0.000 ct:  3.002 Cache: 805s/500MB
AV: 00:04:21 / 00:22:10 (20%) A-V:  0.000 ct:  3.019 Cache: 805s/500MB
AV: 00:04:21 / 00:22:10 (20%) A-V:  0.000 ct:  3.036 Cache: 805s/500MB
AV: 00:04:22 / 00:22:10 (20%) A-V:  0.000 ct:  5.021 Cache: 926s/500MB
AV: 00:04:21 / 00:22:10 (20%) A-V:  0.000 ct:  8.021 Dropped: 12 Cache: 900s/500MB
AV: 00:04:21 / 00:22:10 (20%) A-V:  0.000 ct:  3.052 Cache: 805s/500MB
AV: 00:04:21 / 00:22:10 (20%) A-V:  0.000 ct:  3.069 Cache: 805s/500MB
AV: 00:04:21 / 00:22:10 (20%) A-V:  0.000 ct:  3.086 Cache: 805s/500MB
AV: 00:04:21 / 00:22:10 (20%) A-V:  0.000 Cache: 785s/500MB
AV: 00:04:21 / 00:22:10 (20%) A-V:  0.000 ct:  3.102 Cache: 805s/500MB
AV: 00:04:22 / 00:22:10 (20%) A-V:  0.000 ct:  8.021 Dropped: 12 Cache: 900s/500MB
AV: 00:04:21 / 00:22:10 (20%) A-V:  0.000 ct:  3.119 Cache: 805s/500MB
AV: 00:04:21 / 00:22:10 (20%) A-V:  0.000 ct:  3.136 Cache: 805s/500MB
AV: 00:04:21 / 00:22:10 (20%) A-V:  0.000 ct:  3.152 Cache: 805s/500MB
AV: 00:04:21 / 00:22:10 (20%) A-V:  0.000 ct:  3.169 Cache: 805s/500MB
AV: 00:04:22 / 00:22:10 (20%) A-V:  0.000 ct:  8.021 Dropped: 12 Cache: 901s/500MB
AV: 00:04:21 / 00:22:10 (20%) A-V:  0.000 ct:  3.186 Cache: 805s/500MB
AV: 00:04:21 / 00:22:10 (20%) A-V:  0.000 ct:  3.202 Cache: 805s/500MB
AV: 00:04:21 / 00:22:10 (20%) A-V:  0.000 ct:  3.219 Cache: 805s/500MB
AV: 00:04:22 / 00:22:10 (20%) A-V:  0.000 Cache: 785s/500MB
AV: 00:04:21 / 00:22:10 (20%) A-V:  0.000 ct:  3.236 Cache: 805s/500MB
AV: 00:04:21 / 00:22:10 (20%) A-V:  0.000 ct:  3.252 Cache: 805s/500MB
AV: 00:04:22 / 00:22:10 (20%) A-V:  0.000 ct:  8.021 Dropped: 12 Cache: 901s/499MB
AV: 00:04:21 / 00:22:10 (20%) A-V:  0.000 ct:  3.269 Cache: 805s/500MB
AV: 00:04:22 / 00:22:10 (20%) A-V:  0.000 ct:  8.021 Dropped: 12 Cache: 901s/500MB
AV: 00:04:21 / 00:22:10 (20%) A-V:  0.000 ct:  3.286 Cache: 805s/500MB
AV: 00:04:22 / 00:22:10 (20%) A-V:  0.000 Cache: 786s/500MB
AV: 00:04:22 / 00:22:10 (20%) A-V:  0.000 ct:  3.302 Cache: 805s/500MB
AV: 00:04:22 / 00:22:10 (20%) A-V:  0.000 ct:  5.021 Cache: 925s/500MB
AV: 00:04:22 / 00:22:10 (20%) A-V:  0.000 ct:  3.319 Cache: 805s/500MB
AV: 00:04:22 / 00:22:10 (20%) A-V:  0.000 ct:  3.336 Cache: 805s/500MB
AV: 00:04:22 / 00:22:10 (20%) A-V:  0.000 ct:  3.353 Cache: 805s/500MB
AV: 00:04:22 / 00:22:10 (20%) A-V:  0.000 ct:  3.369 Cache: 805s/500MB
AV: 00:04:22 / 00:22:10 (20%) A-V:  0.000 ct:  8.021 Dropped: 12 Cache: 902s/500MB
AV: 00:04:22 / 00:22:10 (20%) A-V:  0.000 ct:  3.386 Cache: 805s/500MB
AV: 00:04:22 / 00:22:10 (20%) A-V:  0.000 ct:  3.403 Cache: 805s/500MB
AV: 00:04:22 / 00:22:10 (20%) A-V:  0.000 ct:  3.419 Cache: 805s/500MB
AV: 00:04:23 / 00:22:10 (20%) A-V:  0.000 ct:  5.021 Cache: 925s/500MB
AV: 00:04:22 / 00:22:10 (20%) A-V:  0.000 ct:  3.436 Cache: 805s/500MB
AV: 00:04:22 / 00:22:10 (20%) A-V:  0.000 ct:  3.453 Cache: 806s/500MB
AV: 00:04:22 / 00:22:10 (20%) A-V:  0.000 ct:  3.469 Cache: 806s/500MB
AV: 00:04:22 / 00:22:10 (20%) A-V:  0.000 ct:  8.021 Dropped: 12 Cache: 903s/500MB
AV: 00:04:22 / 00:22:10 (20%) A-V:  0.000 ct:  3.486 Cache: 806s/500MB
AV: 00:04:22 / 00:22:10 (20%) A-V:  0.000 ct:  3.503 Cache: 806s/500MB
AV: 00:04:23 / 00:22:10 (20%) A-V:  0.000 ct:  8.021 Dropped: 12 Cache: 903s/500MB
AV: 00:04:22 / 00:22:10 (20%) A-V:  0.000 Cache: 787s/500MB
AV: 00:04:22 / 00:22:10 (20%) A-V:  0.000 ct:  3.519 Cache: 806s/500MB
AV: 00:04:22 / 00:22:10 (20%) A-V:  0.000 ct:  3.536 Cache: 806s/500MB
AV: 00:04:22 / 00:22:10 (20%) A-V:  0.000 ct:  3.553 Cache: 806s/500MB
AV: 00:04:22 / 00:22:10 (20%) A-V:  0.000 ct:  3.569 Cache: 806s/500MB
AV: 00:04:22 / 00:22:10 (20%) A-V:  0.000 ct:  3.586 Cache: 806s/500MB
AV: 00:04:23 / 00:22:10 (20%) A-V:  0.000 ct:  8.021 Dropped: 12 Cache: 904s/500MB
AV: 00:04:22 / 00:22:10 (20%) A-V:  0.000 ct:  3.603 Cache: 806s/500MB
AV: 00:04:22 / 00:22:10 (20%) A-V:  0.000 Cache: 788s/500MB
AV: 00:04:22 / 00:22:10 (20%) A-V:  0.000 ct:  3.619 Cache: 806s/500MB
AV: 00:04:23 / 00:22:10 (20%) A-V:  0.000 Cache: 788s/500MB
AV: 00:04:22 / 00:22:10 (20%) A-V:  0.000 ct:  3.636 Cache: 806s/500MB
AV: 00:04:22 / 00:22:10 (20%) A-V:  0.000 ct:  3.653 Cache: 806s/500MB
AV: 00:04:22 / 00:22:10 (20%) A-V:  0.000 ct:  3.669 Cache: 806s/500MB
AV: 00:04:22 / 00:22:10 (20%) A-V:  0.000 ct:  3.686 Cache: 806s/500MB
AV: 00:04:23 / 00:22:10 (20%) A-V:  0.000 ct:  3.703 Cache: 806s/500MB
AV: 00:04:23 / 00:22:10 (20%) A-V:  0.000 ct:  3.720 Cache: 806s/500MB
AV: 00:04:23 / 00:22:10 (20%) A-V:  0.000 Cache: 789s/500MB
AV: 00:04:23 / 00:22:10 (20%) A-V:  0.000 ct:  3.736 Cache: 806s/500MB
AV: 00:04:23 / 00:22:10 (20%) A-V:  0.000 ct:  8.021 Dropped: 12 Cache: 905s/500MB
AV: 00:04:23 / 00:22:10 (20%) A-V:  0.000 ct:  3.753 Cache: 806s/500MB
AV: 00:04:23 / 00:22:10 (20%) A-V:  0.000 ct:  5.021 Cache: 924s/500MB
AV: 00:04:23 / 00:22:10 (20%) A-V:  0.000 ct:  3.770 Cache: 806s/500MB
AV: 00:04:23 / 00:22:10 (20%) A-V:  0.000 ct:  3.786 Cache: 806s/500MB
AV: 00:04:23 / 00:22:10 (20%) A-V:  0.000 ct:  3.803 Cache: 806s/500MB
AV: 00:04:23 / 00:22:10 (20%) A-V:  0.000 ct:  3.820 Cache: 806s/500MB
AV: 00:04:23 / 00:22:10 (20%) A-V:  0.000 ct:  3.836 Cache: 806s/500MB
AV: 00:04:24 / 00:22:10 (20%) A-V:  0.000 ct:  5.021 Cache: 924s/500MB
AV: 00:04:23 / 00:22:10 (20%) A-V:  0.000 Cache: 790s/500MB
AV: 00:04:23 / 00:22:10 (20%) A-V:  0.000 ct:  8.021 Dropped: 12 Cache: 906s/500MB
AV: 00:04:23 / 00:22:10 (20%) A-V:  0.000 ct:  3.853 Cache: 806s/500MB
AV: 00:04:23 / 00:22:10 (20%) A-V:  0.000 ct:  3.870 Cache: 806s/500MB
AV: 00:04:23 / 00:22:10 (20%) A-V:  0.000 ct:  3.886 Cache: 806s/500MB
AV: 00:04:23 / 00:22:10 (20%) A-V:  0.000 ct:  3.903 Cache: 806s/500MB
AV: 00:04:24 / 00:22:10 (20%) A-V:  0.000 ct:  8.021 Dropped: 12 Cache: 906s/500MB
AV: 00:04:23 / 00:22:10 (20%) A-V:  0.000 ct:  3.920 Cache: 806s/500MB
AV: 00:04:23 / 00:22:10 (20%) A-V:  0.000 ct:  3.936 Cache: 806s/500MB
AV: 00:04:24 / 00:22:10 (20%) A-V:  0.000 ct:  8.021 Dropped: 12 Cache: 907s/500MB
AV: 00:04:23 / 00:22:10 (20%) A-V:  0.000 ct:  3.953 Cache: 806s/500MB
AV: 00:04:23 / 00:22:10 (20%) A-V:  0.000 ct:  3.970 Cache: 806s/500MB
AV: 00:04:23 / 00:22:10 (20%) A-V:  0.000 ct:  3.986 Cache: 806s/500MB
AV: 00:04:23 / 00:22:10 (20%) A-V:  0.000 ct:  4.003 Cache: 806s/500MB
AV: 00:04:23 / 00:22:10 (20%) A-V:  0.000 ct:  4.020 Cache: 806s/500MB
AV: 00:04:24 / 00:22:10 (20%) A-V:  0.000 Cache: 790s/500MB
AV: 00:04:23 / 00:22:10 (20%) A-V:  0.000 ct:  4.037 Cache: 806s/500MB
AV: 00:04:23 / 00:22:10 (20%) A-V:  0.000 ct:  4.053 Cache: 806s/500MB
AV: 00:04:24 / 00:22:10 (20%) A-V:  0.000 Cache: 791s/500MB
AV: 00:04:24 / 00:22:10 (20%) A-V:  0.000 ct:  8.021 Dropped: 12 Cache: 908s/500MB
Using hardware decoding (nvdec).
AV: 00:04:23 / 00:22:10 (20%) A-V:  0.000 ct:  4.053 Cache: 806s/500MB
AV: 00:04:23 / 00:22:10 (20%) A-V:  0.000 ct:  4.070 Cache: 807s/500MB
AV: 00:04:24 / 00:22:10 (20%) A-V:  0.000 ct:  5.021 Cache: 923s/500MB
AV: 00:04:23 / 00:22:10 (20%) A-V:  0.000 ct:  4.070 Cache: 816s/500MB
VO: [gpu] 3840x2160 cuda[nv12]
AV: 00:04:23 / 00:22:10 (20%) A-V:  0.000 ct:  4.070 Cache: 816s/500MB
AV: 00:04:24 / 00:22:10 (20%) A-V:  0.000 ct:  8.021 Dropped: 12 Cache: 909s/500MB
AV: 00:04:25 / 00:22:10 (20%) A-V:  0.000 ct:  5.021 Cache: 923s/500MB
AV: 00:04:23 / 00:22:10 (20%) A-V:  0.000 ct:  4.075 Cache: 816s/500MB
AV: 00:04:24 / 00:22:10 (20%) A-V:  0.000 ct:  4.082 Cache: 817s/500MB
AV: 00:04:24 / 00:22:10 (20%) A-V:  0.000 ct:  4.088 Dropped: 1 Cache: 817s/500MB
[dbx] New chapter 22 
AV: 00:04:24 / 00:22:10 (20%) A-V:  0.000 ct:  4.088 Dropped: 1 Cache: 817s/500MB
[dbx] Metadata  
AV: 00:04:24 / 00:22:10 (20%) A-V:  0.000 ct:  4.088 Dropped: 1 Cache: 817s/500MB
[dbx] chapter time is  264 
AV: 00:04:24 / 00:22:10 (20%) A-V:  0.000 ct:  4.088 Dropped: 1 Cache: 817s/500MB
[dbx] Chapter Length is  10 
AV: 00:04:24 / 00:22:10 (20%) A-V:  0.000 ct:  4.088 Dropped: 1 Cache: 817s/500MB
[dbx] record_number was  23 
AV: 00:04:24 / 00:22:10 (20%) A-V:  0.000 ct:  4.088 Dropped: 1 Cache: 817s/500MB
AV: 00:04:24 / 00:22:10 (20%) A-V:  0.000 ct:  4.095 Dropped: 1 Cache: 817s/500MB
AV: 00:04:25 / 00:22:10 (20%) A-V:  0.000 ct:  8.021 Dropped: 12 Cache: 909s/500MB
AV: 00:04:25 / 00:22:10 (20%) A-V:  0.000 ct:  8.021 Dropped: 12 Cache: 910s/500MB
AV: 00:04:25 / 00:22:10 (20%) A-V:  0.000 Cache: 791s/500MB
AV: 00:04:25 / 00:22:10 (20%) A-V:  0.000 ct:  8.021 Dropped: 12 Cache: 911s/500MB
AV: 00:04:24 / 00:22:10 (20%) A-V:  0.000 ct:  4.095 Dropped: 1 Cache: 816s/499MB
AV: 00:04:25 / 00:22:10 (20%) A-V:  0.000 ct:  8.021 Dropped: 12 Cache: 912s/500MB
AV: 00:04:25 / 00:22:10 (20%) A-V:  0.000 ct:  8.021 Dropped: 12 Cache: 913s/500MB
AV: 00:04:24 / 00:22:10 (20%) A-V:  0.000 ct:  4.095 Dropped: 1 Cache: 816s/500MB
AV: 00:04:26 / 00:22:10 (20%) A-V:  0.000 ct:  5.021 Cache: 922s/500MB
AV: 00:04:25 / 00:22:10 (20%) A-V:  0.000 Cache: 790s/500MB
AV: 00:04:25 / 00:22:10 (20%) A-V:  0.000 ct:  8.021 Dropped: 12 Cache: 915s/500MB
AV: 00:04:25 / 00:22:10 (20%) A-V:  0.167 ct:  8.021 Dropped: 12 Cache: 915s/500MB
AV: 00:04:25 / 00:22:10 (20%) A-V:  0.135 ct:  8.021 Dropped: 12 Cache: 915s/500MB
AV: 00:04:26 / 00:22:10 (20%) A-V:  0.105 ct:  8.021 Dropped: 13 Cache: 915s/500MB
AV: 00:04:26 / 00:22:10 (20%) A-V:  0.074 ct:  8.021 Dropped: 14 Cache: 915s/500MB
[dbx] New chapter 19 
AV: 00:04:26 / 00:22:10 (20%) A-V:  0.074 ct:  8.021 Dropped: 14 Cache: 915s/500MB
[dbx] Metadata  
AV: 00:04:26 / 00:22:10 (20%) A-V:  0.074 ct:  8.021 Dropped: 14 Cache: 915s/500MB
[dbx] chapter time is  266 
AV: 00:04:26 / 00:22:10 (20%) A-V:  0.074 ct:  8.021 Dropped: 14 Cache: 915s/500MB
[dbx] Chapter Length is  12 
AV: 00:04:26 / 00:22:10 (20%) A-V:  0.074 ct:  8.021 Dropped: 14 Cache: 915s/500MB
[dbx] record_number was  20 
AV: 00:04:26 / 00:22:10 (20%) A-V:  0.074 ct:  8.021 Dropped: 14 Cache: 915s/500MB
AV: 00:04:26 / 00:22:10 (20%) A-V:  0.043 ct:  8.021 Dropped: 15 Cache: 915s/500MB
AV: 00:04:26 / 00:22:10 (20%) A-V:  0.013 ct:  8.021 Dropped: 16 Cache: 915s/500MB
AV: 00:04:26 / 00:22:10 (20%) A-V:  0.000 ct:  8.021 Dropped: 16 Cache: 915s/500MB
AV: 00:04:26 / 00:22:10 (20%) A-V:  0.000 Cache: 790s/500MB
AV: 00:04:26 / 00:22:10 (20%) A-V:  0.000 ct:  8.021 Dropped: 16 Cache: 914s/500MB
AV: 00:04:24 / 00:22:10 (20%) A-V:  0.000 ct:  4.095 Dropped: 1 Cache: 815s/500MB
AV: 00:04:27 / 00:22:10 (20%) A-V:  0.000 ct:  5.021 Cache: 922s/500MB
AV: 00:04:26 / 00:22:10 (20%) A-V:  0.000 Cache: 789s/500MB
AV: 00:04:27 / 00:22:10 (20%) A-V:  0.000 ct:  5.021 Cache: 921s/500MB
AV: 00:04:27 / 00:22:10 (20%) A-V:  0.000 ct:  8.021 Dropped: 16 Cache: 914s/500MB
AV: 00:04:27 / 00:22:10 (20%) A-V:  0.000 Cache: 789s/500MB
AV: 00:04:27 / 00:22:10 (20%) A-V:  0.000 ct:  8.021 Dropped: 16 Cache: 913s/500MB
AV: 00:04:24 / 00:22:10 (20%) A-V:  0.000 ct:  4.095 Dropped: 1 Cache: 814s/499MB
AV: 00:04:28 / 00:22:10 (20%) A-V:  0.000 ct:  5.021 Cache: 921s/500MB
AV: 00:04:24 / 00:22:10 (20%) A-V:  0.000 ct:  4.095 Dropped: 1 Cache: 814s/500MB
AV: 00:04:27 / 00:22:10 (20%) A-V:  0.000 Cache: 788s/500MB
AV: 00:04:28 / 00:22:10 (20%) A-V:  0.000 ct:  8.021 Dropped: 16 Cache: 913s/500MB
AV: 00:04:28 / 00:22:10 (20%) A-V:  0.000 ct:  5.021 Cache: 920s/500MB
AV: 00:04:28 / 00:22:10 (20%) A-V:  0.000 Cache: 788s/500MB
AV: 00:04:28 / 00:22:10 (20%) A-V:  0.000 ct:  8.021 Dropped: 16 Cache: 912s/500MB
AV: 00:04:28 / 00:22:10 (20%) A-V:  0.000 ct:  8.021 Dropped: 16 Cache: 913s/500MB
AV: 00:04:24 / 00:22:10 (20%) A-V:  0.000 ct:  4.095 Dropped: 1 Cache: 813s/500MB
AV: 00:04:29 / 00:22:10 (20%) A-V:  0.000 ct:  5.021 Cache: 920s/500MB
AV: 00:04:28 / 00:22:10 (20%) A-V:  0.000 Cache: 787s/500MB
AV: 00:04:28 / 00:22:10 (20%) A-V:  0.000 ct:  8.021 Dropped: 16 Cache: 912s/500MB
AV: 00:04:29 / 00:22:10 (20%) A-V:  0.000 ct:  8.021 Dropped: 16 Cache: 912s/500MB
AV: 00:04:29 / 00:22:10 (20%) A-V:  0.000 ct:  8.021 Dropped: 16 Cache: 913s/500MB
AV: 00:04:29 / 00:22:10 (20%) A-V:  0.000 ct:  8.021 Dropped: 16 Cache: 912s/500MB
AV: 00:04:29 / 00:22:10 (20%) A-V:  0.000 ct:  8.021 Dropped: 16 Cache: 913s/500MB
AV: 00:04:29 / 00:22:10 (20%) A-V:  0.000 ct:  8.021 Dropped: 16 Cache: 912s/500MB
AV: 00:04:29 / 00:22:10 (20%) A-V:  0.000 ct:  5.021 Cache: 919s/500MB
AV: 00:04:29 / 00:22:10 (20%) A-V:  0.000 Cache: 787s/500MB
AV: 00:04:30 / 00:22:10 (20%) A-V:  0.000 ct:  5.021 Cache: 919s/500MB
AV: 00:04:29 / 00:22:10 (20%) A-V:  0.000 Cache: 786s/500MB
AV: 00:04:30 / 00:22:10 (20%) A-V:  0.000 ct:  8.021 Dropped: 16 Cache: 912s/500MB
AV: 00:04:30 / 00:22:10 (20%) A-V:  0.000 Cache: 786s/500MB
AV: 00:04:24 / 00:22:10 (20%) A-V:  0.000 ct:  4.095 Dropped: 1 Cache: 812s/499MB
AV: 00:04:30 / 00:22:10 (20%) A-V:  0.000 ct:  5.021 Cache: 918s/500MB
AV: 00:04:24 / 00:22:10 (20%) A-V:  0.000 ct:  4.095 Dropped: 1 Cache: 812s/500MB
AV: 00:04:31 / 00:22:10 (20%) A-V:  0.000 ct:  5.021 Cache: 918s/500MB
AV: 00:04:30 / 00:22:10 (20%) A-V:  0.000 Cache: 785s/500MB
AV: 00:04:24 / 00:22:10 (20%) A-V:  0.000 ct:  4.095 Dropped: 1 Cache: 811s/499MB
AV: 00:04:31 / 00:22:10 (20%) A-V:  0.000 ct:  8.021 Dropped: 16 Cache: 912s/500MB
AV: 00:04:24 / 00:22:10 (20%) A-V:  0.000 ct:  4.095 Dropped: 1 Cache: 811s/500MB

Audio/Video desynchronisation detected! Possible reasons include too slow
hardware, temporary CPU spikes, broken drivers, and broken files. Audio
position will not match to the video (see A-V status field).
Consider trying `--profile=fast` and/or `--hwdec=auto-safe` as they may help.

AV: 00:04:24 / 00:22:10 (20%) A-V:  0.000 ct:  4.095 Dropped: 1 Cache: 811s/500MB
AV: 00:04:24 / 00:22:10 (20%) A-V:  6.180 ct:  4.095 Dropped: 1 Cache: 811s/500MB
AV: 00:04:24 / 00:22:10 (20%) A-V:  6.173 ct:  4.102 Dropped: 1 Cache: 811s/500MB
AV: 00:04:24 / 00:22:10 (20%) A-V:  6.167 ct:  4.108 Dropped: 1 Cache: 811s/500MB
AV: 00:04:31 / 00:22:10 (20%) A-V:  0.000 Cache: 785s/500MB
AV: 00:04:24 / 00:22:10 (20%) A-V:  6.160 ct:  4.115 Dropped: 1 Cache: 811s/500MB
AV: 00:04:24 / 00:22:10 (20%) A-V:  6.153 ct:  4.122 Dropped: 1 Cache: 811s/500MB
AV: 00:04:24 / 00:22:10 (20%) A-V:  6.147 ct:  4.128 Dropped: 1 Cache: 811s/500MB
AV: 00:04:24 / 00:22:10 (20%) A-V:  6.140 ct:  4.135 Dropped: 1 Cache: 811s/500MB
AV: 00:04:24 / 00:22:10 (20%) A-V:  6.144 ct:  4.142 Dropped: 1 Cache: 811s/500MB
AV: 00:04:24 / 00:22:10 (20%) A-V:  6.140 ct:  4.148 Dropped: 2 Cache: 811s/500MB
AV: 00:04:24 / 00:22:10 (20%) A-V:  6.125 ct:  4.155 Dropped: 3 Cache: 811s/500MB
AV: 00:04:24 / 00:22:10 (20%) A-V:  6.113 ct:  4.162 Dropped: 3 Cache: 811s/500MB
AV: 00:04:24 / 00:22:10 (20%) A-V:  6.107 ct:  4.168 Dropped: 3 Cache: 811s/500MB
AV: 00:04:24 / 00:22:10 (20%) A-V:  6.107 ct:  4.175 Dropped: 4 Cache: 811s/500MB
AV: 00:04:24 / 00:22:10 (20%) A-V:  6.093 ct:  4.182 Dropped: 4 Cache: 811s/500MB
AV: 00:04:24 / 00:22:10 (20%) A-V:  6.097 ct:  4.188 Dropped: 4 Cache: 814s/500MB
AV: 00:04:24 / 00:22:10 (20%) A-V:  6.090 ct:  4.195 Dropped: 5 Cache: 814s/500MB
AV: 00:04:24 / 00:22:10 (20%) A-V:  6.075 ct:  4.202 Dropped: 6 Cache: 814s/500MB
AV: 00:04:24 / 00:22:10 (20%) A-V:  6.067 ct:  4.208 Dropped: 6 Cache: 814s/500MB
AV: 00:04:24 / 00:22:10 (20%) A-V:  6.060 ct:  4.215 Dropped: 6 Cache: 814s/500MB
AV: 00:04:24 / 00:22:10 (20%) A-V:  6.056 ct:  4.222 Dropped: 6 Cache: 814s/500MB
AV: 00:04:24 / 00:22:10 (20%) A-V:  6.057 ct:  4.228 Dropped: 7 Cache: 814s/500MB
AV: 00:04:24 / 00:22:10 (20%) A-V:  6.042 ct:  4.235 Dropped: 8 Cache: 814s/500MB
AV: 00:04:24 / 00:22:10 (20%) A-V:  6.033 ct:  4.242 Dropped: 8 Cache: 814s/500MB
AV: 00:04:24 / 00:22:10 (20%) A-V:  6.027 ct:  4.248 Dropped: 8 Cache: 814s/500MB
AV: 00:04:24 / 00:22:10 (20%) A-V:  6.022 ct:  4.255 Dropped: 8 Cache: 815s/500MB
AV: 00:04:24 / 00:22:10 (20%) A-V:  6.023 ct:  4.262 Dropped: 9 Cache: 815s/500MB
AV: 00:04:24 / 00:22:10 (20%) A-V:  6.009 ct:  4.268 Dropped: 10 Cache: 815s/500MB
AV: 00:04:24 / 00:22:10 (20%) A-V:  6.000 ct:  4.275 Dropped: 10 Cache: 815s/500MB
AV: 00:04:24 / 00:22:10 (20%) A-V:  5.993 ct:  4.282 Dropped: 10 Cache: 817s/500MB
AV: 00:04:24 / 00:22:10 (20%) A-V:  5.990 ct:  4.288 Dropped: 10 Cache: 817s/500MB
AV: 00:04:24 / 00:22:10 (20%) A-V:  5.993 ct:  4.295 Dropped: 11 Cache: 817s/500MB
AV: 00:04:24 / 00:22:10 (20%) A-V:  5.979 ct:  4.302 Dropped: 12 Cache: 817s/500MB
AV: 00:04:24 / 00:22:10 (20%) A-V:  5.967 ct:  4.308 Dropped: 12 Cache: 817s/500MB
AV: 00:04:24 / 00:22:10 (20%) A-V:  5.960 ct:  4.315 Dropped: 12 Cache: 817s/500MB
AV: 00:04:31 / 00:22:10 (20%) A-V:  0.000 ct:  5.021 Cache: 917s/500MB
AV: 00:04:24 / 00:22:10 (20%) A-V:  5.955 ct:  4.322 Dropped: 12 Cache: 817s/500MB
AV: 00:04:24 / 00:22:10 (20%) A-V:  5.957 ct:  4.328 Dropped: 13 Cache: 817s/500MB
AV: 00:04:24 / 00:22:10 (20%) A-V:  5.942 ct:  4.335 Dropped: 14 Cache: 817s/500MB
AV: 00:04:24 / 00:22:10 (20%) A-V:  5.933 ct:  4.342 Dropped: 14 Cache: 817s/500MB
AV: 00:04:24 / 00:22:10 (20%) A-V:  5.927 ct:  4.348 Dropped: 14 Cache: 818s/500MB
AV: 00:04:24 / 00:22:10 (20%) A-V:  5.923 ct:  4.355 Dropped: 14 Cache: 818s/500MB
AV: 00:04:24 / 00:22:10 (20%) A-V:  5.923 ct:  4.362 Dropped: 15 Cache: 818s/500MB
AV: 00:04:24 / 00:22:10 (20%) A-V:  5.909 ct:  4.368 Dropped: 16 Cache: 818s/500MB
AV: 00:04:24 / 00:22:10 (20%) A-V:  5.900 ct:  4.375 Dropped: 16 Cache: 818s/500MB
AV: 00:04:24 / 00:22:10 (20%) A-V:  5.893 ct:  4.382 Dropped: 16 Cache: 818s/500MB
AV: 00:04:24 / 00:22:10 (20%) A-V:  5.890 ct:  4.388 Dropped: 16 Cache: 819s/500MB
AV: 00:04:24 / 00:22:10 (20%) A-V:  5.892 ct:  4.395 Dropped: 17 Cache: 819s/500MB
AV: 00:04:24 / 00:22:10 (20%) A-V:  5.880 ct:  4.402 Dropped: 18 Cache: 820s/500MB
AV: 00:04:24 / 00:22:10 (20%) A-V:  5.867 ct:  4.408 Dropped: 18 Cache: 820s/500MB
AV: 00:04:24 / 00:22:10 (20%) A-V:  5.860 ct:  4.415 Dropped: 18 Cache: 820s/500MB
AV: 00:04:24 / 00:22:10 (20%) A-V:  5.857 ct:  4.422 Dropped: 18 Cache: 820s/500MB
AV: 00:04:24 / 00:22:10 (20%) A-V:  5.856 ct:  4.428 Dropped: 19 Cache: 820s/500MB
AV: 00:04:24 / 00:22:10 (20%) A-V:  5.841 ct:  4.435 Dropped: 20 Cache: 820s/500MB
AV: 00:04:24 / 00:22:10 (20%) A-V:  5.833 ct:  4.442 Dropped: 20 Cache: 820s/500MB
AV: 00:04:32 / 00:22:10 (20%) A-V:  0.000 ct:  5.021 Cache: 917s/500MB
AV: 00:04:24 / 00:22:10 (20%) A-V:  5.827 ct:  4.448 Dropped: 20 Cache: 820s/500MB
AV: 00:04:24 / 00:22:10 (20%) A-V:  5.823 ct:  4.455 Dropped: 20 Cache: 820s/500MB
AV: 00:04:24 / 00:22:10 (20%) A-V:  5.823 ct:  4.462 Dropped: 21 Cache: 820s/500MB
AV: 00:04:24 / 00:22:10 (20%) A-V:  5.813 ct:  4.468 Dropped: 22 Cache: 823s/500MB
AV: 00:04:24 / 00:22:10 (20%) A-V:  5.800 ct:  4.475 Dropped: 22 Cache: 823s/500MB
AV: 00:04:25 / 00:22:10 (20%) A-V:  5.793 ct:  4.482 Dropped: 22 Cache: 823s/500MB
AV: 00:04:25 / 00:22:10 (20%) A-V:  5.790 ct:  4.488 Dropped: 22 Cache: 823s/500MB
AV: 00:04:25 / 00:22:10 (20%) A-V:  5.790 ct:  4.495 Dropped: 23 Cache: 823s/500MB
AV: 00:04:25 / 00:22:10 (20%) A-V:  5.777 ct:  4.502 Dropped: 24 Cache: 823s/500MB
AV: 00:04:25 / 00:22:10 (20%) A-V:  5.767 ct:  4.508 Dropped: 24 Cache: 823s/500MB
AV: 00:04:25 / 00:22:10 (20%) A-V:  5.760 ct:  4.515 Dropped: 24 Cache: 823s/500MB
AV: 00:04:25 / 00:22:10 (20%) A-V:  5.756 ct:  4.522 Dropped: 24 Cache: 823s/500MB
AV: 00:04:31 / 00:22:10 (20%) A-V:  0.000 Cache: 784s/500MB
AV: 00:04:25 / 00:22:10 (20%) A-V:  5.756 ct:  4.528 Dropped: 25 Cache: 823s/500MB
AV: 00:04:25 / 00:22:10 (20%) A-V:  5.741 ct:  4.535 Dropped: 26 Cache: 823s/500MB
AV: 00:04:25 / 00:22:10 (20%) A-V:  5.733 ct:  4.542 Dropped: 26 Cache: 824s/500MB
AV: 00:04:25 / 00:22:10 (20%) A-V:  5.727 ct:  4.548 Dropped: 26 Cache: 824s/500MB
AV: 00:04:25 / 00:22:10 (20%) A-V:  5.723 ct:  4.555 Dropped: 26 Cache: 824s/500MB
AV: 00:04:32 / 00:22:10 (20%) A-V:  0.000 ct:  8.021 Dropped: 16 Cache: 912s/500MB
AV: 00:04:25 / 00:22:10 (20%) A-V:  5.723 ct:  4.562 Dropped: 27 Cache: 824s/500MB
AV: 00:04:25 / 00:22:10 (20%) A-V:  5.707 ct:  4.568 Dropped: 28 Cache: 824s/500MB
AV: 00:04:25 / 00:22:10 (20%) A-V:  5.700 ct:  4.575 Dropped: 28 Cache: 826s/500MB
AV: 00:04:25 / 00:22:10 (20%) A-V:  5.693 ct:  4.582 Dropped: 28 Cache: 826s/500MB
AV: 00:04:25 / 00:22:10 (20%) A-V:  5.689 ct:  4.588 Dropped: 28 Cache: 826s/500MB
AV: 00:04:25 / 00:22:10 (20%) A-V:  5.691 ct:  4.595 Dropped: 29 Cache: 826s/500MB
AV: 00:04:25 / 00:22:10 (20%) A-V:  5.679 ct:  4.602 Dropped: 30 Cache: 826s/500MB
AV: 00:04:25 / 00:22:10 (20%) A-V:  5.667 ct:  4.608 Dropped: 30 Cache: 826s/500MB
AV: 00:04:25 / 00:22:10 (20%) A-V:  5.660 ct:  4.615 Dropped: 30 Cache: 826s/500MB
AV: 00:04:25 / 00:22:10 (20%) A-V:  5.657 ct:  4.622 Dropped: 30 Cache: 826s/500MB
AV: 00:04:25 / 00:22:10 (20%) A-V:  5.657 ct:  4.628 Dropped: 31 Cache: 826s/500MB
AV: 00:04:25 / 00:22:10 (20%) A-V:  5.642 ct:  4.635 Dropped: 32 Cache: 826s/500MB
AV: 00:04:25 / 00:22:10 (20%) A-V:  5.633 ct:  4.642 Dropped: 32 Cache: 827s/500MB
AV: 00:04:25 / 00:22:10 (20%) A-V:  5.627 ct:  4.648 Dropped: 32 Cache: 827s/500MB
AV: 00:04:25 / 00:22:10 (20%) A-V:  5.627 ct:  4.655 Dropped: 32 Cache: 827s/500MB
AV: 00:04:25 / 00:22:10 (20%) A-V:  5.624 ct:  4.662 Dropped: 33 Cache: 827s/500MB
AV: 00:04:25 / 00:22:10 (20%) A-V:  5.610 ct:  4.668 Dropped: 34 Cache: 827s/500MB
AV: 00:04:25 / 00:22:10 (20%) A-V:  5.600 ct:  4.675 Dropped: 34 Cache: 827s/499MB
AV: 00:04:25 / 00:22:10 (20%) A-V:  5.593 ct:  4.682 Dropped: 34 Cache: 828s/500MB
AV: 00:04:25 / 00:22:10 (20%) A-V:  5.590 ct:  4.688 Dropped: 34 Cache: 828s/500MB
AV: 00:04:25 / 00:22:10 (20%) A-V:  5.592 ct:  4.695 Dropped: 35 Cache: 828s/500MB
AV: 00:04:25 / 00:22:10 (20%) A-V:  5.579 ct:  4.702 Dropped: 36 Cache: 828s/500MB
AV: 00:04:25 / 00:22:10 (20%) A-V:  5.567 ct:  4.708 Dropped: 36 Cache: 828s/500MB
AV: 00:04:25 / 00:22:10 (20%) A-V:  5.560 ct:  4.715 Dropped: 36 Cache: 828s/500MB
AV: 00:04:25 / 00:22:10 (20%) A-V:  5.556 ct:  4.722 Dropped: 36 Cache: 828s/500MB
AV: 00:04:25 / 00:22:10 (20%) A-V:  5.557 ct:  4.728 Dropped: 37 Cache: 828s/500MB
AV: 00:04:25 / 00:22:10 (20%) A-V:  5.542 ct:  4.735 Dropped: 38 Cache: 828s/500MB
AV: 00:04:25 / 00:22:10 (20%) A-V:  5.533 ct:  4.742 Dropped: 38 Cache: 828s/500MB
AV: 00:04:25 / 00:22:10 (20%) A-V:  5.527 ct:  4.748 Dropped: 38 Cache: 828s/500MB
AV: 00:04:25 / 00:22:10 (20%) A-V:  5.525 ct:  4.755 Dropped: 38 Cache: 828s/500MB
AV: 00:04:25 / 00:22:10 (20%) A-V:  5.523 ct:  4.762 Dropped: 39 Cache: 828s/500MB
AV: 00:04:25 / 00:22:10 (20%) A-V:  5.509 ct:  4.768 Dropped: 40 Cache: 828s/500MB
AV: 00:04:25 / 00:22:10 (20%) A-V:  5.500 ct:  4.775 Dropped: 40 Cache: 828s/500MB
AV: 00:04:32 / 00:22:10 (20%) A-V:  0.000 Cache: 784s/500MB
AV: 00:04:25 / 00:22:10 (20%) A-V:  5.493 ct:  4.782 Dropped: 40 Cache: 828s/500MB
AV: 00:04:25 / 00:22:10 (20%) A-V:  5.494 ct:  4.788 Dropped: 40 Cache: 828s/500MB
AV: 00:04:25 / 00:22:10 (20%) A-V:  5.490 ct:  4.795 Dropped: 41 Cache: 828s/500MB
AV: 00:04:25 / 00:22:10 (20%) A-V:  5.475 ct:  4.802 Dropped: 42 Cache: 828s/500MB
AV: 00:04:25 / 00:22:10 (20%) A-V:  5.467 ct:  4.808 Dropped: 42 Cache: 828s/500MB
AV: 00:04:25 / 00:22:10 (20%) A-V:  5.460 ct:  4.815 Dropped: 42 Cache: 828s/500MB
AV: 00:04:25 / 00:22:10 (20%) A-V:  5.456 ct:  4.822 Dropped: 42 Cache: 828s/500MB
AV: 00:04:25 / 00:22:10 (20%) A-V:  5.457 ct:  4.828 Dropped: 43 Cache: 828s/500MB
AV: 00:04:25 / 00:22:10 (20%) A-V:  5.440 ct:  4.835 Dropped: 44 Cache: 828s/500MB
AV: 00:04:25 / 00:22:10 (20%) A-V:  5.433 ct:  4.842 Dropped: 44 Cache: 828s/500MB
AV: 00:04:25 / 00:22:10 (20%) A-V:  5.427 ct:  4.848 Dropped: 44 Cache: 828s/500MB
AV: 00:04:25 / 00:22:10 (20%) A-V:  5.425 ct:  4.855 Dropped: 44 Cache: 828s/500MB
AV: 00:04:25 / 00:22:10 (20%) A-V:  5.423 ct:  4.862 Dropped: 45 Cache: 828s/500MB
AV: 00:04:25 / 00:22:10 (20%) A-V:  5.409 ct:  4.868 Dropped: 46 Cache: 828s/500MB
AV: 00:04:25 / 00:22:10 (20%) A-V:  5.400 ct:  4.875 Dropped: 46 Cache: 828s/500MB
AV: 00:04:26 / 00:22:10 (20%) A-V:  5.393 ct:  4.882 Dropped: 46 Cache: 828s/500MB
AV: 00:04:26 / 00:22:10 (20%) A-V:  5.390 ct:  4.888 Dropped: 46 Cache: 828s/500MB
AV: 00:04:32 / 00:22:10 (21%) A-V:  0.000 ct:  5.021 Cache: 917s/500MB
AV: 00:04:26 / 00:22:10 (20%) A-V:  5.390 ct:  4.895 Dropped: 47 Cache: 828s/500MB
AV: 00:04:26 / 00:22:10 (20%) A-V:  5.377 ct:  4.902 Dropped: 48 Cache: 828s/500MB
AV: 00:04:26 / 00:22:10 (20%) A-V:  5.367 ct:  4.908 Dropped: 48 Cache: 828s/500MB
AV: 00:04:26 / 00:22:10 (20%) A-V:  5.360 ct:  4.915 Dropped: 48 Cache: 828s/500MB
AV: 00:04:26 / 00:22:10 (20%) A-V:  5.355 ct:  4.922 Dropped: 48 Cache: 828s/500MB
AV: 00:04:26 / 00:22:10 (20%) A-V:  5.357 ct:  4.928 Dropped: 49 Cache: 828s/500MB
AV: 00:04:26 / 00:22:10 (20%) A-V:  5.340 ct:  4.935 Dropped: 50 Cache: 828s/500MB
AV: 00:04:26 / 00:22:10 (20%) A-V:  5.333 ct:  4.942 Dropped: 50 Cache: 828s/500MB
AV: 00:04:26 / 00:22:10 (20%) A-V:  5.327 ct:  4.948 Dropped: 50 Cache: 828s/500MB
AV: 00:04:26 / 00:22:10 (20%) A-V:  5.323 ct:  4.955 Dropped: 50 Cache: 828s/500MB
AV: 00:04:26 / 00:22:10 (20%) A-V:  5.325 ct:  4.962 Dropped: 51 Cache: 828s/500MB
AV: 00:04:26 / 00:22:10 (20%) A-V:  5.312 ct:  4.968 Dropped: 52 Cache: 828s/500MB
AV: 00:04:26 / 00:22:10 (20%) A-V:  5.300 ct:  4.975 Dropped: 52 Cache: 828s/500MB
AV: 00:04:26 / 00:22:10 (20%) A-V:  5.293 ct:  4.982 Dropped: 52 Cache: 828s/500MB
AV: 00:04:32 / 00:22:10 (21%) A-V:  0.000 ct:  5.021 Cache: 916s/500MB
AV: 00:04:26 / 00:22:10 (20%) A-V:  5.293 ct:  4.988 Dropped: 52 Cache: 828s/500MB
AV: 00:04:26 / 00:22:10 (20%) A-V:  5.290 ct:  4.995 Dropped: 53 Cache: 827s/500MB
AV: 00:04:26 / 00:22:10 (20%) A-V:  5.275 ct:  5.002 Dropped: 54 Cache: 827s/500MB
AV: 00:04:26 / 00:22:10 (20%) A-V:  5.267 ct:  5.008 Dropped: 54 Cache: 827s/500MB
AV: 00:04:32 / 00:22:10 (21%) A-V:  0.000 ct:  8.021 Dropped: 16 Cache: 912s/500MB
AV: 00:04:26 / 00:22:10 (20%) A-V:  5.260 ct:  5.015 Dropped: 54 Cache: 827s/500MB
AV: 00:04:26 / 00:22:10 (20%) A-V:  5.256 ct:  5.022 Dropped: 54 Cache: 827s/500MB
AV: 00:04:26 / 00:22:10 (20%) A-V:  5.256 ct:  5.028 Dropped: 55 Cache: 827s/500MB
AV: 00:04:26 / 00:22:10 (20%) A-V:  5.240 ct:  5.035 Dropped: 56 Cache: 827s/500MB
AV: 00:04:26 / 00:22:10 (20%) A-V:  5.233 ct:  5.042 Dropped: 56 Cache: 827s/500MB
AV: 00:04:26 / 00:22:10 (20%) A-V:  5.227 ct:  5.048 Dropped: 56 Cache: 827s/500MB
AV: 00:04:26 / 00:22:10 (20%) A-V:  5.223 ct:  5.055 Dropped: 56 Cache: 827s/500MB
AV: 00:04:26 / 00:22:10 (20%) A-V:  5.225 ct:  5.062 Dropped: 57 Cache: 827s/500MB
AV: 00:04:26 / 00:22:10 (20%) A-V:  5.211 ct:  5.068 Dropped: 58 Cache: 827s/500MB
AV: 00:04:26 / 00:22:10 (20%) A-V:  5.200 ct:  5.075 Dropped: 58 Cache: 827s/500MB
AV: 00:04:26 / 00:22:10 (20%) A-V:  5.193 ct:  5.082 Dropped: 58 Cache: 827s/500MB
AV: 00:04:26 / 00:22:10 (20%) A-V:  5.190 ct:  5.088 Dropped: 58 Cache: 827s/500MB
AV: 00:04:26 / 00:22:10 (20%) A-V:  5.196 ct:  5.095 Dropped: 59 Cache: 828s/500MB
AV: 00:04:26 / 00:22:10 (20%) A-V:  5.181 ct:  5.102 Dropped: 60 Cache: 828s/500MB
AV: 00:04:26 / 00:22:10 (20%) A-V:  5.167 ct:  5.108 Dropped: 60 Cache: 828s/500MB
AV: 00:04:33 / 00:22:10 (21%) A-V:  0.000 ct:  5.021 Cache: 916s/500MB
AV: 00:04:26 / 00:22:10 (20%) A-V:  5.160 ct:  5.115 Dropped: 60 Cache: 828s/500MB
AV: 00:04:26 / 00:22:10 (20%) A-V:  5.156 ct:  5.122 Dropped: 60 Cache: 828s/500MB
AV: 00:04:26 / 00:22:10 (20%) A-V:  5.157 ct:  5.128 Dropped: 61 Cache: 828s/500MB
AV: 00:04:26 / 00:22:10 (20%) A-V:  5.142 ct:  5.135 Dropped: 62 Cache: 828s/500MB
AV: 00:04:26 / 00:22:10 (20%) A-V:  5.133 ct:  5.142 Dropped: 62 Cache: 828s/500MB
AV: 00:04:26 / 00:22:10 (20%) A-V:  5.127 ct:  5.148 Dropped: 62 Cache: 828s/500MB
AV: 00:04:26 / 00:22:10 (20%) A-V:  5.123 ct:  5.155 Dropped: 62 Cache: 828s/500MB
AV: 00:04:32 / 00:22:10 (21%) A-V:  0.000 ct:  8.021 Dropped: 16 Cache: 911s/500MB
AV: 00:04:26 / 00:22:10 (20%) A-V:  5.126 ct:  5.162 Dropped: 63 Cache: 828s/500MB
AV: 00:04:26 / 00:22:10 (20%) A-V:  5.110 ct:  5.168 Dropped: 64 Cache: 828s/500MB
AV: 00:04:26 / 00:22:10 (20%) A-V:  5.101 ct:  5.175 Dropped: 64 Cache: 829s/500MB
AV: 00:04:26 / 00:22:10 (20%) A-V:  5.093 ct:  5.182 Dropped: 64 Cache: 829s/500MB
AV: 00:04:26 / 00:22:10 (20%) A-V:  5.090 ct:  5.188 Dropped: 64 Cache: 829s/500MB
AV: 00:04:26 / 00:22:10 (20%) A-V:  5.090 ct:  5.195 Dropped: 65 Cache: 829s/500MB
AV: 00:04:26 / 00:22:10 (20%) A-V:  5.075 ct:  5.202 Dropped: 66 Cache: 829s/500MB
AV: 00:04:26 / 00:22:10 (20%) A-V:  5.067 ct:  5.208 Dropped: 66 Cache: 829s/500MB
AV: 00:04:32 / 00:22:10 (21%) A-V:  0.000 Cache: 784s/500MB
AV: 00:04:26 / 00:22:10 (20%) A-V:  5.060 ct:  5.215 Dropped: 66 Cache: 829s/500MB
AV: 00:04:26 / 00:22:10 (20%) A-V:  5.056 ct:  5.222 Dropped: 66 Cache: 829s/500MB
AV: 00:04:33 / 00:22:10 (21%) A-V:  0.000 ct:  8.021 Dropped: 16 Cache: 911s/500MB
AV: 00:04:26 / 00:22:10 (20%) A-V:  5.057 ct:  5.228 Dropped: 67 Cache: 829s/500MB
AV: 00:04:26 / 00:22:10 (20%) A-V:  5.042 ct:  5.235 Dropped: 68 Cache: 829s/500MB
AV: 00:04:26 / 00:22:10 (20%) A-V:  5.033 ct:  5.242 Dropped: 68 Cache: 829s/500MB
AV: 00:04:26 / 00:22:10 (20%) A-V:  5.027 ct:  5.248 Dropped: 68 Cache: 829s/500MB
AV: 00:04:26 / 00:22:10 (20%) A-V:  5.023 ct:  5.255 Dropped: 68 Cache: 829s/500MB
AV: 00:04:26 / 00:22:10 (20%) A-V:  5.025 ct:  5.262 Dropped: 69 Cache: 829s/500MB
AV: 00:04:26 / 00:22:10 (20%) A-V:  5.014 ct:  5.268 Dropped: 70 Cache: 829s/500MB
AV: 00:04:26 / 00:22:10 (20%) A-V:  5.000 ct:  5.275 Dropped: 70 Cache: 829s/500MB
AV: 00:04:27 / 00:22:10 (20%) A-V:  4.993 ct:  5.282 Dropped: 70 Cache: 829s/500MB
AV: 00:04:27 / 00:22:10 (20%) A-V:  4.990 ct:  5.288 Dropped: 70 Cache: 829s/500MB
AV: 00:04:27 / 00:22:10 (20%) A-V:  4.990 ct:  5.295 Dropped: 71 Cache: 829s/500MB
AV: 00:04:27 / 00:22:10 (20%) A-V:  4.976 ct:  5.302 Dropped: 72 Cache: 829s/500MB
AV: 00:04:27 / 00:22:10 (20%) A-V:  4.967 ct:  5.308 Dropped: 72 Cache: 829s/500MB
AV: 00:04:27 / 00:22:10 (20%) A-V:  4.960 ct:  5.315 Dropped: 72 Cache: 829s/500MB
AV: 00:04:27 / 00:22:10 (20%) A-V:  4.956 ct:  5.322 Dropped: 72 Cache: 829s/500MB
AV: 00:04:27 / 00:22:10 (20%) A-V:  4.957 ct:  5.328 Dropped: 73 Cache: 829s/500MB
AV: 00:04:27 / 00:22:10 (20%) A-V:  4.942 ct:  5.335 Dropped: 74 Cache: 829s/500MB
AV: 00:04:27 / 00:22:10 (20%) A-V:  4.933 ct:  5.342 Dropped: 74 Cache: 829s/500MB
AV: 00:04:27 / 00:22:10 (20%) A-V:  4.927 ct:  5.348 Dropped: 74 Cache: 829s/500MB
AV: 00:04:27 / 00:22:10 (20%) A-V:  4.923 ct:  5.355 Dropped: 74 Cache: 829s/500MB
AV: 00:04:32 / 00:22:10 (21%) A-V:  0.000 Cache: 783s/500MB
AV: 00:04:27 / 00:22:10 (20%) A-V:  4.932 ct:  5.362 Dropped: 75 Cache: 830s/500MB
AV: 00:04:27 / 00:22:10 (20%) A-V:  4.918 ct:  5.368 Dropped: 76 Cache: 830s/500MB
AV: 00:04:27 / 00:22:10 (20%) A-V:  4.905 ct:  5.375 Dropped: 77 Cache: 830s/500MB
AV: 00:04:27 / 00:22:10 (20%) A-V:  4.893 ct:  5.382 Dropped: 77 Cache: 830s/500MB
AV: 00:04:27 / 00:22:10 (20%) A-V:  4.887 ct:  5.388 Dropped: 77 Cache: 830s/500MB
AV: 00:04:27 / 00:22:10 (20%) A-V:  4.880 ct:  5.395 Dropped: 77 Cache: 830s/500MB
AV: 00:04:27 / 00:22:10 (20%) A-V:  4.873 ct:  5.402 Dropped: 77 Cache: 830s/500MB
AV: 00:04:27 / 00:22:10 (20%) A-V:  4.873 ct:  5.408 Dropped: 77 Cache: 830s/500MB
Using hardware decoding (nvdec).
AV: 00:04:32 / 00:22:10 (21%) A-V:  0.000 Cache: 783s/500MB
AV: 00:04:27 / 00:22:10 (20%) A-V:  4.875 ct:  5.415 Dropped: 78 Cache: 830s/500MB
AV: 00:04:27 / 00:22:10 (20%) A-V:  4.861 ct:  5.422 Dropped: 79 Cache: 830s/500MB
AV: 00:04:27 / 00:22:10 (20%) A-V:  4.850 ct:  5.428 Dropped: 79 Cache: 830s/500MB
AV: 00:04:27 / 00:22:10 (20%) A-V:  4.840 ct:  5.435 Dropped: 79 Cache: 830s/500MB
AV: 00:04:32 / 00:22:10 (21%) A-V:  0.000 Cache: 784s/500MB
AV: 00:04:32 / 00:22:10 (21%) A-V:  0.028 Cache: 784s/500MB
AV: 00:04:32 / 00:22:10 (21%) A-V:  0.000 Dropped: 1 Cache: 784s/500MB
AV: 00:04:33 / 00:22:10 (21%) A-V:  0.000 Dropped: 1 Cache: 784s/500MB
[dbx] New chapter 19 
AV: 00:04:33 / 00:22:10 (21%) A-V:  0.000 Dropped: 1 Cache: 784s/500MB
[dbx] Metadata  
AV: 00:04:33 / 00:22:10 (21%) A-V:  0.000 Dropped: 1 Cache: 784s/500MB
[dbx] chapter time is  273 
AV: 00:04:33 / 00:22:10 (21%) A-V:  0.000 Dropped: 1 Cache: 784s/500MB
[dbx] Chapter Length is  19 
AV: 00:04:33 / 00:22:10 (21%) A-V:  0.000 Dropped: 1 Cache: 784s/500MB
[dbx] record_number was  20 
AV: 00:04:33 / 00:22:10 (21%) A-V:  0.000 Dropped: 1 Cache: 784s/500MB
AV: 00:04:27 / 00:22:10 (20%) A-V:  4.839 ct:  5.442 Dropped: 79 Cache: 831s/500MB
AV: 00:04:27 / 00:22:10 (20%) A-V:  4.840 ct:  5.448 Dropped: 80 Cache: 831s/500MB
AV: 00:04:27 / 00:22:10 (20%) A-V:  4.826 ct:  5.455 Dropped: 81 Cache: 831s/500MB
AV: 00:04:27 / 00:22:10 (20%) A-V:  4.813 ct:  5.462 Dropped: 81 Cache: 831s/500MB
AV: 00:04:27 / 00:22:10 (20%) A-V:  4.807 ct:  5.468 Dropped: 81 Cache: 831s/500MB
AV: 00:04:27 / 00:22:10 (20%) A-V:  4.806 ct:  5.475 Dropped: 82 Cache: 831s/500MB
AV: 00:04:27 / 00:22:10 (20%) A-V:  4.793 ct:  5.482 Dropped: 82 Cache: 831s/500MB
AV: 00:04:27 / 00:22:10 (20%) A-V:  4.790 ct:  5.488 Dropped: 82 Cache: 831s/500MB
AV: 00:04:27 / 00:22:10 (20%) A-V:  4.790 ct:  5.495 Dropped: 83 Cache: 831s/500MB
AV: 00:04:27 / 00:22:10 (20%) A-V:  4.775 ct:  5.502 Dropped: 84 Cache: 831s/500MB
AV: 00:04:27 / 00:22:10 (20%) A-V:  4.767 ct:  5.508 Dropped: 84 Cache: 831s/500MB
AV: 00:04:27 / 00:22:10 (20%) A-V:  4.760 ct:  5.515 Dropped: 84 Cache: 831s/500MB
AV: 00:04:27 / 00:22:10 (20%) A-V:  4.760 ct:  5.522 Dropped: 84 Cache: 831s/500MB
AV: 00:04:27 / 00:22:10 (20%) A-V:  4.757 ct:  5.528 Dropped: 85 Cache: 831s/500MB
AV: 00:04:27 / 00:22:10 (20%) A-V:  4.742 ct:  5.535 Dropped: 86 Cache: 831s/500MB
AV: 00:04:27 / 00:22:10 (20%) A-V:  4.733 ct:  5.542 Dropped: 86 Cache: 831s/500MB
AV: 00:04:27 / 00:22:10 (20%) A-V:  4.727 ct:  5.548 Dropped: 86 Cache: 831s/500MB
AV: 00:04:27 / 00:22:10 (20%) A-V:  4.723 ct:  5.555 Dropped: 86 Cache: 831s/500MB
AV: 00:04:27 / 00:22:10 (20%) A-V:  4.731 ct:  5.562 Dropped: 87 Cache: 832s/500MB
AV: 00:04:33 / 00:22:10 (21%) A-V:  0.000 Dropped: 1 Cache: 783s/500MB
AV: 00:04:27 / 00:22:10 (20%) A-V:  4.716 ct:  5.568 Dropped: 88 Cache: 832s/500MB
AV: 00:04:27 / 00:22:10 (20%) A-V:  4.701 ct:  5.575 Dropped: 89 Cache: 832s/500MB
AV: 00:04:27 / 00:22:10 (20%) A-V:  4.693 ct:  5.582 Dropped: 89 Cache: 832s/500MB
AV: 00:04:27 / 00:22:10 (20%) A-V:  4.687 ct:  5.588 Dropped: 89 Cache: 832s/500MB
AV: 00:04:27 / 00:22:10 (20%) A-V:  4.680 ct:  5.595 Dropped: 89 Cache: 832s/500MB
AV: 00:04:27 / 00:22:10 (20%) A-V:  4.673 ct:  5.602 Dropped: 89 Cache: 832s/500MB
AV: 00:04:27 / 00:22:10 (20%) A-V:  4.673 ct:  5.608 Dropped: 89 Cache: 832s/500MB
AV: 00:04:27 / 00:22:10 (20%) A-V:  4.673 ct:  5.615 Dropped: 90 Cache: 832s/500MB
AV: 00:04:27 / 00:22:10 (20%) A-V:  4.658 ct:  5.622 Dropped: 91 Cache: 832s/500MB
AV: 00:04:27 / 00:22:10 (20%) A-V:  4.647 ct:  5.628 Dropped: 91 Cache: 832s/500MB
AV: 00:04:27 / 00:22:10 (20%) A-V:  4.640 ct:  5.635 Dropped: 91 Cache: 832s/500MB
AV: 00:04:27 / 00:22:10 (20%) A-V:  4.639 ct:  5.642 Dropped: 91 Cache: 832s/500MB
AV: 00:04:27 / 00:22:10 (20%) A-V:  4.639 ct:  5.648 Dropped: 92 Cache: 832s/500MB
AV: 00:04:27 / 00:22:10 (20%) A-V:  4.625 ct:  5.655 Dropped: 93 Cache: 832s/500MB
AV: 00:04:27 / 00:22:10 (20%) A-V:  4.613 ct:  5.662 Dropped: 93 Cache: 832s/500MB
AV: 00:04:27 / 00:22:10 (20%) A-V:  4.616 ct:  5.668 Dropped: 93 Cache: 833s/500MB
AV: 00:04:27 / 00:22:10 (20%) A-V:  4.606 ct:  5.675 Dropped: 94 Cache: 833s/500MB
AV: 00:04:28 / 00:22:10 (20%) A-V:  4.593 ct:  5.682 Dropped: 94 Cache: 833s/500MB
AV: 00:04:28 / 00:22:10 (20%) A-V:  4.590 ct:  5.688 Dropped: 94 Cache: 833s/500MB
AV: 00:04:28 / 00:22:10 (20%) A-V:  4.590 ct:  5.695 Dropped: 95 Cache: 833s/500MB
AV: 00:04:28 / 00:22:10 (20%) A-V:  4.575 ct:  5.702 Dropped: 96 Cache: 833s/500MB
AV: 00:04:28 / 00:22:10 (20%) A-V:  4.567 ct:  5.708 Dropped: 96 Cache: 833s/500MB
AV: 00:04:28 / 00:22:10 (20%) A-V:  4.560 ct:  5.715 Dropped: 96 Cache: 833s/500MB
AV: 00:04:28 / 00:22:10 (20%) A-V:  4.560 ct:  5.722 Dropped: 96 Cache: 833s/500MB
AV: 00:04:28 / 00:22:10 (20%) A-V:  4.557 ct:  5.728 Dropped: 97 Cache: 833s/500MB
AV: 00:04:28 / 00:22:10 (20%) A-V:  4.543 ct:  5.735 Dropped: 98 Cache: 833s/500MB
AV: 00:04:28 / 00:22:10 (20%) A-V:  4.533 ct:  5.742 Dropped: 98 Cache: 834s/500MB
AV: 00:04:28 / 00:22:10 (20%) A-V:  4.527 ct:  5.748 Dropped: 98 Cache: 834s/500MB
AV: 00:04:28 / 00:22:10 (20%) A-V:  4.523 ct:  5.755 Dropped: 98 Cache: 834s/500MB
AV: 00:04:33 / 00:22:10 (21%) A-V:  0.000 ct:  5.021 Cache: 915s/500MB
AV: 00:04:28 / 00:22:10 (20%) A-V:  4.526 ct:  5.762 Dropped: 99 Cache: 834s/500MB
AV: 00:04:28 / 00:22:10 (20%) A-V:  4.512 ct:  5.768 Dropped: 100 Cache: 834s/500MB
AV: 00:04:28 / 00:22:10 (20%) A-V:  4.500 ct:  5.775 Dropped: 100 Cache: 834s/500MB
AV: 00:04:28 / 00:22:10 (20%) A-V:  4.493 ct:  5.782 Dropped: 100 Cache: 834s/500MB
AV: 00:04:34 / 00:22:10 (21%) A-V:  0.000 ct:  5.021 Cache: 915s/500MB
AV: 00:04:28 / 00:22:10 (20%) A-V:  4.490 ct:  5.788 Dropped: 100 Cache: 834s/500MB
AV: 00:04:28 / 00:22:10 (20%) A-V:  4.490 ct:  5.795 Dropped: 101 Cache: 834s/500MB
AV: 00:04:28 / 00:22:10 (20%) A-V:  4.475 ct:  5.802 Dropped: 102 Cache: 834s/500MB
AV: 00:04:28 / 00:22:10 (20%) A-V:  4.467 ct:  5.808 Dropped: 102 Cache: 834s/500MB
AV: 00:04:28 / 00:22:10 (20%) A-V:  4.460 ct:  5.815 Dropped: 102 Cache: 834s/500MB
AV: 00:04:28 / 00:22:10 (20%) A-V:  4.459 ct:  5.822 Dropped: 102 Cache: 834s/500MB
AV: 00:04:28 / 00:22:10 (20%) A-V:  4.457 ct:  5.828 Dropped: 103 Cache: 834s/500MB
AV: 00:04:28 / 00:22:10 (20%) A-V:  4.442 ct:  5.835 Dropped: 104 Cache: 834s/500MB
AV: 00:04:28 / 00:22:10 (20%) A-V:  4.433 ct:  5.842 Dropped: 104 Cache: 834s/500MB
AV: 00:04:28 / 00:22:10 (20%) A-V:  4.427 ct:  5.848 Dropped: 104 Cache: 834s/500MB
AV: 00:04:28 / 00:22:10 (20%) A-V:  4.423 ct:  5.855 Dropped: 104 Cache: 834s/500MB
AV: 00:04:28 / 00:22:10 (20%) A-V:  4.423 ct:  5.862 Dropped: 105 Cache: 834s/500MB
AV: 00:04:28 / 00:22:10 (20%) A-V:  4.409 ct:  5.868 Dropped: 106 Cache: 834s/500MB
AV: 00:04:28 / 00:22:10 (20%) A-V:  4.400 ct:  5.875 Dropped: 106 Cache: 834s/500MB
AV: 00:04:28 / 00:22:10 (20%) A-V:  4.393 ct:  5.882 Dropped: 106 Cache: 834s/500MB
AV: 00:04:28 / 00:22:10 (20%) A-V:  4.390 ct:  5.888 Dropped: 106 Cache: 834s/500MB
AV: 00:04:34 / 00:22:10 (21%) A-V:  0.000 ct:  8.021 Dropped: 16 Cache: 911s/500MB
AV: 00:04:28 / 00:22:10 (20%) A-V:  4.390 ct:  5.895 Dropped: 107 Cache: 834s/500MB
AV: 00:04:28 / 00:22:10 (20%) A-V:  4.375 ct:  5.902 Dropped: 108 Cache: 834s/500MB
AV: 00:04:28 / 00:22:10 (20%) A-V:  4.367 ct:  5.908 Dropped: 108 Cache: 834s/500MB
AV: 00:04:28 / 00:22:10 (20%) A-V:  4.360 ct:  5.915 Dropped: 108 Cache: 834s/500MB
AV: 00:04:28 / 00:22:10 (20%) A-V:  4.357 ct:  5.922 Dropped: 108 Cache: 834s/500MB
AV: 00:04:28 / 00:22:10 (20%) A-V:  4.359 ct:  5.928 Dropped: 109 Cache: 834s/500MB
AV: 00:04:28 / 00:22:10 (20%) A-V:  4.344 ct:  5.935 Dropped: 110 Cache: 834s/500MB
AV: 00:04:28 / 00:22:10 (20%) A-V:  4.333 ct:  5.942 Dropped: 110 Cache: 834s/500MB
AV: 00:04:28 / 00:22:10 (20%) A-V:  4.327 ct:  5.948 Dropped: 110 Cache: 834s/500MB
AV: 00:04:28 / 00:22:10 (20%) A-V:  4.323 ct:  5.955 Dropped: 110 Cache: 834s/500MB
AV: 00:04:28 / 00:22:10 (20%) A-V:  4.323 ct:  5.962 Dropped: 111 Cache: 834s/500MB
AV: 00:04:28 / 00:22:10 (20%) A-V:  4.311 ct:  5.968 Dropped: 112 Cache: 834s/500MB
AV: 00:04:28 / 00:22:10 (20%) A-V:  4.300 ct:  5.975 Dropped: 112 Cache: 835s/500MB
AV: 00:04:28 / 00:22:10 (20%) A-V:  4.293 ct:  5.982 Dropped: 112 Cache: 835s/500MB
AV: 00:04:28 / 00:22:10 (20%) A-V:  4.290 ct:  5.988 Dropped: 112 Cache: 835s/500MB
AV: 00:04:28 / 00:22:10 (20%) A-V:  4.289 ct:  5.995 Dropped: 113 Cache: 835s/500MB
AV: 00:04:28 / 00:22:10 (20%) A-V:  4.273 ct:  6.002 Dropped: 114 Cache: 835s/500MB
AV: 00:04:28 / 00:22:10 (20%) A-V:  4.267 ct:  6.008 Dropped: 114 Cache: 835s/500MB
AV: 00:04:28 / 00:22:10 (20%) A-V:  4.260 ct:  6.015 Dropped: 114 Cache: 835s/500MB
AV: 00:04:28 / 00:22:10 (20%) A-V:  4.257 ct:  6.022 Dropped: 114 Cache: 835s/500MB
AV: 00:04:28 / 00:22:10 (20%) A-V:  4.257 ct:  6.028 Dropped: 115 Cache: 835s/500MB
AV: 00:04:28 / 00:22:10 (20%) A-V:  4.242 ct:  6.035 Dropped: 116 Cache: 835s/500MB
AV: 00:04:28 / 00:22:10 (20%) A-V:  4.233 ct:  6.042 Dropped: 116 Cache: 835s/500MB
AV: 00:04:28 / 00:22:10 (20%) A-V:  4.227 ct:  6.048 Dropped: 116 Cache: 835s/500MB
AV: 00:04:28 / 00:22:10 (20%) A-V:  4.224 ct:  6.055 Dropped: 116 Cache: 835s/500MB
AV: 00:04:28 / 00:22:10 (20%) A-V:  4.223 ct:  6.062 Dropped: 117 Cache: 837s/500MB
AV: 00:04:28 / 00:22:10 (20%) A-V:  4.209 ct:  6.068 Dropped: 118 Cache: 837s/500MB
AV: 00:04:28 / 00:22:10 (20%) A-V:  4.200 ct:  6.075 Dropped: 118 Cache: 838s/500MB
AV: 00:04:29 / 00:22:10 (20%) A-V:  4.193 ct:  6.082 Dropped: 118 Cache: 838s/500MB
AV: 00:04:29 / 00:22:10 (20%) A-V:  4.190 ct:  6.088 Dropped: 118 Cache: 838s/500MB
AV: 00:04:34 / 00:22:10 (21%) A-V:  0.000 Dropped: 1 Cache: 783s/500MB
AV: 00:04:29 / 00:22:10 (20%) A-V:  4.190 ct:  6.095 Dropped: 119 Cache: 838s/500MB
AV: 00:04:29 / 00:22:10 (20%) A-V:  4.173 ct:  6.102 Dropped: 120 Cache: 838s/500MB
AV: 00:04:29 / 00:22:10 (20%) A-V:  4.167 ct:  6.108 Dropped: 120 Cache: 838s/500MB
AV: 00:04:29 / 00:22:10 (20%) A-V:  4.160 ct:  6.115 Dropped: 120 Cache: 838s/500MB
AV: 00:04:29 / 00:22:10 (20%) A-V:  4.160 ct:  6.122 Dropped: 120 Cache: 839s/500MB
AV: 00:04:29 / 00:22:10 (20%) A-V:  4.156 ct:  6.128 Dropped: 121 Cache: 839s/500MB
AV: 00:04:29 / 00:22:10 (20%) A-V:  4.141 ct:  6.135 Dropped: 122 Cache: 839s/500MB
AV: 00:04:29 / 00:22:10 (20%) A-V:  4.133 ct:  6.142 Dropped: 122 Cache: 839s/500MB
AV: 00:04:29 / 00:22:10 (20%) A-V:  4.127 ct:  6.148 Dropped: 122 Cache: 841s/500MB
AV: 00:04:29 / 00:22:10 (20%) A-V:  4.123 ct:  6.155 Dropped: 122 Cache: 841s/500MB
AV: 00:04:29 / 00:22:10 (20%) A-V:  4.123 ct:  6.162 Dropped: 123 Cache: 842s/500MB
AV: 00:04:29 / 00:22:10 (20%) A-V:  4.110 ct:  6.168 Dropped: 124 Cache: 842s/500MB
AV: 00:04:29 / 00:22:10 (20%) A-V:  4.100 ct:  6.175 Dropped: 124 Cache: 842s/500MB
AV: 00:04:29 / 00:22:10 (20%) A-V:  4.093 ct:  6.182 Dropped: 124 Cache: 842s/500MB
AV: 00:04:29 / 00:22:10 (20%) A-V:  4.090 ct:  6.188 Dropped: 124 Cache: 842s/500MB
AV: 00:04:29 / 00:22:10 (20%) A-V:  4.089 ct:  6.195 Dropped: 125 Cache: 842s/500MB
AV: 00:04:29 / 00:22:10 (20%) A-V:  4.074 ct:  6.202 Dropped: 126 Cache: 842s/500MB
AV: 00:04:29 / 00:22:10 (20%) A-V:  4.067 ct:  6.208 Dropped: 126 Cache: 842s/500MB
AV: 00:04:29 / 00:22:10 (20%) A-V:  4.060 ct:  6.215 Dropped: 126 Cache: 843s/500MB
AV: 00:04:29 / 00:22:10 (20%) A-V:  4.057 ct:  6.222 Dropped: 126 Cache: 843s/500MB
AV: 00:04:29 / 00:22:10 (20%) A-V:  4.060 ct:  6.228 Dropped: 127 Cache: 843s/500MB
AV: 00:04:29 / 00:22:10 (20%) A-V:  4.043 ct:  6.235 Dropped: 128 Cache: 843s/500MB
AV: 00:04:29 / 00:22:10 (20%) A-V:  4.033 ct:  6.242 Dropped: 128 Cache: 846s/500MB
AV: 00:04:29 / 00:22:10 (20%) A-V:  4.027 ct:  6.248 Dropped: 128 Cache: 846s/500MB
AV: 00:04:29 / 00:22:10 (20%) A-V:  4.023 ct:  6.255 Dropped: 128 Cache: 846s/500MB
AV: 00:04:29 / 00:22:10 (20%) A-V:  4.022 ct:  6.262 Dropped: 129 Cache: 846s/500MB
AV: 00:04:29 / 00:22:10 (20%) A-V:  4.008 ct:  6.268 Dropped: 130 Cache: 846s/500MB
AV: 00:04:29 / 00:22:10 (20%) A-V:  4.000 ct:  6.275 Dropped: 130 Cache: 846s/500MB
AV: 00:04:29 / 00:22:10 (20%) A-V:  3.993 ct:  6.282 Dropped: 130 Cache: 846s/500MB
AV: 00:04:29 / 00:22:10 (20%) A-V:  3.991 ct:  6.288 Dropped: 130 Cache: 846s/500MB
AV: 00:04:29 / 00:22:10 (20%) A-V:  3.990 ct:  6.295 Dropped: 131 Cache: 846s/500MB
AV: 00:04:29 / 00:22:10 (20%) A-V:  3.975 ct:  6.302 Dropped: 132 Cache: 846s/500MB
AV: 00:04:29 / 00:22:10 (20%) A-V:  3.967 ct:  6.308 Dropped: 132 Cache: 847s/500MB
AV: 00:04:29 / 00:22:10 (20%) A-V:  3.960 ct:  6.315 Dropped: 132 Cache: 847s/500MB
AV: 00:04:29 / 00:22:10 (20%) A-V:  3.959 ct:  6.322 Dropped: 132 Cache: 849s/500MB
AV: 00:04:29 / 00:22:10 (20%) A-V:  3.956 ct:  6.328 Dropped: 133 Cache: 849s/500MB
AV: 00:04:29 / 00:22:10 (20%) A-V:  3.945 ct:  6.335 Dropped: 134 Cache: 850s/500MB
AV: 00:04:29 / 00:22:10 (20%) A-V:  3.934 ct:  6.342 Dropped: 134 Cache: 850s/500MB
AV: 00:04:29 / 00:22:10 (20%) A-V:  3.927 ct:  6.348 Dropped: 134 Cache: 850s/500MB
AV: 00:04:29 / 00:22:10 (20%) A-V:  3.923 ct:  6.355 Dropped: 134 Cache: 850s/500MB
AV: 00:04:29 / 00:22:10 (20%) A-V:  3.922 ct:  6.362 Dropped: 135 Cache: 850s/500MB
AV: 00:04:29 / 00:22:10 (20%) A-V:  3.908 ct:  6.368 Dropped: 136 Cache: 850s/500MB
AV: 00:04:29 / 00:22:10 (20%) A-V:  3.900 ct:  6.375 Dropped: 136 Cache: 850s/500MB
AV: 00:04:29 / 00:22:10 (20%) A-V:  3.893 ct:  6.382 Dropped: 136 Cache: 850s/500MB
AV: 00:04:29 / 00:22:10 (20%) A-V:  3.891 ct:  6.388 Dropped: 136 Cache: 850s/500MB
AV: 00:04:29 / 00:22:10 (20%) A-V:  3.889 ct:  6.395 Dropped: 137 Cache: 850s/500MB
AV: 00:04:29 / 00:22:10 (20%) A-V:  3.874 ct:  6.402 Dropped: 138 Cache: 850s/500MB
AV: 00:04:29 / 00:22:10 (20%) A-V:  3.867 ct:  6.408 Dropped: 138 Cache: 850s/500MB
AV: 00:04:29 / 00:22:10 (20%) A-V:  3.860 ct:  6.415 Dropped: 138 Cache: 850s/500MB
AV: 00:04:29 / 00:22:10 (20%) A-V:  3.856 ct:  6.422 Dropped: 138 Cache: 850s/500MB
AV: 00:04:29 / 00:22:10 (20%) A-V:  3.860 ct:  6.428 Dropped: 139 Cache: 850s/500MB
AV: 00:04:29 / 00:22:10 (20%) A-V:  3.843 ct:  6.435 Dropped: 140 Cache: 850s/500MB
AV: 00:04:34 / 00:22:10 (21%) A-V:  0.000 Dropped: 1 Cache: 782s/500MB
AV: 00:04:29 / 00:22:10 (20%) A-V:  3.833 ct:  6.442 Dropped: 140 Cache: 850s/500MB
AV: 00:04:29 / 00:22:10 (20%) A-V:  3.827 ct:  6.448 Dropped: 140 Cache: 850s/500MB
AV: 00:04:35 / 00:22:10 (21%) A-V:  0.000 ct:  5.021 Cache: 915s/500MB
AO: [pipewire] 44100Hz stereo 2ch floatp
AV: 00:04:29 / 00:22:10 (20%) A-V:  3.827 ct:  6.448 Dropped: 140 Cache: 850s/500MB
AV: 00:04:34 / 00:22:10 (21%) A-V:  0.000 Dropped: 1 Cache: 783s/500MB
AV: 00:04:29 / 00:22:10 (20%) A-V:  4.050 ct:  6.455 Dropped: 140 Cache: 849s/500MB
AV: 00:04:29 / 00:22:10 (20%) A-V:  3.818 ct:  6.462 Dropped: 141 Cache: 849s/500MB
AV: 00:04:29 / 00:22:10 (20%) A-V:  3.807 ct:  6.468 Dropped: 141 Cache: 849s/500MB
AV: 00:04:35 / 00:22:10 (21%) A-V:  0.000 ct:  5.021 Cache: 914s/500MB
AV: 00:04:29 / 00:22:10 (20%) A-V:  3.803 ct:  6.475 Dropped: 141 Cache: 849s/500MB
AV: 00:04:30 / 00:22:10 (20%) A-V:  3.801 ct:  6.482 Dropped: 142 Cache: 849s/500MB
AV: 00:04:30 / 00:22:10 (20%) A-V:  3.787 ct:  6.488 Dropped: 142 Cache: 849s/500MB
AV: 00:04:34 / 00:22:10 (21%) A-V:  0.000 Dropped: 1 Cache: 782s/500MB
AV: 00:04:30 / 00:22:10 (20%) A-V:  3.787 ct:  6.495 Dropped: 143 Cache: 849s/500MB
AV: 00:04:30 / 00:22:10 (20%) A-V:  3.773 ct:  6.502 Dropped: 143 Cache: 849s/500MB
AV: 00:04:30 / 00:22:10 (20%) A-V:  3.768 ct:  6.508 Dropped: 143 Cache: 849s/500MB
AV: 00:04:30 / 00:22:10 (20%) A-V:  3.769 ct:  6.515 Dropped: 144 Cache: 849s/500MB
AV: 00:04:30 / 00:22:10 (20%) A-V:  3.756 ct:  6.522 Dropped: 145 Cache: 849s/500MB
AV: 00:04:30 / 00:22:10 (20%) A-V:  3.747 ct:  6.528 Dropped: 145 Cache: 849s/500MB
AV: 00:04:30 / 00:22:10 (20%) A-V:  3.744 ct:  6.535 Dropped: 145 Cache: 849s/500MB
AV: 00:04:30 / 00:22:10 (20%) A-V:  3.735 ct:  6.542 Dropped: 145 Cache: 849s/500MB
AV: 00:04:30 / 00:22:10 (20%) A-V:  3.736 ct:  6.548 Dropped: 146 Cache: 849s/500MB
AV: 00:04:30 / 00:22:10 (20%) A-V:  3.721 ct:  6.555 Dropped: 147 Cache: 849s/500MB
AV: 00:04:30 / 00:22:10 (20%) A-V:  3.713 ct:  6.562 Dropped: 147 Cache: 850s/500MB
AV: 00:04:35 / 00:22:10 (21%) A-V:  0.000 ct:  8.021 Dropped: 16 Cache: 911s/500MB
AV: 00:04:30 / 00:22:10 (20%) A-V:  3.707 ct:  6.568 Dropped: 147 Cache: 850s/500MB
AV: 00:04:30 / 00:22:10 (20%) A-V:  3.703 ct:  6.575 Dropped: 147 Cache: 849s/500MB
AV: 00:04:30 / 00:22:10 (20%) A-V:  3.702 ct:  6.582 Dropped: 148 Cache: 849s/500MB
AV: 00:04:30 / 00:22:10 (20%) A-V:  3.689 ct:  6.588 Dropped: 149 Cache: 850s/500MB
AV: 00:04:30 / 00:22:10 (20%) A-V:  3.680 ct:  6.595 Dropped: 149 Cache: 850s/500MB
AV: 00:04:30 / 00:22:10 (20%) A-V:  3.673 ct:  6.602 Dropped: 149 Cache: 850s/500MB
AV: 00:04:30 / 00:22:10 (20%) A-V:  3.668 ct:  6.608 Dropped: 149 Cache: 850s/500MB
AV: 00:04:30 / 00:22:10 (20%) A-V:  3.669 ct:  6.615 Dropped: 150 Cache: 850s/500MB
AV: 00:04:30 / 00:22:10 (20%) A-V:  3.654 ct:  6.622 Dropped: 151 Cache: 850s/500MB
AV: 00:04:30 / 00:22:10 (20%) A-V:  3.647 ct:  6.628 Dropped: 151 Cache: 850s/500MB
AV: 00:04:30 / 00:22:10 (20%) A-V:  3.640 ct:  6.635 Dropped: 151 Cache: 850s/500MB
AV: 00:04:30 / 00:22:10 (20%) A-V:  3.634 ct:  6.642 Dropped: 151 Cache: 851s/500MB
AV: 00:04:30 / 00:22:10 (20%) A-V:  3.636 ct:  6.648 Dropped: 152 Cache: 851s/500MB
AV: 00:04:30 / 00:22:10 (20%) A-V:  3.621 ct:  6.655 Dropped: 153 Cache: 851s/500MB
AV: 00:04:30 / 00:22:10 (20%) A-V:  3.613 ct:  6.662 Dropped: 153 Cache: 851s/500MB
AV: 00:04:30 / 00:22:10 (20%) A-V:  3.607 ct:  6.668 Dropped: 153 Cache: 851s/500MB
AV: 00:04:30 / 00:22:10 (20%) A-V:  3.602 ct:  6.675 Dropped: 153 Cache: 851s/500MB
AV: 00:04:30 / 00:22:10 (20%) A-V:  3.602 ct:  6.682 Dropped: 154 Cache: 851s/500MB
AV: 00:04:30 / 00:22:10 (20%) A-V:  3.587 ct:  6.688 Dropped: 155 Cache: 851s/500MB
AV: 00:04:30 / 00:22:10 (20%) A-V:  3.580 ct:  6.695 Dropped: 155 Cache: 851s/500MB
AV: 00:04:30 / 00:22:10 (20%) A-V:  3.573 ct:  6.702 Dropped: 155 Cache: 851s/500MB
AV: 00:04:30 / 00:22:10 (20%) A-V:  3.568 ct:  6.708 Dropped: 155 Cache: 851s/500MB
AV: 00:04:30 / 00:22:10 (20%) A-V:  3.570 ct:  6.715 Dropped: 156 Cache: 851s/500MB
AV: 00:04:30 / 00:22:10 (20%) A-V:  3.555 ct:  6.722 Dropped: 157 Cache: 851s/500MB
AV: 00:04:30 / 00:22:10 (20%) A-V:  3.547 ct:  6.728 Dropped: 157 Cache: 851s/500MB
AV: 00:04:30 / 00:22:10 (20%) A-V:  3.540 ct:  6.735 Dropped: 157 Cache: 851s/500MB
AV: 00:04:30 / 00:22:10 (20%) A-V:  3.535 ct:  6.742 Dropped: 157 Cache: 851s/500MB
AV: 00:04:30 / 00:22:10 (20%) A-V:  3.536 ct:  6.748 Dropped: 158 Cache: 852s/500MB
AV: 00:04:30 / 00:22:10 (20%) A-V:  3.521 ct:  6.755 Dropped: 159 Cache: 852s/500MB
AV: 00:04:30 / 00:22:10 (20%) A-V:  3.513 ct:  6.762 Dropped: 159 Cache: 852s/500MB
AV: 00:04:35 / 00:22:10 (21%) A-V:  0.000 Dropped: 1 Cache: 782s/500MB
AV: 00:04:30 / 00:22:10 (20%) A-V:  3.507 ct:  6.768 Dropped: 159 Cache: 852s/500MB
AV: 00:04:30 / 00:22:10 (20%) A-V:  3.501 ct:  6.775 Dropped: 159 Cache: 852s/500MB
AV: 00:04:30 / 00:22:10 (20%) A-V:  3.505 ct:  6.782 Dropped: 160 Cache: 852s/499MB
AV: 00:04:30 / 00:22:10 (20%) A-V:  3.492 ct:  6.788 Dropped: 161 Cache: 852s/500MB
AV: 00:04:30 / 00:22:10 (20%) A-V:  3.480 ct:  6.795 Dropped: 161 Cache: 852s/500MB
AV: 00:04:30 / 00:22:10 (20%) A-V:  3.473 ct:  6.802 Dropped: 161 Cache: 852s/500MB
AV: 00:04:30 / 00:22:10 (20%) A-V:  3.469 ct:  6.808 Dropped: 161 Cache: 852s/500MB
AV: 00:04:30 / 00:22:10 (20%) A-V:  3.470 ct:  6.815 Dropped: 162 Cache: 853s/500MB
AV: 00:04:30 / 00:22:10 (20%) A-V:  3.455 ct:  6.822 Dropped: 163 Cache: 853s/500MB
AV: 00:04:30 / 00:22:10 (20%) A-V:  3.447 ct:  6.828 Dropped: 163 Cache: 853s/500MB
AV: 00:04:30 / 00:22:10 (20%) A-V:  3.440 ct:  6.835 Dropped: 163 Cache: 853s/500MB
AV: 00:04:30 / 00:22:10 (20%) A-V:  3.434 ct:  6.842 Dropped: 163 Cache: 853s/500MB
AV: 00:04:30 / 00:22:10 (20%) A-V:  3.435 ct:  6.848 Dropped: 164 Cache: 853s/500MB
AV: 00:04:30 / 00:22:10 (20%) A-V:  3.424 ct:  6.855 Dropped: 165 Cache: 854s/500MB
AV: 00:04:30 / 00:22:10 (20%) A-V:  3.413 ct:  6.862 Dropped: 165 Cache: 854s/500MB
AV: 00:04:30 / 00:22:10 (20%) A-V:  3.407 ct:  6.868 Dropped: 165 Cache: 854s/500MB
AV: 00:04:30 / 00:22:10 (20%) A-V:  3.402 ct:  6.875 Dropped: 165 Cache: 854s/500MB
AV: 00:04:31 / 00:22:10 (20%) A-V:  3.404 ct:  6.882 Dropped: 166 Cache: 854s/500MB
AV: 00:04:31 / 00:22:10 (20%) A-V:  3.393 ct:  6.888 Dropped: 167 Cache: 854s/500MB
AV: 00:04:31 / 00:22:10 (20%) A-V:  3.380 ct:  6.895 Dropped: 167 Cache: 854s/500MB
AV: 00:04:31 / 00:22:10 (20%) A-V:  3.373 ct:  6.902 Dropped: 167 Cache: 854s/500MB
AV: 00:04:31 / 00:22:10 (20%) A-V:  3.368 ct:  6.908 Dropped: 167 Cache: 854s/500MB
AV: 00:04:31 / 00:22:10 (20%) A-V:  3.370 ct:  6.915 Dropped: 168 Cache: 854s/500MB
AV: 00:04:31 / 00:22:10 (20%) A-V:  3.355 ct:  6.922 Dropped: 169 Cache: 855s/500MB
AV: 00:04:31 / 00:22:10 (20%) A-V:  3.347 ct:  6.928 Dropped: 169 Cache: 855s/500MB
AV: 00:04:31 / 00:22:10 (20%) A-V:  3.340 ct:  6.935 Dropped: 169 Cache: 855s/500MB
AV: 00:04:31 / 00:22:10 (20%) A-V:  3.335 ct:  6.942 Dropped: 169 Cache: 855s/500MB
AV: 00:04:31 / 00:22:10 (20%) A-V:  3.336 ct:  6.948 Dropped: 170 Cache: 855s/500MB
AV: 00:04:31 / 00:22:10 (20%) A-V:  3.320 ct:  6.955 Dropped: 171 Cache: 855s/500MB
AV: 00:04:31 / 00:22:10 (20%) A-V:  3.313 ct:  6.962 Dropped: 171 Cache: 856s/500MB
AV: 00:04:31 / 00:22:10 (20%) A-V:  3.307 ct:  6.968 Dropped: 171 Cache: 856s/500MB
AV: 00:04:31 / 00:22:10 (20%) A-V:  3.301 ct:  6.975 Dropped: 171 Cache: 857s/500MB
AV: 00:04:31 / 00:22:10 (20%) A-V:  3.305 ct:  6.982 Dropped: 172 Cache: 857s/500MB
AV: 00:04:31 / 00:22:10 (20%) A-V:  3.291 ct:  6.988 Dropped: 173 Cache: 857s/500MB
AV: 00:04:31 / 00:22:10 (20%) A-V:  3.280 ct:  6.995 Dropped: 173 Cache: 857s/500MB
AV: 00:04:31 / 00:22:10 (20%) A-V:  3.273 ct:  7.002 Dropped: 173 Cache: 857s/500MB
AV: 00:04:31 / 00:22:10 (20%) A-V:  3.269 ct:  7.008 Dropped: 173 Cache: 857s/500MB
AV: 00:04:31 / 00:22:10 (20%) A-V:  3.269 ct:  7.015 Dropped: 174 Cache: 857s/500MB
AV: 00:04:31 / 00:22:10 (20%) A-V:  3.254 ct:  7.022 Dropped: 175 Cache: 857s/500MB
AV: 00:04:31 / 00:22:10 (20%) A-V:  3.247 ct:  7.028 Dropped: 175 Cache: 857s/500MB
AV: 00:04:31 / 00:22:10 (20%) A-V:  3.240 ct:  7.035 Dropped: 175 Cache: 857s/500MB
AV: 00:04:31 / 00:22:10 (20%) A-V:  3.235 ct:  7.042 Dropped: 175 Cache: 857s/500MB
AV: 00:04:31 / 00:22:10 (20%) A-V:  3.236 ct:  7.048 Dropped: 176 Cache: 857s/500MB
AV: 00:04:31 / 00:22:10 (20%) A-V:  3.221 ct:  7.055 Dropped: 177 Cache: 857s/500MB
AV: 00:04:31 / 00:22:10 (20%) A-V:  3.213 ct:  7.062 Dropped: 177 Cache: 857s/500MB
AV: 00:04:31 / 00:22:10 (20%) A-V:  3.207 ct:  7.068 Dropped: 177 Cache: 858s/500MB
AV: 00:04:31 / 00:22:10 (20%) A-V:  3.204 ct:  7.075 Dropped: 177 Cache: 858s/500MB
AV: 00:04:31 / 00:22:10 (20%) A-V:  3.203 ct:  7.082 Dropped: 178 Cache: 858s/500MB
AV: 00:04:31 / 00:22:10 (20%) A-V:  3.192 ct:  7.088 Dropped: 179 Cache: 858s/500MB
AV: 00:04:31 / 00:22:10 (20%) A-V:  3.180 ct:  7.095 Dropped: 179 Cache: 858s/500MB
Using hardware decoding (nvdec).
AV: 00:04:35 / 00:22:10 (21%) A-V:  0.000 ct:  5.021 Cache: 914s/500MB
AV: 00:04:31 / 00:22:10 (20%) A-V:  3.173 ct:  7.102 Dropped: 179 Cache: 859s/500MB
AV: 00:04:31 / 00:22:10 (20%) A-V:  3.168 ct:  7.108 Dropped: 179 Cache: 858s/500MB
AV: 00:04:31 / 00:22:10 (20%) A-V:  3.169 ct:  7.115 Dropped: 180 Cache: 858s/500MB
AV: 00:04:31 / 00:22:10 (20%) A-V:  3.154 ct:  7.122 Dropped: 181 Cache: 859s/500MB
AV: 00:04:31 / 00:22:10 (20%) A-V:  3.147 ct:  7.128 Dropped: 181 Cache: 859s/500MB
AV: 00:04:31 / 00:22:10 (20%) A-V:  3.140 ct:  7.135 Dropped: 181 Cache: 859s/500MB
AV: 00:04:31 / 00:22:10 (20%) A-V:  3.135 ct:  7.142 Dropped: 181 Cache: 859s/500MB
AV: 00:04:31 / 00:22:10 (20%) A-V:  3.136 ct:  7.148 Dropped: 182 Cache: 859s/500MB
AV: 00:04:31 / 00:22:10 (20%) A-V:  3.122 ct:  7.155 Dropped: 183 Cache: 859s/500MB
AV: 00:04:31 / 00:22:10 (20%) A-V:  3.113 ct:  7.162 Dropped: 183 Cache: 859s/500MB
AV: 00:04:31 / 00:22:10 (20%) A-V:  3.107 ct:  7.168 Dropped: 183 Cache: 859s/500MB
AV: 00:04:31 / 00:22:10 (20%) A-V:  3.105 ct:  7.175 Dropped: 183 Cache: 860s/500MB
AV: 00:04:31 / 00:22:10 (20%) A-V:  3.102 ct:  7.182 Dropped: 184 Cache: 860s/500MB
AV: 00:04:31 / 00:22:10 (20%) A-V:  3.092 ct:  7.188 Dropped: 185 Cache: 861s/500MB
AV: 00:04:31 / 00:22:10 (20%) A-V:  3.080 ct:  7.195 Dropped: 185 Cache: 861s/500MB
AV: 00:04:31 / 00:22:10 (20%) A-V:  3.073 ct:  7.202 Dropped: 185 Cache: 861s/500MB
AV: 00:04:35 / 00:22:10 (21%) A-V:  0.171 ct:  5.021 Cache: 915s/500MB
AV: 00:04:31 / 00:22:10 (20%) A-V:  3.068 ct:  7.208 Dropped: 185 Cache: 861s/500MB
VO: [gpu] 3840x2160 cuda[nv12]
AV: 00:04:35 / 00:22:10 (21%) A-V:  0.171 ct:  5.021 Cache: 915s/500MB
AV: 00:04:31 / 00:22:10 (20%) A-V:  3.072 ct:  7.215 Dropped: 186 Cache: 861s/500MB
AV: 00:04:31 / 00:22:10 (20%) A-V:  3.055 ct:  7.222 Dropped: 187 Cache: 861s/500MB
AV: 00:04:31 / 00:22:10 (20%) A-V:  3.047 ct:  7.228 Dropped: 187 Cache: 861s/500MB
AV: 00:04:36 / 00:22:10 (21%) A-V:  0.000 ct:  8.021 Dropped: 16 Cache: 911s/500MB
AV: 00:04:31 / 00:22:10 (20%) A-V:  3.040 ct:  7.235 Dropped: 187 Cache: 861s/500MB
AV: 00:04:35 / 00:22:10 (21%) A-V:  0.178 ct:  5.021 Cache: 915s/500MB
AV: 00:04:36 / 00:22:10 (21%) A-V:  0.163 ct:  5.021 Cache: 915s/500MB
AV: 00:04:36 / 00:22:10 (21%) A-V:  0.147 ct:  5.021 Dropped: 1 Cache: 915s/500MB
AV: 00:04:36 / 00:22:10 (21%) A-V:  0.136 ct:  5.021 Dropped: 2 Cache: 915s/500MB
[dbx] New chapter 22 
AV: 00:04:36 / 00:22:10 (21%) A-V:  0.136 ct:  5.021 Dropped: 2 Cache: 915s/500MB
[dbx] Metadata  
AV: 00:04:36 / 00:22:10 (21%) A-V:  0.136 ct:  5.021 Dropped: 2 Cache: 915s/500MB
[dbx] chapter time is  276 
AV: 00:04:36 / 00:22:10 (21%) A-V:  0.136 ct:  5.021 Dropped: 2 Cache: 915s/500MB
[dbx] Chapter Length is  18 
AV: 00:04:36 / 00:22:10 (21%) A-V:  0.136 ct:  5.021 Dropped: 2 Cache: 915s/500MB
[dbx] record_number was  23 
AV: 00:04:36 / 00:22:10 (21%) A-V:  0.136 ct:  5.021 Dropped: 2 Cache: 915s/500MB
AV: 00:04:36 / 00:22:10 (21%) A-V:  0.121 ct:  5.021 Dropped: 3 Cache: 915s/500MB
AV: 00:04:36 / 00:22:10 (21%) A-V:  0.107 ct:  5.021 Dropped: 4 Cache: 915s/500MB
AV: 00:04:31 / 00:22:10 (20%) A-V:  3.038 ct:  7.242 Dropped: 187 Cache: 861s/500MB
AV: 00:04:36 / 00:22:10 (21%) A-V:  0.096 ct:  5.021 Dropped: 5 Cache: 915s/500MB
AV: 00:04:36 / 00:22:10 (21%) A-V:  0.083 ct:  5.021 Dropped: 6 Cache: 915s/500MB
AV: 00:04:36 / 00:22:10 (21%) A-V:  0.069 ct:  5.021 Dropped: 7 Cache: 915s/500MB
AV: 00:04:36 / 00:22:10 (21%) A-V:  0.052 ct:  5.021 Dropped: 8 Cache: 915s/500MB
AV: 00:04:36 / 00:22:10 (21%) A-V:  0.037 ct:  5.021 Dropped: 9 Cache: 915s/500MB
AV: 00:04:31 / 00:22:10 (20%) A-V:  3.035 ct:  7.248 Dropped: 188 Cache: 861s/500MB
AV: 00:04:36 / 00:22:10 (21%) A-V:  0.023 ct:  5.021 Dropped: 10 Cache: 915s/500MB
AV: 00:04:31 / 00:22:10 (20%) A-V:  3.021 ct:  7.255 Dropped: 188 Cache: 861s/500MB
AV: 00:04:36 / 00:22:10 (21%) A-V:  0.009 ct:  5.021 Dropped: 11 Cache: 915s/500MB
AV: 00:04:36 / 00:22:10 (21%) A-V:  0.000 ct:  5.021 Dropped: 12 Cache: 915s/500MB
AV: 00:04:31 / 00:22:10 (20%) A-V:  3.019 ct:  7.262 Dropped: 188 Cache: 861s/500MB
AV: 00:04:31 / 00:22:10 (20%) A-V:  3.019 ct:  7.268 Dropped: 189 Cache: 861s/500MB
AV: 00:04:31 / 00:22:10 (20%) A-V:  3.002 ct:  7.275 Dropped: 190 Cache: 861s/500MB
AV: 00:04:32 / 00:22:10 (20%) A-V:  2.993 ct:  7.282 Dropped: 190 Cache: 862s/500MB
AV: 00:04:32 / 00:22:10 (20%) A-V:  2.988 ct:  7.288 Dropped: 190 Cache: 862s/500MB
AV: 00:04:32 / 00:22:10 (20%) A-V:  2.986 ct:  7.295 Dropped: 191 Cache: 862s/500MB
AV: 00:04:32 / 00:22:10 (20%) A-V:  2.973 ct:  7.302 Dropped: 191 Cache: 862s/500MB
AV: 00:04:32 / 00:22:10 (20%) A-V:  2.970 ct:  7.308 Dropped: 191 Cache: 862s/500MB
AV: 00:04:32 / 00:22:10 (20%) A-V:  2.968 ct:  7.315 Dropped: 192 Cache: 862s/500MB
AV: 00:04:32 / 00:22:10 (20%) A-V:  2.953 ct:  7.322 Dropped: 192 Cache: 862s/500MB
AV: 00:04:35 / 00:22:10 (21%) A-V:  0.000 Dropped: 1 Cache: 781s/500MB
AV: 00:04:32 / 00:22:10 (20%) A-V:  2.953 ct:  7.328 Dropped: 192 Cache: 862s/500MB
AV: 00:04:32 / 00:22:10 (20%) A-V:  2.952 ct:  7.335 Dropped: 193 Cache: 862s/500MB
AV: 00:04:32 / 00:22:10 (20%) A-V:  2.938 ct:  7.342 Dropped: 194 Cache: 862s/500MB
AV: 00:04:35 / 00:22:10 (21%) A-V:  0.000 Dropped: 1 Cache: 782s/500MB
AV: 00:04:32 / 00:22:10 (20%) A-V:  2.927 ct:  7.348 Dropped: 194 Cache: 862s/500MB
AV: 00:04:32 / 00:22:10 (20%) A-V:  2.922 ct:  7.355 Dropped: 194 Cache: 862s/500MB
AV: 00:04:35 / 00:22:10 (21%) A-V:  0.000 Dropped: 1 Cache: 781s/500MB
AV: 00:04:32 / 00:22:10 (20%) A-V:  2.919 ct:  7.362 Dropped: 195 Cache: 862s/500MB
AV: 00:04:32 / 00:22:10 (20%) A-V:  2.907 ct:  7.368 Dropped: 195 Cache: 862s/500MB
AV: 00:04:32 / 00:22:10 (20%) A-V:  2.902 ct:  7.375 Dropped: 195 Cache: 862s/500MB
AV: 00:04:35 / 00:22:10 (21%) A-V:  0.000 Dropped: 1 Cache: 782s/500MB
AV: 00:04:32 / 00:22:10 (20%) A-V:  2.902 ct:  7.382 Dropped: 196 Cache: 862s/500MB
AV: 00:04:32 / 00:22:10 (20%) A-V:  2.894 ct:  7.388 Dropped: 197 Cache: 862s/500MB
AV: 00:04:32 / 00:22:10 (20%) A-V:  2.880 ct:  7.395 Dropped: 197 Cache: 862s/500MB
AV: 00:04:32 / 00:22:10 (20%) A-V:  2.873 ct:  7.402 Dropped: 197 Cache: 862s/500MB
AV: 00:04:32 / 00:22:10 (20%) A-V:  2.868 ct:  7.408 Dropped: 197 Cache: 862s/500MB
AV: 00:04:35 / 00:22:10 (21%) A-V:  0.000 Dropped: 1 Cache: 781s/500MB
AV: 00:04:32 / 00:22:10 (20%) A-V:  2.870 ct:  7.415 Dropped: 198 Cache: 862s/500MB
AV: 00:04:32 / 00:22:10 (20%) A-V:  2.855 ct:  7.422 Dropped: 199 Cache: 862s/500MB
AV: 00:04:32 / 00:22:10 (20%) A-V:  2.847 ct:  7.428 Dropped: 199 Cache: 862s/500MB
AV: 00:04:36 / 00:22:10 (21%) A-V:  0.000 Dropped: 1 Cache: 781s/500MB
AV: 00:04:32 / 00:22:10 (20%) A-V:  2.840 ct:  7.435 Dropped: 199 Cache: 862s/500MB
AV: 00:04:32 / 00:22:10 (20%) A-V:  2.836 ct:  7.442 Dropped: 199 Cache: 862s/500MB
AV: 00:04:32 / 00:22:10 (20%) A-V:  2.837 ct:  7.448 Dropped: 200 Cache: 862s/500MB
AV: 00:04:32 / 00:22:10 (20%) A-V:  2.825 ct:  7.455 Dropped: 201 Cache: 863s/500MB
AV: 00:04:32 / 00:22:10 (20%) A-V:  2.813 ct:  7.462 Dropped: 201 Cache: 863s/500MB
AV: 00:04:32 / 00:22:10 (20%) A-V:  2.807 ct:  7.468 Dropped: 201 Cache: 863s/500MB
AV: 00:04:32 / 00:22:10 (20%) A-V:  2.801 ct:  7.475 Dropped: 201 Cache: 863s/500MB
AV: 00:04:32 / 00:22:10 (20%) A-V:  2.803 ct:  7.482 Dropped: 202 Cache: 863s/500MB
AV: 00:04:32 / 00:22:10 (20%) A-V:  2.787 ct:  7.488 Dropped: 203 Cache: 863s/500MB
AV: 00:04:32 / 00:22:10 (20%) A-V:  2.780 ct:  7.495 Dropped: 203 Cache: 864s/500MB
AV: 00:04:32 / 00:22:10 (20%) A-V:  2.773 ct:  7.502 Dropped: 203 Cache: 864s/500MB
AV: 00:04:32 / 00:22:10 (20%) A-V:  2.769 ct:  7.508 Dropped: 203 Cache: 864s/500MB
AV: 00:04:32 / 00:22:10 (20%) A-V:  2.770 ct:  7.515 Dropped: 204 Cache: 864s/500MB
AV: 00:04:32 / 00:22:10 (20%) A-V:  2.754 ct:  7.522 Dropped: 205 Cache: 864s/500MB
AV: 00:04:32 / 00:22:10 (20%) A-V:  2.747 ct:  7.528 Dropped: 205 Cache: 864s/500MB
AV: 00:04:32 / 00:22:10 (20%) A-V:  2.740 ct:  7.535 Dropped: 205 Cache: 864s/500MB
AV: 00:04:32 / 00:22:10 (21%) A-V:  2.735 ct:  7.542 Dropped: 205 Cache: 864s/500MB
AV: 00:04:32 / 00:22:10 (21%) A-V:  2.738 ct:  7.548 Dropped: 206 Cache: 865s/500MB
AV: 00:04:32 / 00:22:10 (21%) A-V:  2.724 ct:  7.555 Dropped: 207 Cache: 865s/500MB
AV: 00:04:32 / 00:22:10 (21%) A-V:  2.713 ct:  7.562 Dropped: 207 Cache: 865s/500MB
AV: 00:04:32 / 00:22:10 (21%) A-V:  2.707 ct:  7.568 Dropped: 207 Cache: 865s/500MB
AV: 00:04:32 / 00:22:10 (21%) A-V:  2.702 ct:  7.575 Dropped: 207 Cache: 865s/500MB
AV: 00:04:32 / 00:22:10 (21%) A-V:  2.703 ct:  7.582 Dropped: 208 Cache: 865s/500MB
AV: 00:04:32 / 00:22:10 (21%) A-V:  2.691 ct:  7.588 Dropped: 209 Cache: 865s/500MB
AV: 00:04:32 / 00:22:10 (21%) A-V:  2.680 ct:  7.595 Dropped: 209 Cache: 865s/500MB
AV: 00:04:32 / 00:22:10 (21%) A-V:  2.677 ct:  7.602 Dropped: 209 Cache: 866s/500MB
AV: 00:04:32 / 00:22:10 (21%) A-V:  2.670 ct:  7.608 Dropped: 209 Cache: 866s/500MB
AV: 00:04:32 / 00:22:10 (21%) A-V:  2.670 ct:  7.615 Dropped: 210 Cache: 866s/500MB
AV: 00:04:32 / 00:22:10 (21%) A-V:  2.655 ct:  7.622 Dropped: 211 Cache: 866s/500MB
AV: 00:04:32 / 00:22:10 (21%) A-V:  2.647 ct:  7.628 Dropped: 211 Cache: 866s/500MB
AV: 00:04:32 / 00:22:10 (21%) A-V:  2.640 ct:  7.635 Dropped: 211 Cache: 866s/500MB
AV: 00:04:32 / 00:22:10 (21%) A-V:  2.635 ct:  7.642 Dropped: 211 Cache: 866s/500MB
AV: 00:04:32 / 00:22:10 (21%) A-V:  2.639 ct:  7.648 Dropped: 212 Cache: 866s/500MB
AV: 00:04:32 / 00:22:10 (21%) A-V:  2.626 ct:  7.655 Dropped: 213 Cache: 866s/500MB
AV: 00:04:32 / 00:22:10 (21%) A-V:  2.613 ct:  7.662 Dropped: 213 Cache: 866s/500MB
AV: 00:04:32 / 00:22:10 (21%) A-V:  2.607 ct:  7.668 Dropped: 213 Cache: 866s/500MB
AV: 00:04:32 / 00:22:10 (21%) A-V:  2.602 ct:  7.675 Dropped: 213 Cache: 866s/500MB
AV: 00:04:33 / 00:22:10 (21%) A-V:  2.603 ct:  7.682 Dropped: 214 Cache: 866s/500MB
AV: 00:04:33 / 00:22:10 (21%) A-V:  2.587 ct:  7.688 Dropped: 215 Cache: 866s/500MB
AV: 00:04:33 / 00:22:10 (21%) A-V:  2.580 ct:  7.695 Dropped: 215 Cache: 868s/500MB
AV: 00:04:33 / 00:22:10 (21%) A-V:  2.573 ct:  7.702 Dropped: 215 Cache: 868s/500MB
AV: 00:04:33 / 00:22:10 (21%) A-V:  2.569 ct:  7.708 Dropped: 215 Cache: 868s/500MB
AV: 00:04:33 / 00:22:10 (21%) A-V:  2.570 ct:  7.715 Dropped: 216 Cache: 868s/500MB
AV: 00:04:33 / 00:22:10 (21%) A-V:  2.555 ct:  7.722 Dropped: 217 Cache: 868s/500MB
AV: 00:04:33 / 00:22:10 (21%) A-V:  2.547 ct:  7.728 Dropped: 217 Cache: 868s/500MB
AV: 00:04:33 / 00:22:10 (21%) A-V:  2.540 ct:  7.735 Dropped: 217 Cache: 868s/500MB
AV: 00:04:33 / 00:22:10 (21%) A-V:  2.535 ct:  7.742 Dropped: 217 Cache: 868s/500MB
AV: 00:04:33 / 00:22:10 (21%) A-V:  2.537 ct:  7.748 Dropped: 218 Cache: 868s/500MB
AV: 00:04:33 / 00:22:10 (21%) A-V:  2.522 ct:  7.755 Dropped: 219 Cache: 868s/500MB
AV: 00:04:33 / 00:22:10 (21%) A-V:  2.513 ct:  7.762 Dropped: 219 Cache: 868s/499MB
AV: 00:04:33 / 00:22:10 (21%) A-V:  2.507 ct:  7.768 Dropped: 219 Cache: 868s/499MB
AV: 00:04:37 / 00:22:10 (21%) A-V:  0.000 ct:  5.021 Dropped: 12 Cache: 915s/500MB
AV: 00:04:33 / 00:22:10 (21%) A-V:  2.502 ct:  7.775 Dropped: 219 Cache: 868s/500MB
AV: 00:04:33 / 00:22:10 (21%) A-V:  2.503 ct:  7.782 Dropped: 220 Cache: 868s/500MB
AV: 00:04:33 / 00:22:10 (21%) A-V:  2.490 ct:  7.788 Dropped: 221 Cache: 868s/500MB
AV: 00:04:33 / 00:22:10 (21%) A-V:  2.480 ct:  7.795 Dropped: 221 Cache: 868s/500MB
AV: 00:04:33 / 00:22:10 (21%) A-V:  2.476 ct:  7.802 Dropped: 221 Cache: 868s/500MB
AV: 00:04:33 / 00:22:10 (21%) A-V:  2.469 ct:  7.808 Dropped: 221 Cache: 868s/500MB
AV: 00:04:33 / 00:22:10 (21%) A-V:  2.470 ct:  7.815 Dropped: 222 Cache: 868s/500MB
AV: 00:04:33 / 00:22:10 (21%) A-V:  2.455 ct:  7.822 Dropped: 223 Cache: 868s/500MB
AV: 00:04:33 / 00:22:10 (21%) A-V:  2.447 ct:  7.828 Dropped: 223 Cache: 868s/500MB
AV: 00:04:33 / 00:22:10 (21%) A-V:  2.440 ct:  7.835 Dropped: 223 Cache: 868s/500MB
AV: 00:04:33 / 00:22:10 (21%) A-V:  2.436 ct:  7.842 Dropped: 223 Cache: 868s/500MB
AV: 00:04:33 / 00:22:10 (21%) A-V:  2.436 ct:  7.848 Dropped: 224 Cache: 868s/500MB
AV: 00:04:33 / 00:22:10 (21%) A-V:  2.421 ct:  7.855 Dropped: 225 Cache: 868s/500MB
AV: 00:04:33 / 00:22:10 (21%) A-V:  2.413 ct:  7.862 Dropped: 225 Cache: 868s/500MB
AV: 00:04:33 / 00:22:10 (21%) A-V:  2.407 ct:  7.868 Dropped: 225 Cache: 868s/500MB
AV: 00:04:33 / 00:22:10 (21%) A-V:  2.402 ct:  7.875 Dropped: 225 Cache: 868s/500MB
AV: 00:04:33 / 00:22:10 (21%) A-V:  2.403 ct:  7.882 Dropped: 226 Cache: 868s/500MB
AV: 00:04:33 / 00:22:10 (21%) A-V:  2.390 ct:  7.888 Dropped: 227 Cache: 868s/500MB
AV: 00:04:33 / 00:22:10 (21%) A-V:  2.380 ct:  7.895 Dropped: 227 Cache: 868s/500MB
AV: 00:04:37 / 00:22:10 (21%) A-V:  0.000 ct:  8.021 Dropped: 16 Cache: 911s/500MB
AV: 00:04:33 / 00:22:10 (21%) A-V:  2.373 ct:  7.902 Dropped: 227 Cache: 868s/500MB
AV: 00:04:33 / 00:22:10 (21%) A-V:  2.375 ct:  7.908 Dropped: 227 Cache: 868s/500MB
AV: 00:04:33 / 00:22:10 (21%) A-V:  2.370 ct:  7.915 Dropped: 228 Cache: 868s/500MB
AV: 00:04:33 / 00:22:10 (21%) A-V:  2.355 ct:  7.922 Dropped: 229 Cache: 868s/500MB
AV: 00:04:33 / 00:22:10 (21%) A-V:  2.347 ct:  7.928 Dropped: 229 Cache: 868s/500MB
AV: 00:04:33 / 00:22:10 (21%) A-V:  2.340 ct:  7.935 Dropped: 229 Cache: 868s/500MB
AV: 00:04:33 / 00:22:10 (21%) A-V:  2.335 ct:  7.942 Dropped: 229 Cache: 868s/500MB
AV: 00:04:33 / 00:22:10 (21%) A-V:  2.337 ct:  7.948 Dropped: 230 Cache: 868s/500MB
AV: 00:04:33 / 00:22:10 (21%) A-V:  2.320 ct:  7.955 Dropped: 231 Cache: 868s/500MB
AV: 00:04:33 / 00:22:10 (21%) A-V:  2.313 ct:  7.962 Dropped: 231 Cache: 868s/500MB
AV: 00:04:33 / 00:22:10 (21%) A-V:  2.307 ct:  7.968 Dropped: 231 Cache: 868s/500MB
AV: 00:04:33 / 00:22:10 (21%) A-V:  2.302 ct:  7.975 Dropped: 231 Cache: 868s/500MB
AV: 00:04:33 / 00:22:10 (21%) A-V:  2.301 ct:  7.982 Dropped: 232 Cache: 868s/500MB
AV: 00:04:33 / 00:22:10 (21%) A-V:  2.291 ct:  7.988 Dropped: 232 Cache: 868s/500MB
AV: 00:04:33 / 00:22:10 (21%) A-V:  2.286 ct:  7.995 Dropped: 233 Cache: 868s/500MB
AV: 00:04:33 / 00:22:10 (21%) A-V:  2.273 ct:  8.002 Dropped: 233 Cache: 868s/500MB
AV: 00:04:33 / 00:22:10 (21%) A-V:  2.268 ct:  8.008 Dropped: 233 Cache: 868s/500MB
AV: 00:04:33 / 00:22:10 (21%) A-V:  2.270 ct:  8.015 Dropped: 234 Cache: 868s/500MB
AV: 00:04:33 / 00:22:10 (21%) A-V:  2.255 ct:  8.022 Dropped: 235 Cache: 868s/500MB
AV: 00:04:33 / 00:22:10 (21%) A-V:  2.247 ct:  8.028 Dropped: 235 Cache: 868s/500MB
AV: 00:04:33 / 00:22:10 (21%) A-V:  2.240 ct:  8.035 Dropped: 235 Cache: 868s/500MB
AV: 00:04:33 / 00:22:10 (21%) A-V:  2.235 ct:  8.042 Dropped: 235 Cache: 868s/500MB
AV: 00:04:33 / 00:22:10 (21%) A-V:  2.243 ct:  8.048 Dropped: 236 Cache: 868s/500MB
AV: 00:04:33 / 00:22:10 (21%) A-V:  2.230 ct:  8.055 Dropped: 237 Cache: 868s/500MB
AV: 00:04:33 / 00:22:10 (21%) A-V:  2.213 ct:  8.062 Dropped: 238 Cache: 868s/500MB
AV: 00:04:37 / 00:22:10 (21%) A-V:  0.000 Dropped: 1 Cache: 781s/500MB
Using hardware decoding (nvdec).
AV: 00:04:33 / 00:22:10 (21%) A-V:  2.213 ct:  8.062 Dropped: 238 Cache: 868s/500MB
AV: 00:04:33 / 00:22:10 (21%) A-V:  2.260 ct:  8.068 Dropped: 238 Cache: 868s/500MB
VO: [gpu] 640x360 cuda[nv12]
AV: 00:04:33 / 00:22:10 (21%) A-V:  2.260 ct:  8.068 Dropped: 238 Cache: 868s/500MB
AV: 00:04:33 / 00:22:10 (21%) A-V:  2.268 ct:  8.079 Cache: 868s/500MB
AV: 00:04:34 / 00:22:10 (21%) A-V:  2.235 ct:  8.093 Cache: 868s/500MB
[dbx] New chapter 23 
AV: 00:04:34 / 00:22:10 (21%) A-V:  2.235 ct:  8.093 Cache: 868s/500MB
[dbx] Metadata  
AV: 00:04:34 / 00:22:10 (21%) A-V:  2.235 ct:  8.093 Cache: 868s/500MB
[dbx] chapter time is  274 
AV: 00:04:34 / 00:22:10 (21%) A-V:  2.235 ct:  8.093 Cache: 868s/500MB
[dbx] Chapter Length is  10 
AV: 00:04:34 / 00:22:10 (21%) A-V:  2.235 ct:  8.093 Cache: 868s/500MB
[dbx] record_number was  24 
AV: 00:04:34 / 00:22:10 (21%) A-V:  2.235 ct:  8.093 Cache: 868s/500MB
AV: 00:04:34 / 00:22:10 (21%) A-V:  2.203 ct:  8.106 Dropped: 1 Cache: 868s/500MB
AV: 00:04:34 / 00:22:10 (21%) A-V:  2.170 ct:  8.119 Dropped: 2 Cache: 868s/500MB
AV: 00:04:34 / 00:22:10 (21%) A-V:  2.142 ct:  8.133 Dropped: 2 Cache: 868s/500MB
AV: 00:04:34 / 00:22:10 (21%) A-V:  2.129 ct:  8.146 Dropped: 2 Cache: 868s/500MB
AV: 00:04:34 / 00:22:10 (21%) A-V:  2.116 ct:  8.159 Dropped: 2 Cache: 868s/500MB
AV: 00:04:34 / 00:22:10 (21%) A-V:  2.102 ct:  8.173 Dropped: 2 Cache: 868s/500MB
AV: 00:04:34 / 00:22:10 (21%) A-V:  2.089 ct:  8.186 Dropped: 2 Cache: 868s/500MB
AV: 00:04:34 / 00:22:10 (21%) A-V:  2.075 ct:  8.199 Dropped: 2 Cache: 868s/500MB
AV: 00:04:34 / 00:22:10 (21%) A-V:  2.062 ct:  8.213 Dropped: 2 Cache: 868s/500MB
AV: 00:04:34 / 00:22:10 (21%) A-V:  2.049 ct:  8.226 Dropped: 2 Cache: 868s/500MB
AV: 00:04:34 / 00:22:10 (21%) A-V:  2.035 ct:  8.240 Dropped: 2 Cache: 868s/500MB
AV: 00:04:34 / 00:22:10 (21%) A-V:  2.022 ct:  8.253 Dropped: 2 Cache: 868s/500MB
AV: 00:04:34 / 00:22:10 (21%) A-V:  2.009 ct:  8.266 Dropped: 2 Cache: 868s/500MB
AV: 00:04:34 / 00:22:10 (21%) A-V:  1.995 ct:  8.280 Dropped: 2 Cache: 868s/500MB
AV: 00:04:37 / 00:22:10 (21%) A-V:  0.000 ct:  5.021 Dropped: 12 Cache: 916s/500MB
AV: 00:04:34 / 00:22:10 (21%) A-V:  1.982 ct:  8.293 Dropped: 2 Cache: 868s/500MB
AV: 00:04:37 / 00:22:10 (21%) A-V:  0.000 ct:  5.021 Dropped: 12 Cache: 915s/500MB
AV: 00:04:37 / 00:22:10 (21%) A-V:  0.000 Dropped: 1 Cache: 780s/500MB
AV: 00:04:34 / 00:22:10 (21%) A-V:  1.969 ct:  8.306 Dropped: 2 Cache: 868s/500MB
AV: 00:04:37 / 00:22:10 (21%) A-V:  0.000 Dropped: 1 Cache: 781s/500MB
AV: 00:04:34 / 00:22:10 (21%) A-V:  1.955 ct:  8.320 Dropped: 2 Cache: 868s/500MB
AV: 00:04:34 / 00:22:10 (21%) A-V:  1.942 ct:  8.333 Dropped: 2 Cache: 868s/500MB
AV: 00:04:37 / 00:22:10 (21%) A-V:  0.000 Dropped: 1 Cache: 780s/500MB
AV: 00:04:34 / 00:22:10 (21%) A-V:  1.929 ct:  8.346 Dropped: 2 Cache: 868s/500MB
AV: 00:04:34 / 00:22:10 (21%) A-V:  1.915 ct:  8.360 Dropped: 2 Cache: 867s/500MB
AV: 00:04:34 / 00:22:10 (21%) A-V:  1.902 ct:  8.373 Dropped: 2 Cache: 867s/500MB
AV: 00:04:34 / 00:22:10 (21%) A-V:  1.889 ct:  8.386 Dropped: 2 Cache: 867s/500MB
AV: 00:04:34 / 00:22:10 (21%) A-V:  1.875 ct:  8.400 Dropped: 2 Cache: 867s/500MB
AV: 00:04:34 / 00:22:10 (21%) A-V:  1.862 ct:  8.413 Dropped: 2 Cache: 867s/500MB
AV: 00:04:34 / 00:22:10 (21%) A-V:  1.849 ct:  8.426 Dropped: 2 Cache: 867s/500MB
AV: 00:04:34 / 00:22:10 (21%) A-V:  1.835 ct:  8.440 Dropped: 2 Cache: 867s/500MB
AV: 00:04:34 / 00:22:10 (21%) A-V:  1.822 ct:  8.453 Dropped: 2 Cache: 867s/500MB
AV: 00:04:38 / 00:22:10 (21%) A-V:  0.000 ct:  5.021 Dropped: 12 Cache: 915s/500MB
AV: 00:04:34 / 00:22:10 (21%) A-V:  1.809 ct:  8.466 Dropped: 2 Cache: 867s/500MB
AV: 00:04:37 / 00:22:10 (21%) A-V:  0.000 ct:  8.021 Dropped: 16 Cache: 910s/500MB
AV: 00:04:34 / 00:22:10 (21%) A-V:  1.795 ct:  8.480 Dropped: 2 Cache: 867s/500MB
AV: 00:04:35 / 00:22:10 (21%) A-V:  1.782 ct:  8.493 Dropped: 2 Cache: 867s/500MB
AV: 00:04:35 / 00:22:10 (21%) A-V:  1.769 ct:  8.506 Dropped: 2 Cache: 867s/500MB
AV: 00:04:35 / 00:22:10 (21%) A-V:  1.755 ct:  8.520 Dropped: 2 Cache: 867s/500MB
AV: 00:04:35 / 00:22:10 (21%) A-V:  1.742 ct:  8.533 Dropped: 2 Cache: 867s/500MB
AV: 00:04:35 / 00:22:10 (21%) A-V:  1.728 ct:  8.546 Dropped: 2 Cache: 867s/500MB
AV: 00:04:35 / 00:22:10 (21%) A-V:  1.715 ct:  8.560 Dropped: 2 Cache: 867s/500MB
AV: 00:04:35 / 00:22:10 (21%) A-V:  1.702 ct:  8.573 Dropped: 2 Cache: 867s/500MB
AV: 00:04:35 / 00:22:10 (21%) A-V:  1.688 ct:  8.587 Dropped: 2 Cache: 867s/500MB
AV: 00:04:38 / 00:22:10 (21%) A-V:  0.000 ct:  8.021 Dropped: 16 Cache: 910s/500MB
AV: 00:04:35 / 00:22:10 (21%) A-V:  1.675 ct:  8.600 Dropped: 2 Cache: 867s/500MB
AV: 00:04:35 / 00:22:10 (21%) A-V:  1.662 ct:  8.613 Dropped: 2 Cache: 867s/500MB
AV: 00:04:35 / 00:22:10 (21%) A-V:  1.648 ct:  8.627 Dropped: 2 Cache: 867s/500MB
AV: 00:04:35 / 00:22:10 (21%) A-V:  1.635 ct:  8.640 Dropped: 2 Cache: 867s/500MB
AV: 00:04:35 / 00:22:10 (21%) A-V:  1.622 ct:  8.653 Dropped: 2 Cache: 867s/500MB
AV: 00:04:35 / 00:22:10 (21%) A-V:  1.608 ct:  8.667 Dropped: 2 Cache: 867s/500MB
AV: 00:04:35 / 00:22:10 (21%) A-V:  1.595 ct:  8.680 Dropped: 2 Cache: 867s/500MB
AV: 00:04:35 / 00:22:10 (21%) A-V:  1.582 ct:  8.693 Dropped: 2 Cache: 867s/500MB
AV: 00:04:35 / 00:22:10 (21%) A-V:  1.568 ct:  8.707 Dropped: 2 Cache: 867s/500MB
AV: 00:04:35 / 00:22:10 (21%) A-V:  1.555 ct:  8.720 Dropped: 2 Cache: 867s/500MB
AV: 00:04:35 / 00:22:10 (21%) A-V:  1.542 ct:  8.733 Dropped: 2 Cache: 867s/500MB
AV: 00:04:35 / 00:22:10 (21%) A-V:  1.528 ct:  8.747 Dropped: 2 Cache: 867s/500MB
AV: 00:04:35 / 00:22:10 (21%) A-V:  1.515 ct:  8.760 Dropped: 2 Cache: 867s/500MB
AV: 00:04:35 / 00:22:10 (21%) A-V:  1.502 ct:  8.773 Dropped: 2 Cache: 867s/500MB
AV: 00:04:38 / 00:22:10 (21%) A-V:  0.000 Dropped: 1 Cache: 780s/500MB
AV: 00:04:35 / 00:22:10 (21%) A-V:  1.488 ct:  8.787 Dropped: 2 Cache: 867s/500MB
AV: 00:04:35 / 00:22:10 (21%) A-V:  1.475 ct:  8.800 Dropped: 2 Cache: 867s/500MB
AV: 00:04:35 / 00:22:10 (21%) A-V:  1.462 ct:  8.813 Dropped: 2 Cache: 867s/500MB
AV: 00:04:35 / 00:22:10 (21%) A-V:  1.448 ct:  8.827 Dropped: 2 Cache: 867s/500MB
AV: 00:04:35 / 00:22:10 (21%) A-V:  1.435 ct:  8.840 Dropped: 2 Cache: 867s/500MB
AV: 00:04:35 / 00:22:10 (21%) A-V:  1.422 ct:  8.853 Dropped: 2 Cache: 867s/500MB
AV: 00:04:35 / 00:22:10 (21%) A-V:  1.408 ct:  8.867 Dropped: 2 Cache: 867s/500MB
AV: 00:04:35 / 00:22:10 (21%) A-V:  1.395 ct:  8.880 Dropped: 2 Cache: 867s/500MB
AV: 00:04:36 / 00:22:10 (21%) A-V:  1.381 ct:  8.894 Dropped: 2 Cache: 867s/500MB
AV: 00:04:36 / 00:22:10 (21%) A-V:  1.368 ct:  8.907 Dropped: 2 Cache: 867s/500MB
AV: 00:04:36 / 00:22:10 (21%) A-V:  1.355 ct:  8.920 Dropped: 2 Cache: 867s/500MB
AV: 00:04:36 / 00:22:10 (21%) A-V:  1.341 ct:  8.934 Dropped: 2 Cache: 867s/500MB
AV: 00:04:36 / 00:22:10 (21%) A-V:  1.328 ct:  8.947 Dropped: 2 Cache: 867s/500MB
AV: 00:04:36 / 00:22:10 (21%) A-V:  1.315 ct:  8.960 Dropped: 2 Cache: 867s/500MB
AV: 00:04:36 / 00:22:10 (21%) A-V:  1.301 ct:  8.974 Dropped: 2 Cache: 867s/500MB
AV: 00:04:36 / 00:22:10 (21%) A-V:  1.288 ct:  8.987 Dropped: 2 Cache: 867s/500MB
AV: 00:04:36 / 00:22:10 (21%) A-V:  1.275 ct:  9.000 Dropped: 2 Cache: 867s/500MB
AV: 00:04:36 / 00:22:10 (21%) A-V:  1.261 ct:  9.014 Dropped: 2 Cache: 867s/500MB
AV: 00:04:36 / 00:22:10 (21%) A-V:  1.248 ct:  9.027 Dropped: 2 Cache: 866s/500MB
AV: 00:04:36 / 00:22:10 (21%) A-V:  1.235 ct:  9.040 Dropped: 2 Cache: 866s/500MB
AV: 00:04:36 / 00:22:10 (21%) A-V:  1.221 ct:  9.054 Dropped: 2 Cache: 866s/500MB
AV: 00:04:36 / 00:22:10 (21%) A-V:  1.208 ct:  9.067 Dropped: 2 Cache: 866s/500MB
AV: 00:04:36 / 00:22:10 (21%) A-V:  1.195 ct:  9.080 Dropped: 2 Cache: 866s/500MB
AV: 00:04:36 / 00:22:10 (21%) A-V:  1.181 ct:  9.094 Dropped: 2 Cache: 866s/500MB
AV: 00:04:36 / 00:22:10 (21%) A-V:  1.168 ct:  9.107 Dropped: 2 Cache: 866s/500MB
AV: 00:04:38 / 00:22:10 (21%) A-V:  0.000 ct:  5.021 Dropped: 12 Cache: 916s/500MB
AV: 00:04:36 / 00:22:10 (21%) A-V:  1.155 ct:  9.120 Dropped: 2 Cache: 866s/500MB
AV: 00:04:36 / 00:22:10 (21%) A-V:  1.141 ct:  9.134 Dropped: 2 Cache: 866s/500MB
AV: 00:04:39 / 00:22:10 (21%) A-V:  0.000 ct:  5.021 Dropped: 12 Cache: 915s/500MB
AV: 00:04:36 / 00:22:10 (21%) A-V:  1.128 ct:  9.147 Dropped: 2 Cache: 866s/500MB
AV: 00:04:36 / 00:22:10 (21%) A-V:  1.115 ct:  9.160 Dropped: 2 Cache: 866s/500MB
AV: 00:04:38 / 00:22:10 (21%) A-V:  0.000 Dropped: 1 Cache: 779s/500MB
AV: 00:04:36 / 00:22:10 (21%) A-V:  1.101 ct:  9.174 Dropped: 2 Cache: 866s/500MB
AV: 00:04:36 / 00:22:10 (21%) A-V:  1.088 ct:  9.187 Dropped: 2 Cache: 866s/500MB
AV: 00:04:36 / 00:22:10 (21%) A-V:  1.074 ct:  9.200 Dropped: 2 Cache: 866s/500MB
AV: 00:04:36 / 00:22:10 (21%) A-V:  1.061 ct:  9.214 Dropped: 2 Cache: 866s/500MB
AV: 00:04:36 / 00:22:10 (21%) A-V:  1.048 ct:  9.227 Dropped: 2 Cache: 866s/500MB
AV: 00:04:36 / 00:22:10 (21%) A-V:  1.034 ct:  9.241 Dropped: 2 Cache: 866s/500MB
AV: 00:04:39 / 00:22:10 (21%) A-V:  0.000 ct:  8.021 Dropped: 16 Cache: 910s/500MB
AV: 00:04:36 / 00:22:10 (21%) A-V:  1.021 ct:  9.254 Dropped: 2 Cache: 866s/500MB
AV: 00:04:36 / 00:22:10 (21%) A-V:  1.008 ct:  9.267 Dropped: 2 Cache: 866s/500MB
AV: 00:04:36 / 00:22:10 (21%) A-V:  0.994 ct:  9.281 Dropped: 2 Cache: 866s/500MB
AV: 00:04:37 / 00:22:10 (21%) A-V:  0.981 ct:  9.294 Dropped: 2 Cache: 866s/500MB
AV: 00:04:37 / 00:22:10 (21%) A-V:  0.968 ct:  9.307 Dropped: 2 Cache: 866s/500MB
AV: 00:04:37 / 00:22:10 (21%) A-V:  0.954 ct:  9.321 Dropped: 2 Cache: 866s/500MB
AV: 00:04:37 / 00:22:10 (21%) A-V:  0.941 ct:  9.334 Dropped: 2 Cache: 866s/500MB
AV: 00:04:37 / 00:22:10 (21%) A-V:  0.928 ct:  9.347 Dropped: 2 Cache: 866s/500MB
AV: 00:04:37 / 00:22:10 (21%) A-V:  0.914 ct:  9.361 Dropped: 2 Cache: 866s/500MB
AV: 00:04:37 / 00:22:10 (21%) A-V:  0.901 ct:  9.374 Dropped: 2 Cache: 866s/500MB
AV: 00:04:37 / 00:22:10 (21%) A-V:  0.888 ct:  9.387 Dropped: 2 Cache: 866s/500MB
AV: 00:04:37 / 00:22:10 (21%) A-V:  0.874 ct:  9.401 Dropped: 2 Cache: 866s/500MB
AV: 00:04:37 / 00:22:10 (21%) A-V:  0.861 ct:  9.414 Dropped: 2 Cache: 866s/500MB
AV: 00:04:37 / 00:22:10 (21%) A-V:  0.848 ct:  9.427 Dropped: 2 Cache: 866s/500MB
AV: 00:04:37 / 00:22:10 (21%) A-V:  0.834 ct:  9.441 Dropped: 2 Cache: 866s/500MB
AV: 00:04:39 / 00:22:10 (21%) A-V:  0.000 Dropped: 1 Cache: 779s/500MB
AV: 00:04:37 / 00:22:10 (21%) A-V:  0.821 ct:  9.454 Dropped: 2 Cache: 866s/500MB
AV: 00:04:37 / 00:22:10 (21%) A-V:  0.808 ct:  9.467 Dropped: 2 Cache: 866s/500MB
AV: 00:04:37 / 00:22:10 (21%) A-V:  0.794 ct:  9.481 Dropped: 2 Cache: 866s/500MB
AV: 00:04:37 / 00:22:10 (21%) A-V:  0.781 ct:  9.494 Dropped: 2 Cache: 866s/500MB
AV: 00:04:37 / 00:22:10 (21%) A-V:  0.768 ct:  9.507 Dropped: 2 Cache: 866s/500MB
AV: 00:04:37 / 00:22:10 (21%) A-V:  0.754 ct:  9.521 Dropped: 2 Cache: 866s/500MB
AV: 00:04:37 / 00:22:10 (21%) A-V:  0.741 ct:  9.534 Dropped: 2 Cache: 866s/500MB
AV: 00:04:37 / 00:22:10 (21%) A-V:  0.727 ct:  9.547 Dropped: 2 Cache: 866s/500MB
AV: 00:04:37 / 00:22:10 (21%) A-V:  0.714 ct:  9.561 Dropped: 2 Cache: 866s/500MB
AV: 00:04:37 / 00:22:10 (21%) A-V:  0.701 ct:  9.574 Dropped: 2 Cache: 866s/500MB
AV: 00:04:37 / 00:22:10 (21%) A-V:  0.687 ct:  9.588 Dropped: 2 Cache: 866s/500MB
AV: 00:04:37 / 00:22:10 (21%) A-V:  0.674 ct:  9.601 Dropped: 2 Cache: 866s/500MB
AV: 00:04:37 / 00:22:10 (21%) A-V:  0.661 ct:  9.614 Dropped: 2 Cache: 866s/500MB
AV: 00:04:37 / 00:22:10 (21%) A-V:  0.647 ct:  9.628 Dropped: 2 Cache: 866s/500MB
AV: 00:04:37 / 00:22:10 (21%) A-V:  0.634 ct:  9.641 Dropped: 2 Cache: 866s/500MB
AV: 00:04:37 / 00:22:10 (21%) A-V:  0.621 ct:  9.654 Dropped: 2 Cache: 866s/500MB
AV: 00:04:37 / 00:22:10 (21%) A-V:  0.607 ct:  9.668 Dropped: 2 Cache: 866s/500MB
AV: 00:04:37 / 00:22:10 (21%) A-V:  0.594 ct:  9.681 Dropped: 2 Cache: 865s/500MB
AV: 00:04:38 / 00:22:10 (21%) A-V:  0.581 ct:  9.694 Dropped: 2 Cache: 865s/500MB
AV: 00:04:38 / 00:22:10 (21%) A-V:  0.567 ct:  9.708 Dropped: 2 Cache: 865s/500MB
AV: 00:04:38 / 00:22:10 (21%) A-V:  0.554 ct:  9.721 Dropped: 2 Cache: 865s/500MB
AV: 00:04:38 / 00:22:10 (21%) A-V:  0.541 ct:  9.734 Dropped: 2 Cache: 865s/500MB
AV: 00:04:38 / 00:22:10 (21%) A-V:  0.527 ct:  9.748 Dropped: 2 Cache: 865s/500MB
AV: 00:04:38 / 00:22:10 (21%) A-V:  0.514 ct:  9.761 Dropped: 2 Cache: 865s/500MB
AV: 00:04:38 / 00:22:10 (21%) A-V:  0.501 ct:  9.774 Dropped: 2 Cache: 865s/500MB
AV: 00:04:38 / 00:22:10 (21%) A-V:  0.487 ct:  9.788 Dropped: 2 Cache: 865s/500MB
AV: 00:04:40 / 00:22:10 (21%) A-V:  0.000 ct:  5.021 Dropped: 12 Cache: 915s/500MB
AV: 00:04:38 / 00:22:10 (21%) A-V:  0.474 ct:  9.801 Dropped: 2 Cache: 865s/500MB
AV: 00:04:38 / 00:22:10 (21%) A-V:  0.461 ct:  9.814 Dropped: 2 Cache: 865s/500MB
AV: 00:04:38 / 00:22:10 (21%) A-V:  0.447 ct:  9.828 Dropped: 2 Cache: 865s/500MB
AV: 00:04:38 / 00:22:10 (21%) A-V:  0.434 ct:  9.841 Dropped: 2 Cache: 865s/500MB
AV: 00:04:38 / 00:22:10 (21%) A-V:  0.421 ct:  9.854 Dropped: 2 Cache: 865s/500MB
AV: 00:04:38 / 00:22:10 (21%) A-V:  0.407 ct:  9.868 Dropped: 2 Cache: 865s/500MB
AV: 00:04:38 / 00:22:10 (21%) A-V:  0.394 ct:  9.881 Dropped: 2 Cache: 865s/500MB
AV: 00:04:38 / 00:22:10 (21%) A-V:  0.380 ct:  9.895 Dropped: 2 Cache: 865s/500MB
AV: 00:04:38 / 00:22:10 (21%) A-V:  0.367 ct:  9.908 Dropped: 2 Cache: 865s/500MB
AV: 00:04:40 / 00:22:10 (21%) A-V:  0.000 ct:  8.021 Dropped: 16 Cache: 910s/500MB
AV: 00:04:38 / 00:22:10 (21%) A-V:  0.354 ct:  9.921 Dropped: 2 Cache: 865s/500MB
AV: 00:04:38 / 00:22:10 (21%) A-V:  0.340 ct:  9.935 Dropped: 2 Cache: 865s/500MB
AV: 00:04:38 / 00:22:10 (21%) A-V:  0.327 ct:  9.948 Dropped: 2 Cache: 865s/500MB
AV: 00:04:38 / 00:22:10 (21%) A-V:  0.314 ct:  9.961 Dropped: 2 Cache: 865s/500MB
AV: 00:04:38 / 00:22:10 (21%) A-V:  0.300 ct:  9.975 Dropped: 2 Cache: 865s/500MB
AV: 00:04:38 / 00:22:10 (21%) A-V:  0.287 ct:  9.988 Dropped: 2 Cache: 865s/500MB
AV: 00:04:38 / 00:22:10 (21%) A-V:  0.284 ct:  9.991 Dropped: 2 Cache: 865s/500MB
AV: 00:04:38 / 00:22:10 (21%) A-V:  0.280 ct:  9.995 Dropped: 2 Cache: 865s/500MB
AV: 00:04:39 / 00:22:10 (21%) A-V:  0.000 Dropped: 1 Cache: 778s/500MB
AV: 00:04:39 / 00:22:10 (21%) A-V:  0.000 Dropped: 1 Cache: 779s/500MB
AV: 00:04:38 / 00:22:10 (21%) A-V:  0.277 ct:  9.998 Dropped: 2 Cache: 865s/500MB
AV: 00:04:39 / 00:22:10 (21%) A-V:  0.000 Dropped: 1 Cache: 778s/500MB
AV: 00:04:38 / 00:22:10 (21%) A-V:  0.274 ct: 10.001 Dropped: 2 Cache: 865s/500MB
AV: 00:04:38 / 00:22:10 (21%) A-V:  0.270 ct: 10.005 Dropped: 2 Cache: 865s/500MB
AV: 00:04:38 / 00:22:10 (21%) A-V:  0.267 ct: 10.008 Dropped: 2 Cache: 865s/500MB
AV: 00:04:40 / 00:22:10 (21%) A-V:  0.000 Dropped: 1 Cache: 778s/500MB
AV: 00:04:38 / 00:22:10 (21%) A-V:  0.264 ct: 10.011 Dropped: 2 Cache: 865s/500MB
AV: 00:04:39 / 00:22:10 (21%) A-V:  0.260 ct: 10.015 Dropped: 2 Cache: 865s/500MB
AV: 00:04:39 / 00:22:10 (21%) A-V:  0.257 ct: 10.018 Dropped: 2 Cache: 865s/500MB
AV: 00:04:39 / 00:22:10 (21%) A-V:  0.254 ct: 10.021 Dropped: 2 Cache: 865s/500MB
AV: 00:04:39 / 00:22:10 (21%) A-V:  0.250 ct: 10.025 Dropped: 2 Cache: 865s/500MB
AV: 00:04:39 / 00:22:10 (21%) A-V:  0.247 ct: 10.028 Dropped: 2 Cache: 865s/500MB
AV: 00:04:39 / 00:22:10 (21%) A-V:  0.244 ct: 10.031 Dropped: 2 Cache: 865s/500MB
AV: 00:04:39 / 00:22:10 (21%) A-V:  0.240 ct: 10.035 Dropped: 2 Cache: 865s/500MB
AV: 00:04:39 / 00:22:10 (21%) A-V:  0.237 ct: 10.038 Dropped: 2 Cache: 865s/500MB
AV: 00:04:39 / 00:22:10 (21%) A-V:  0.234 ct: 10.041 Dropped: 2 Cache: 865s/500MB
AV: 00:04:39 / 00:22:10 (21%) A-V:  0.230 ct: 10.045 Dropped: 2 Cache: 865s/500MB
AV: 00:04:39 / 00:22:10 (21%) A-V:  0.227 ct: 10.048 Dropped: 2 Cache: 865s/500MB
AV: 00:04:39 / 00:22:10 (21%) A-V:  0.224 ct: 10.051 Dropped: 2 Cache: 864s/500MB
AV: 00:04:39 / 00:22:10 (21%) A-V:  0.220 ct: 10.055 Dropped: 2 Cache: 864s/500MB
AV: 00:04:39 / 00:22:10 (21%) A-V:  0.217 ct: 10.058 Dropped: 2 Cache: 864s/500MB
AV: 00:04:39 / 00:22:10 (21%) A-V:  0.214 ct: 10.061 Dropped: 2 Cache: 864s/500MB
AV: 00:04:39 / 00:22:10 (21%) A-V:  0.210 ct: 10.065 Dropped: 2 Cache: 864s/500MB
AV: 00:04:41 / 00:22:10 (21%) A-V:  0.000 ct:  5.021 Dropped: 12 Cache: 915s/500MB
AV: 00:04:39 / 00:22:10 (21%) A-V:  0.207 ct: 10.068 Dropped: 2 Cache: 864s/500MB
AV: 00:04:39 / 00:22:10 (21%) A-V:  0.204 ct: 10.071 Dropped: 2 Cache: 864s/500MB
AV: 00:04:39 / 00:22:10 (21%) A-V:  0.200 ct: 10.075 Dropped: 2 Cache: 864s/500MB
AV: 00:04:39 / 00:22:10 (21%) A-V:  0.197 ct: 10.078 Dropped: 2 Cache: 864s/500MB
AV: 00:04:39 / 00:22:10 (21%) A-V:  0.194 ct: 10.081 Dropped: 2 Cache: 864s/500MB
AV: 00:04:39 / 00:22:10 (21%) A-V:  0.190 ct: 10.085 Dropped: 2 Cache: 864s/500MB
AV: 00:04:39 / 00:22:10 (21%) A-V:  0.187 ct: 10.088 Dropped: 2 Cache: 864s/500MB
AV: 00:04:41 / 00:22:10 (21%) A-V:  0.000 ct:  8.021 Dropped: 16 Cache: 910s/500MB
AV: 00:04:39 / 00:22:10 (21%) A-V:  0.184 ct: 10.091 Dropped: 2 Cache: 864s/500MB
AV: 00:04:39 / 00:22:10 (21%) A-V:  0.180 ct: 10.095 Dropped: 2 Cache: 864s/500MB
AV: 00:04:39 / 00:22:10 (21%) A-V:  0.177 ct: 10.098 Dropped: 2 Cache: 864s/500MB
AV: 00:04:39 / 00:22:10 (21%) A-V:  0.174 ct: 10.101 Dropped: 2 Cache: 864s/500MB
AV: 00:04:39 / 00:22:10 (21%) A-V:  0.170 ct: 10.105 Dropped: 2 Cache: 864s/500MB
AV: 00:04:39 / 00:22:10 (21%) A-V:  0.167 ct: 10.108 Dropped: 2 Cache: 864s/500MB
AV: 00:04:39 / 00:22:10 (21%) A-V:  0.164 ct: 10.111 Dropped: 2 Cache: 864s/500MB
AV: 00:04:40 / 00:22:10 (21%) A-V:  0.160 ct: 10.115 Dropped: 2 Cache: 864s/500MB
AV: 00:04:40 / 00:22:10 (21%) A-V:  0.157 ct: 10.118 Dropped: 2 Cache: 864s/500MB
AV: 00:04:40 / 00:22:10 (21%) A-V:  0.154 ct: 10.121 Dropped: 2 Cache: 864s/500MB
AV: 00:04:41 / 00:22:10 (21%) A-V:  0.000 Dropped: 1 Cache: 778s/500MB
AV: 00:04:40 / 00:22:10 (21%) A-V:  0.150 ct: 10.125 Dropped: 2 Cache: 864s/500MB
AV: 00:04:41 / 00:22:10 (21%) A-V:  0.000 ct:  5.021 Dropped: 12 Cache: 916s/500MB
AV: 00:04:40 / 00:22:10 (21%) A-V:  0.147 ct: 10.128 Dropped: 2 Cache: 864s/500MB
AV: 00:04:41 / 00:22:10 (21%) A-V:  0.000 ct:  5.021 Dropped: 12 Cache: 915s/500MB
AV: 00:04:41 / 00:22:10 (21%) A-V:  0.000 ct:  5.021 Dropped: 12 Cache: 916s/500MB
AV: 00:04:40 / 00:22:10 (21%) A-V:  0.144 ct: 10.131 Dropped: 2 Cache: 864s/500MB
AV: 00:04:41 / 00:22:10 (21%) A-V:  0.000 ct:  5.021 Dropped: 12 Cache: 915s/500MB
AV: 00:04:40 / 00:22:10 (21%) A-V:  0.140 ct: 10.135 Dropped: 2 Cache: 864s/500MB
AV: 00:04:40 / 00:22:10 (21%) A-V:  0.137 ct: 10.138 Dropped: 2 Cache: 864s/500MB
AV: 00:04:41 / 00:22:10 (21%) A-V:  0.000 ct:  5.021 Dropped: 12 Cache: 916s/500MB
AV: 00:04:41 / 00:22:10 (21%) A-V:  0.000 Dropped: 1 Cache: 777s/500MB
AV: 00:04:40 / 00:22:10 (21%) A-V:  0.134 ct: 10.141 Dropped: 2 Cache: 864s/500MB
AV: 00:04:40 / 00:22:10 (21%) A-V:  0.130 ct: 10.145 Dropped: 2 Cache: 864s/500MB
AV: 00:04:41 / 00:22:10 (21%) A-V:  0.000 ct:  5.021 Dropped: 12 Cache: 915s/500MB
AV: 00:04:40 / 00:22:10 (21%) A-V:  0.127 ct: 10.148 Dropped: 2 Cache: 864s/500MB
AV: 00:04:41 / 00:22:10 (21%) A-V:  0.000 ct:  5.021 Dropped: 12 Cache: 916s/500MB
AV: 00:04:40 / 00:22:10 (21%) A-V:  0.124 ct: 10.151 Dropped: 2 Cache: 864s/500MB
AV: 00:04:40 / 00:22:10 (21%) A-V:  0.120 ct: 10.155 Dropped: 2 Cache: 864s/500MB
AV: 00:04:40 / 00:22:10 (21%) A-V:  0.117 ct: 10.158 Dropped: 2 Cache: 864s/500MB
AV: 00:04:40 / 00:22:10 (21%) A-V:  0.114 ct: 10.161 Dropped: 2 Cache: 863s/500MB
AV: 00:04:40 / 00:22:10 (21%) A-V:  0.110 ct: 10.165 Dropped: 2 Cache: 863s/500MB
AV: 00:04:40 / 00:22:10 (21%) A-V:  0.107 ct: 10.168 Dropped: 2 Cache: 863s/500MB
AV: 00:04:40 / 00:22:10 (21%) A-V:  0.104 ct: 10.171 Dropped: 2 Cache: 863s/500MB
AV: 00:04:40 / 00:22:10 (21%) A-V:  0.100 ct: 10.175 Dropped: 2 Cache: 863s/500MB
AV: 00:04:40 / 00:22:10 (21%) A-V:  0.097 ct: 10.178 Dropped: 2 Cache: 863s/500MB
AV: 00:04:42 / 00:22:10 (21%) A-V:  0.000 ct:  5.021 Dropped: 12 Cache: 916s/500MB
AV: 00:04:40 / 00:22:10 (21%) A-V:  0.094 ct: 10.181 Dropped: 2 Cache: 863s/500MB
AV: 00:04:40 / 00:22:10 (21%) A-V:  0.090 ct: 10.185 Dropped: 2 Cache: 863s/500MB
AV: 00:04:40 / 00:22:10 (21%) A-V:  0.087 ct: 10.188 Dropped: 2 Cache: 863s/500MB
AV: 00:04:40 / 00:22:10 (21%) A-V:  0.083 ct: 10.191 Dropped: 2 Cache: 863s/500MB
AV: 00:04:40 / 00:22:10 (21%) A-V:  0.080 ct: 10.195 Dropped: 2 Cache: 863s/500MB
Using hardware decoding (nvdec).
AV: 00:04:41 / 00:22:10 (21%) A-V:  0.000 ct:  8.021 Dropped: 16 Cache: 910s/500MB
AV: 00:04:40 / 00:22:10 (21%) A-V:  0.077 ct: 10.198 Dropped: 2 Cache: 863s/500MB
AV: 00:04:40 / 00:22:10 (21%) A-V:  0.073 ct: 10.201 Dropped: 2 Cache: 863s/500MB
AV: 00:04:41 / 00:22:10 (21%) A-V:  0.069 ct:  8.021 Dropped: 16 Cache: 910s/500MB
VO: [gpu] 1920x1080 cuda[nv12]
AV: 00:04:41 / 00:22:10 (21%) A-V:  0.069 ct:  8.021 Dropped: 16 Cache: 910s/500MB
AV: 00:04:40 / 00:22:10 (21%) A-V:  0.070 ct: 10.205 Dropped: 2 Cache: 863s/500MB
AV: 00:04:40 / 00:22:10 (21%) A-V:  0.067 ct: 10.208 Dropped: 2 Cache: 863s/500MB
AV: 00:04:41 / 00:22:10 (21%) A-V:  0.079 ct:  8.021 Cache: 910s/500MB
AV: 00:04:42 / 00:22:10 (21%) A-V:  0.047 ct:  8.021 Cache: 910s/500MB
AV: 00:04:42 / 00:22:10 (21%) A-V:  0.014 ct:  8.021 Dropped: 1 Cache: 910s/500MB
AV: 00:04:42 / 00:22:10 (21%) A-V:  0.000 ct:  8.021 Dropped: 1 Cache: 910s/500MB
[dbx] New chapter 20 
AV: 00:04:42 / 00:22:10 (21%) A-V:  0.000 ct:  8.021 Dropped: 1 Cache: 910s/500MB
[dbx] Metadata  
AV: 00:04:42 / 00:22:10 (21%) A-V:  0.000 ct:  8.021 Dropped: 1 Cache: 910s/500MB
[dbx] chapter time is  282 
AV: 00:04:42 / 00:22:10 (21%) A-V:  0.000 ct:  8.021 Dropped: 1 Cache: 910s/500MB
[dbx] Chapter Length is  16 
AV: 00:04:42 / 00:22:10 (21%) A-V:  0.000 ct:  8.021 Dropped: 1 Cache: 910s/500MB
[dbx] record_number was  21 
AV: 00:04:42 / 00:22:10 (21%) A-V:  0.000 ct:  8.021 Dropped: 1 Cache: 910s/500MB
AV: 00:04:40 / 00:22:10 (21%) A-V:  0.064 ct: 10.211 Dropped: 2 Cache: 863s/500MB
AV: 00:04:41 / 00:22:10 (21%) A-V:  0.060 ct: 10.215 Dropped: 2 Cache: 863s/500MB
AV: 00:04:41 / 00:22:10 (21%) A-V:  0.057 ct: 10.218 Dropped: 2 Cache: 863s/500MB
AV: 00:04:41 / 00:22:10 (21%) A-V:  0.053 ct: 10.222 Dropped: 2 Cache: 863s/500MB
AV: 00:04:41 / 00:22:10 (21%) A-V:  0.050 ct: 10.225 Dropped: 2 Cache: 863s/500MB
AV: 00:04:41 / 00:22:10 (21%) A-V:  0.047 ct: 10.228 Dropped: 2 Cache: 863s/500MB
AV: 00:04:42 / 00:22:10 (21%) A-V:  0.000 Dropped: 1 Cache: 777s/500MB
AV: 00:04:41 / 00:22:10 (21%) A-V:  0.043 ct: 10.232 Dropped: 2 Cache: 863s/500MB
AV: 00:04:41 / 00:22:10 (21%) A-V:  0.040 ct: 10.235 Dropped: 2 Cache: 863s/500MB
AV: 00:04:41 / 00:22:10 (21%) A-V:  0.037 ct: 10.238 Dropped: 2 Cache: 863s/500MB
AV: 00:04:41 / 00:22:10 (21%) A-V:  0.033 ct: 10.242 Dropped: 2 Cache: 863s/500MB
AV: 00:04:41 / 00:22:10 (21%) A-V:  0.030 ct: 10.245 Dropped: 2 Cache: 863s/500MB
AV: 00:04:41 / 00:22:10 (21%) A-V:  0.027 ct: 10.248 Dropped: 2 Cache: 863s/500MB
AV: 00:04:41 / 00:22:10 (21%) A-V:  0.024 ct: 10.251 Dropped: 2 Cache: 863s/500MB
AV: 00:04:41 / 00:22:10 (21%) A-V:  0.022 ct: 10.253 Dropped: 2 Cache: 863s/500MB
AV: 00:04:41 / 00:22:10 (21%) A-V:  0.020 ct: 10.255 Dropped: 2 Cache: 863s/500MB
AV: 00:04:41 / 00:22:10 (21%) A-V:  0.018 ct: 10.257 Dropped: 2 Cache: 863s/500MB
AV: 00:04:41 / 00:22:10 (21%) A-V:  0.016 ct: 10.259 Dropped: 2 Cache: 863s/500MB
AV: 00:04:41 / 00:22:10 (21%) A-V:  0.014 ct: 10.261 Dropped: 2 Cache: 863s/500MB
AV: 00:04:41 / 00:22:10 (21%) A-V:  0.013 ct: 10.262 Dropped: 2 Cache: 862s/500MB
AV: 00:04:41 / 00:22:10 (21%) A-V:  0.012 ct: 10.263 Dropped: 2 Cache: 862s/500MB
AV: 00:04:41 / 00:22:10 (21%) A-V:  0.011 ct: 10.264 Dropped: 2 Cache: 862s/500MB
AV: 00:04:41 / 00:22:10 (21%) A-V:  0.009 ct: 10.266 Dropped: 2 Cache: 862s/500MB
AV: 00:04:43 / 00:22:10 (21%) A-V:  0.000 ct:  5.021 Dropped: 12 Cache: 916s/500MB
AV: 00:04:41 / 00:22:10 (21%) A-V:  0.008 ct: 10.267 Dropped: 2 Cache: 862s/500MB
AV: 00:04:41 / 00:22:10 (21%) A-V:  0.007 ct: 10.268 Dropped: 2 Cache: 862s/500MB
AV: 00:04:41 / 00:22:10 (21%) A-V:  0.006 ct: 10.269 Dropped: 2 Cache: 862s/500MB
AV: 00:04:42 / 00:22:10 (21%) A-V:  0.000 Dropped: 1 Cache: 776s/500MB
AV: 00:04:41 / 00:22:10 (21%) A-V:  0.005 ct: 10.270 Dropped: 2 Cache: 862s/500MB
AV: 00:04:43 / 00:22:10 (21%) A-V:  0.000 ct:  8.021 Dropped: 1 Cache: 910s/500MB
AV: 00:04:41 / 00:22:10 (21%) A-V:  0.004 ct: 10.271 Dropped: 2 Cache: 862s/500MB
AV: 00:04:42 / 00:22:10 (21%) A-V:  0.003 ct: 10.272 Dropped: 2 Cache: 862s/500MB
AV: 00:04:42 / 00:22:10 (21%) A-V:  0.002 ct: 10.273 Dropped: 2 Cache: 862s/500MB
AV: 00:04:43 / 00:22:10 (21%) A-V:  0.000 ct:  8.021 Dropped: 1 Cache: 909s/500MB
Using hardware decoding (nvdec).
AV: 00:04:42 / 00:22:10 (21%) A-V:  0.000 Dropped: 1 Cache: 776s/500MB
AV: 00:04:42 / 00:22:10 (21%) A-V:  0.000 Dropped: 1 Cache: 777s/500MB
AV: 00:04:42 / 00:22:10 (21%) A-V:  0.046 Dropped: 1 Cache: 777s/500MB
AV: 00:04:42 / 00:22:10 (21%) A-V:  0.029 Dropped: 2 Cache: 777s/500MB
AV: 00:04:43 / 00:22:10 (21%) A-V:  0.000 Dropped: 3 Cache: 777s/500MB
[dbx] New chapter 20 
AV: 00:04:43 / 00:22:10 (21%) A-V:  0.000 Dropped: 3 Cache: 777s/500MB
[dbx] Metadata  
AV: 00:04:43 / 00:22:10 (21%) A-V:  0.000 Dropped: 3 Cache: 777s/500MB
[dbx] chapter time is  283 
AV: 00:04:43 / 00:22:10 (21%) A-V:  0.000 Dropped: 3 Cache: 777s/500MB
[dbx] Chapter Length is  10 
AV: 00:04:43 / 00:22:10 (21%) A-V:  0.000 Dropped: 3 Cache: 777s/500MB
[dbx] record_number was  21 
AV: 00:04:43 / 00:22:10 (21%) A-V:  0.000 Dropped: 3 Cache: 777s/500MB
AV: 00:04:42 / 00:22:10 (21%) A-V:  0.001 ct: 10.274 Dropped: 2 Cache: 862s/500MB
AV: 00:04:43 / 00:22:10 (21%) A-V:  0.000 ct:  5.021 Dropped: 12 Cache: 915s/500MB
AV: 00:04:42 / 00:22:10 (21%) A-V:  0.001 ct: 10.274 Dropped: 2 Cache: 861s/500MB
AV: 00:04:42 / 00:22:10 (21%) A-V:  0.000 ct: 10.275 Dropped: 2 Cache: 861s/500MB
AV: 00:04:43 / 00:22:10 (21%) A-V:  0.000 ct:  5.021 Dropped: 12 Cache: 916s/500MB
AV: 00:04:44 / 00:22:10 (21%) A-V:  0.000 ct:  5.021 Dropped: 12 Cache: 916s/500MB
AV: 00:04:43 / 00:22:10 (21%) A-V:  0.000 Dropped: 3 Cache: 776s/500MB
AV: 00:04:44 / 00:22:10 (21%) A-V:  0.000 ct:  5.021 Dropped: 12 Cache: 915s/500MB
AV: 00:04:44 / 00:22:10 (21%) A-V:  0.000 ct:  8.021 Dropped: 1 Cache: 909s/500MB
AV: 00:04:44 / 00:22:10 (21%) A-V:  0.000 ct:  5.021 Dropped: 12 Cache: 916s/500MB
AV: 00:04:43 / 00:22:10 (21%) A-V:  0.000 ct: 10.275 Dropped: 2 Cache: 861s/500MB
AV: 00:04:44 / 00:22:10 (21%) A-V:  0.000 ct:  5.021 Dropped: 12 Cache: 915s/500MB
AV: 00:04:44 / 00:22:10 (21%) A-V:  0.000 ct:  5.021 Dropped: 12 Cache: 916s/500MB
AV: 00:04:44 / 00:22:10 (21%) A-V:  0.000 Dropped: 3 Cache: 776s/500MB
AV: 00:04:44 / 00:22:10 (21%) A-V:  0.000 ct:  8.021 Dropped: 1 Cache: 908s/500MB
AV: 00:04:43 / 00:22:10 (21%) A-V:  0.000 ct: 10.275 Dropped: 2 Cache: 860s/500MB
AV: 00:04:45 / 00:22:10 (21%) A-V:  0.000 ct:  5.021 Dropped: 12 Cache: 916s/500MB
AV: 00:04:45 / 00:22:10 (21%) A-V:  0.000 ct:  8.021 Dropped: 1 Cache: 908s/500MB
AV: 00:04:44 / 00:22:10 (21%) A-V:  0.000 ct: 10.275 Dropped: 2 Cache: 860s/500MB
AV: 00:04:45 / 00:22:10 (21%) A-V:  0.000 Dropped: 3 Cache: 776s/500MB
AV: 00:04:45 / 00:22:10 (21%) A-V:  0.000 ct:  5.021 Dropped: 12 Cache: 916s/499MB
AV: 00:04:45 / 00:22:10 (21%) A-V:  0.000 Dropped: 3 Cache: 775s/500MB
AV: 00:04:45 / 00:22:10 (21%) A-V:  0.000 Dropped: 3 Cache: 776s/500MB
AV: 00:04:45 / 00:22:10 (21%) A-V:  0.000 ct:  5.021 Dropped: 12 Cache: 916s/500MB
AV: 00:04:45 / 00:22:10 (21%) A-V:  0.000 Dropped: 3 Cache: 775s/500MB
AV: 00:04:45 / 00:22:10 (21%) A-V:  0.000 ct:  5.021 Dropped: 12 Cache: 915s/500MB
AV: 00:04:45 / 00:22:10 (21%) A-V:  0.000 ct:  5.021 Dropped: 12 Cache: 916s/500MB
AV: 00:04:45 / 00:22:10 (21%) A-V:  0.000 ct:  8.021 Dropped: 1 Cache: 907s/500MB
AV: 00:04:44 / 00:22:10 (21%) A-V:  0.000 ct: 10.275 Dropped: 2 Cache: 859s/500MB
AV: 00:04:45 / 00:22:10 (21%) A-V:  0.000 ct:  5.021 Dropped: 12 Cache: 917s/500MB
AV: 00:04:45 / 00:22:10 (22%) A-V:  0.000 ct:  5.021 Dropped: 12 Cache: 917s/500MB
AV: 00:04:46 / 00:22:10 (22%) A-V:  0.000 ct:  5.021 Dropped: 12 Cache: 917s/500MB
AV: 00:04:46 / 00:22:10 (22%) A-V:  0.000 ct:  5.021 Dropped: 12 Cache: 919s/500MB
AV: 00:04:45 / 00:22:10 (22%) A-V:  0.000 ct:  8.021 Dropped: 1 Cache: 907s/500MB
AV: 00:04:46 / 00:22:10 (22%) A-V:  0.000 ct:  5.021 Dropped: 12 Cache: 920s/500MB
AV: 00:04:46 / 00:22:10 (22%) A-V:  0.000 ct:  8.021 Dropped: 1 Cache: 907s/500MB
AV: 00:04:45 / 00:22:10 (21%) A-V:  0.000 ct: 10.275 Dropped: 2 Cache: 859s/500MB
AV: 00:04:46 / 00:22:10 (22%) A-V:  0.000 ct:  5.021 Dropped: 12 Cache: 922s/500MB
AV: 00:04:46 / 00:22:10 (22%) A-V:  0.000 ct:  5.021 Dropped: 12 Cache: 923s/500MB
AV: 00:04:45 / 00:22:10 (22%) A-V:  0.000 Dropped: 3 Cache: 775s/500MB
AV: 00:04:46 / 00:22:10 (22%) A-V:  0.000 Dropped: 3 Cache: 775s/500MB
AV: 00:04:46 / 00:22:10 (22%) A-V:  0.000 ct:  5.021 Dropped: 12 Cache: 925s/500MB
AV: 00:04:46 / 00:22:10 (22%) A-V:  0.000 ct:  5.021 Dropped: 12 Cache: 926s/500MB
AV: 00:04:46 / 00:22:10 (22%) A-V:  0.000 ct:  5.021 Dropped: 12 Cache: 926s/499MB
AV: 00:04:45 / 00:22:10 (21%) A-V:  0.000 ct: 10.275 Dropped: 2 Cache: 858s/500MB
AV: 00:04:46 / 00:22:10 (22%) A-V:  0.000 ct:  5.021 Dropped: 12 Cache: 926s/500MB
AV: 00:04:47 / 00:22:10 (22%) A-V:  0.000 ct:  5.021 Dropped: 12 Cache: 926s/500MB
AV: 00:04:46 / 00:22:10 (22%) A-V:  0.000 ct:  8.021 Dropped: 1 Cache: 906s/500MB
AV: 00:04:47 / 00:22:10 (22%) A-V:  0.000 ct:  5.021 Dropped: 12 Cache: 927s/500MB
AV: 00:04:46 / 00:22:10 (22%) A-V:  0.000 ct:  8.021 Dropped: 1 Cache: 907s/500MB
AV: 00:04:46 / 00:22:10 (22%) A-V:  0.000 Dropped: 3 Cache: 774s/500MB
AV: 00:04:47 / 00:22:10 (22%) A-V:  0.000 ct:  8.021 Dropped: 1 Cache: 907s/500MB
AV: 00:04:47 / 00:22:10 (22%) A-V:  0.000 ct:  8.021 Dropped: 1 Cache: 906s/500MB
AV: 00:04:45 / 00:22:10 (22%) A-V:  0.000 ct: 10.275 Dropped: 2 Cache: 858s/500MB
AV: 00:04:46 / 00:22:10 (22%) A-V:  0.000 ct: 10.275 Dropped: 2 Cache: 858s/500MB
AV: 00:04:47 / 00:22:10 (22%) A-V:  0.000 ct:  5.021 Dropped: 12 Cache: 928s/500MB
AV: 00:04:47 / 00:22:10 (22%) A-V:  0.000 Dropped: 3 Cache: 774s/500MB
AV: 00:04:47 / 00:22:10 (22%) A-V:  0.000 ct:  5.021 Dropped: 12 Cache: 929s/500MB
AV: 00:04:46 / 00:22:10 (22%) A-V:  0.000 ct: 10.275 Dropped: 2 Cache: 857s/500MB
AV: 00:04:48 / 00:22:10 (22%) A-V:  0.000 ct:  5.021 Dropped: 12 Cache: 929s/500MB
AV: 00:04:48 / 00:22:10 (22%) A-V:  0.000 ct:  8.021 Dropped: 1 Cache: 906s/500MB
AV: 00:04:48 / 00:22:10 (22%) A-V:  0.000 ct:  5.021 Dropped: 12 Cache: 930s/500MB
AV: 00:04:47 / 00:22:10 (22%) A-V:  0.000 ct: 10.275 Dropped: 2 Cache: 857s/500MB
AV: 00:04:48 / 00:22:10 (22%) A-V:  0.000 ct:  8.021 Dropped: 1 Cache: 905s/500MB
AV: 00:04:48 / 00:22:10 (22%) A-V:  0.000 Dropped: 3 Cache: 774s/500MB
AV: 00:04:48 / 00:22:10 (22%) A-V:  0.000 Dropped: 3 Cache: 773s/500MB
AV: 00:04:47 / 00:22:10 (22%) A-V:  0.000 ct: 10.275 Dropped: 2 Cache: 856s/500MB
AV: 00:04:48 / 00:22:10 (22%) A-V:  0.000 ct:  5.021 Dropped: 12 Cache: 931s/500MB
AV: 00:04:48 / 00:22:10 (22%) A-V:  0.000 ct:  5.021 Dropped: 12 Cache: 930s/500MB
AV: 00:04:49 / 00:22:10 (22%) A-V:  0.000 ct:  5.021 Dropped: 12 Cache: 931s/500MB
AV: 00:04:49 / 00:22:10 (22%) A-V:  0.000 ct:  5.021 Dropped: 12 Cache: 930s/500MB
AV: 00:04:49 / 00:22:10 (22%) A-V:  0.000 ct:  8.021 Dropped: 1 Cache: 905s/500MB
AV: 00:04:49 / 00:22:10 (22%) A-V:  0.000 ct:  5.021 Dropped: 12 Cache: 931s/500MB
AV: 00:04:48 / 00:22:10 (22%) A-V:  0.000 ct: 10.275 Dropped: 2 Cache: 856s/500MB
AV: 00:04:49 / 00:22:10 (22%) A-V:  0.000 Dropped: 3 Cache: 773s/500MB
AV: 00:04:49 / 00:22:10 (22%) A-V:  0.000 ct:  8.021 Dropped: 1 Cache: 904s/500MB
AV: 00:04:48 / 00:22:10 (22%) A-V:  0.000 ct: 10.275 Dropped: 2 Cache: 855s/500MB
AV: 00:04:50 / 00:22:10 (22%) A-V:  0.000 ct:  5.021 Dropped: 12 Cache: 931s/500MB
AV: 00:04:49 / 00:22:10 (22%) A-V:  0.000 Dropped: 3 Cache: 772s/500MB
AV: 00:04:50 / 00:22:10 (22%) A-V:  0.000 ct:  8.021 Dropped: 1 Cache: 904s/500MB
AV: 00:04:49 / 00:22:10 (22%) A-V:  0.000 ct: 10.275 Dropped: 2 Cache: 855s/500MB
AV: 00:04:50 / 00:22:10 (22%) A-V:  0.000 ct:  5.021 Dropped: 12 Cache: 931s/499MB
AV: 00:04:50 / 00:22:10 (22%) A-V:  0.000 ct:  5.021 Dropped: 12 Cache: 931s/500MB
AV: 00:04:50 / 00:22:10 (22%) A-V:  0.000 Dropped: 3 Cache: 772s/500MB
AV: 00:04:50 / 00:22:10 (22%) A-V:  0.000 ct:  5.021 Dropped: 12 Cache: 932s/500MB
AV: 00:04:50 / 00:22:10 (22%) A-V:  0.000 ct:  8.021 Dropped: 1 Cache: 903s/500MB
AV: 00:04:49 / 00:22:10 (22%) A-V:  0.000 ct: 10.275 Dropped: 2 Cache: 854s/500MB
AV: 00:04:51 / 00:22:10 (22%) A-V:  0.000 ct:  5.021 Dropped: 12 Cache: 932s/500MB
AV: 00:04:51 / 00:22:10 (22%) A-V:  0.000 ct:  8.021 Dropped: 1 Cache: 903s/500MB
AV: 00:04:50 / 00:22:10 (22%) A-V:  0.000 ct: 10.275 Dropped: 2 Cache: 854s/500MB
AV: 00:04:51 / 00:22:10 (22%) A-V:  0.000 ct:  5.021 Dropped: 12 Cache: 933s/500MB
AV: 00:04:51 / 00:22:10 (22%) A-V:  0.000 Dropped: 3 Cache: 772s/500MB
AV: 00:04:51 / 00:22:10 (22%) A-V:  0.000 Dropped: 3 Cache: 771s/500MB
AV: 00:04:51 / 00:22:10 (22%) A-V:  0.000 ct:  8.021 Dropped: 1 Cache: 902s/499MB
AV: 00:04:50 / 00:22:10 (22%) A-V:  0.000 ct: 10.275 Dropped: 2 Cache: 853s/500MB
AV: 00:04:51 / 00:22:10 (22%) A-V:  0.000 ct:  8.021 Dropped: 1 Cache: 902s/500MB
AV: 00:04:51 / 00:22:10 (22%) A-V:  0.000 ct:  5.021 Dropped: 12 Cache: 935s/500MB
AV: 00:04:52 / 00:22:10 (22%) A-V:  0.000 ct:  8.021 Dropped: 1 Cache: 902s/500MB
AV: 00:04:51 / 00:22:10 (22%) A-V:  0.000 ct: 10.275 Dropped: 2 Cache: 853s/500MB
AV: 00:04:51 / 00:22:10 (22%) A-V:  0.277 ct:  5.021 Dropped: 12 Cache: 938s/500MB
AV: 00:04:51 / 00:22:10 (22%) A-V:  0.262 ct:  5.021 Dropped: 12 Cache: 938s/500MB
AV: 00:04:52 / 00:22:10 (22%) A-V:  0.247 ct:  5.021 Dropped: 13 Cache: 938s/500MB
AV: 00:04:52 / 00:22:10 (22%) A-V:  0.233 ct:  5.021 Dropped: 14 Cache: 938s/500MB
AV: 00:04:52 / 00:22:10 (22%) A-V:  0.216 ct:  5.021 Dropped: 15 Cache: 938s/500MB
AV: 00:04:52 / 00:22:10 (22%) A-V:  0.201 ct:  5.021 Dropped: 16 Cache: 938s/500MB
[dbx] New chapter 23 
AV: 00:04:52 / 00:22:10 (22%) A-V:  0.201 ct:  5.021 Dropped: 16 Cache: 938s/500MB
[dbx] Metadata  
AV: 00:04:52 / 00:22:10 (22%) A-V:  0.201 ct:  5.021 Dropped: 16 Cache: 938s/500MB
[dbx] chapter time is  292 
AV: 00:04:52 / 00:22:10 (22%) A-V:  0.201 ct:  5.021 Dropped: 16 Cache: 938s/500MB
[dbx] Chapter Length is  16 
AV: 00:04:52 / 00:22:10 (22%) A-V:  0.201 ct:  5.021 Dropped: 16 Cache: 938s/500MB
[dbx] record_number was  24 
AV: 00:04:52 / 00:22:10 (22%) A-V:  0.201 ct:  5.021 Dropped: 16 Cache: 938s/500MB
AV: 00:04:52 / 00:22:10 (22%) A-V:  0.187 ct:  5.021 Dropped: 17 Cache: 938s/500MB
AV: 00:04:52 / 00:22:10 (22%) A-V:  0.172 ct:  5.021 Dropped: 18 Cache: 938s/500MB
AV: 00:04:52 / 00:22:10 (22%) A-V:  0.157 ct:  5.021 Dropped: 19 Cache: 938s/500MB
AV: 00:04:52 / 00:22:10 (22%) A-V:  0.143 ct:  5.021 Dropped: 20 Cache: 938s/500MB
AV: 00:04:52 / 00:22:10 (22%) A-V:  0.129 ct:  5.021 Dropped: 21 Cache: 938s/500MB
AV: 00:04:52 / 00:22:10 (22%) A-V:  0.114 ct:  5.021 Dropped: 22 Cache: 938s/500MB
AV: 00:04:52 / 00:22:10 (22%) A-V:  0.098 ct:  5.021 Dropped: 23 Cache: 938s/500MB
AV: 00:04:52 / 00:22:10 (22%) A-V:  0.086 ct:  5.021 Dropped: 24 Cache: 939s/500MB
AV: 00:04:52 / 00:22:10 (22%) A-V:  0.071 ct:  5.021 Dropped: 25 Cache: 939s/500MB
AV: 00:04:52 / 00:22:10 (22%) A-V:  0.057 ct:  5.021 Dropped: 26 Cache: 940s/500MB
AV: 00:04:52 / 00:22:10 (22%) A-V:  0.042 ct:  5.021 Dropped: 27 Cache: 940s/500MB
AV: 00:04:52 / 00:22:10 (22%) A-V:  0.027 ct:  5.021 Dropped: 28 Cache: 940s/500MB
AV: 00:04:52 / 00:22:10 (22%) A-V:  0.013 ct:  5.021 Dropped: 29 Cache: 940s/500MB
AV: 00:04:52 / 00:22:10 (22%) A-V:  0.000 ct:  5.021 Dropped: 30 Cache: 940s/500MB
AV: 00:04:52 / 00:22:10 (22%) A-V:  0.000 ct:  5.021 Dropped: 30 Cache: 941s/500MB
AV: 00:04:52 / 00:22:10 (22%) A-V:  0.000 Dropped: 3 Cache: 771s/500MB
AV: 00:04:52 / 00:22:10 (22%) A-V:  0.000 ct:  5.021 Dropped: 30 Cache: 942s/500MB
AV: 00:04:52 / 00:22:10 (22%) A-V:  0.000 Dropped: 3 Cache: 770s/500MB
AV: 00:04:53 / 00:22:10 (22%) A-V:  0.000 ct:  5.021 Dropped: 30 Cache: 942s/500MB
AO: [pipewire] 48000Hz stereo 2ch floatp
AV: 00:04:51 / 00:22:10 (22%) A-V:  0.000 ct: 10.275 Dropped: 2 Cache: 853s/500MB
AV: 00:04:51 / 00:22:10 (22%) A-V:  0.171 ct: 10.275 Dropped: 2 Cache: 853s/500MB
AV: 00:04:51 / 00:22:10 (22%) A-V:  0.138 ct: 10.275 Dropped: 3 Cache: 852s/500MB
AV: 00:04:51 / 00:22:10 (22%) A-V:  0.104 ct: 10.275 Dropped: 4 Cache: 852s/500MB
AV: 00:04:51 / 00:22:10 (22%) A-V:  0.071 ct: 10.275 Dropped: 5 Cache: 852s/500MB
AV: 00:04:51 / 00:22:10 (22%) A-V:  0.038 ct: 10.275 Dropped: 6 Cache: 852s/500MB
Using hardware decoding (nvdec).
AV: 00:04:51 / 00:22:10 (22%) A-V:  0.038 ct: 10.275 Dropped: 6 Cache: 852s/500MB
AV: 00:04:51 / 00:22:10 (22%) A-V:  0.038 ct: 10.275 Dropped: 7 Cache: 853s/500MB
AV: 00:04:51 / 00:22:10 (22%) A-V:  0.038 ct: 10.275 Dropped: 7 Cache: 852s/500MB
AV: 00:04:53 / 00:22:10 (22%) A-V:  0.000 ct:  8.021 Dropped: 1 Cache: 902s/500MB
AV: 00:04:53 / 00:22:10 (22%) A-V:  0.000 ct:  5.021 Dropped: 30 Cache: 943s/500MB
AV: 00:04:51 / 00:22:10 (22%) A-V:  0.000 ct: 10.275 Dropped: 7 Cache: 852s/500MB
VO: [gpu] 1920x1080 cuda[nv12]
AV: 00:04:51 / 00:22:10 (22%) A-V:  0.000 ct: 10.275 Dropped: 7 Cache: 852s/500MB
AV: 00:04:51 / 00:22:10 (22%) A-V:  0.031 ct: 10.275 Cache: 852s/500MB
AV: 00:04:52 / 00:22:10 (22%) A-V:  0.000 ct: 10.275 Cache: 852s/500MB
[dbx] New chapter 24 
AV: 00:04:52 / 00:22:10 (22%) A-V:  0.000 ct: 10.275 Cache: 852s/500MB
[dbx] Metadata  
AV: 00:04:52 / 00:22:10 (22%) A-V:  0.000 ct: 10.275 Cache: 852s/500MB
[dbx] chapter time is  292 
AV: 00:04:52 / 00:22:10 (22%) A-V:  0.000 ct: 10.275 Cache: 852s/500MB
[dbx] Chapter Length is  18 
AV: 00:04:52 / 00:22:10 (22%) A-V:  0.000 ct: 10.275 Cache: 852s/500MB
[dbx] record_number was  25 
AV: 00:04:52 / 00:22:10 (22%) A-V:  0.000 ct: 10.275 Cache: 852s/500MB
AV: 00:04:53 / 00:22:10 (22%) A-V:  0.000 ct:  5.021 Dropped: 30 Cache: 944s/500MB
AV: 00:04:53 / 00:22:10 (22%) A-V:  0.000 Dropped: 3 Cache: 770s/500MB
AV: 00:04:53 / 00:22:10 (22%) A-V:  0.000 ct:  5.021 Dropped: 30 Cache: 945s/500MB
AV: 00:04:53 / 00:22:10 (22%) A-V:  0.000 ct:  5.021 Dropped: 30 Cache: 946s/500MB
AV: 00:04:53 / 00:22:10 (22%) A-V:  0.000 ct:  5.021 Dropped: 30 Cache: 945s/500MB
AV: 00:04:53 / 00:22:10 (22%) A-V:  0.000 ct:  5.021 Dropped: 30 Cache: 946s/500MB
AV: 00:04:54 / 00:22:10 (22%) A-V:  0.000 ct:  5.021 Dropped: 30 Cache: 946s/500MB
Using hardware decoding (nvdec).
AV: 00:04:53 / 00:22:10 (22%) A-V:  0.000 ct:  8.021 Dropped: 1 Cache: 902s/500MB
AV: 00:04:53 / 00:22:10 (22%) A-V:  0.000 ct:  8.021 Dropped: 1 Cache: 904s/500MB
AV: 00:04:53 / 00:22:10 (22%) A-V:  0.000 Dropped: 3 Cache: 769s/500MB
AV: 00:04:53 / 00:22:10 (22%) A-V:  0.108 ct:  8.021 Dropped: 1 Cache: 905s/500MB
AV: 00:04:53 / 00:22:10 (22%) A-V:  0.076 ct:  8.021 Dropped: 1 Cache: 905s/500MB
AV: 00:04:54 / 00:22:10 (22%) A-V:  0.043 ct:  8.021 Dropped: 2 Cache: 905s/500MB
AV: 00:04:54 / 00:22:10 (22%) A-V:  0.011 ct:  8.021 Dropped: 3 Cache: 905s/500MB
AV: 00:04:54 / 00:22:10 (22%) A-V:  0.000 ct:  8.021 Dropped: 3 Cache: 905s/500MB
[dbx] New chapter 21 
AV: 00:04:54 / 00:22:10 (22%) A-V:  0.000 ct:  8.021 Dropped: 3 Cache: 905s/500MB
[dbx] Metadata  
AV: 00:04:54 / 00:22:10 (22%) A-V:  0.000 ct:  8.021 Dropped: 3 Cache: 905s/500MB
[dbx] chapter time is  294 
AV: 00:04:54 / 00:22:10 (22%) A-V:  0.000 ct:  8.021 Dropped: 3 Cache: 905s/500MB
[dbx] Chapter Length is  12 
AV: 00:04:54 / 00:22:10 (22%) A-V:  0.000 ct:  8.021 Dropped: 3 Cache: 905s/500MB
[dbx] record_number was  22 
AV: 00:04:54 / 00:22:10 (22%) A-V:  0.000 ct:  8.021 Dropped: 3 Cache: 905s/500MB
AV: 00:04:53 / 00:22:10 (22%) A-V:  0.000 ct: 10.275 Cache: 852s/500MB
AV: 00:04:53 / 00:22:10 (22%) A-V:  0.000 ct: 10.275 Cache: 851s/500MB
AV: 00:04:53 / 00:22:10 (22%) A-V:  0.000 ct: 10.275 Cache: 852s/500MB
AV: 00:04:54 / 00:22:10 (22%) A-V:  0.000 Dropped: 3 Cache: 769s/500MB
AV: 00:04:53 / 00:22:10 (22%) A-V:  0.000 ct: 10.275 Cache: 851s/500MB
AV: 00:04:54 / 00:22:10 (22%) A-V:  0.000 ct:  5.021 Dropped: 30 Cache: 947s/500MB
AV: 00:04:54 / 00:22:10 (22%) A-V:  0.000 ct:  5.021 Dropped: 30 Cache: 947s/499MB
AV: 00:04:54 / 00:22:10 (22%) A-V:  0.000 ct:  5.021 Dropped: 30 Cache: 947s/500MB
AV: 00:04:55 / 00:22:10 (22%) A-V:  0.000 ct:  5.021 Dropped: 30 Cache: 947s/500MB
Invalid audio PTS: 295.000021 -> 310.000000
AV: 00:04:54 / 00:22:10 (22%) A-V:  0.000 Dropped: 3 Cache: 769s/500MB
Reset playback due to audio timestamp reset.
AV: 00:04:54 / 00:22:10 (22%) A-V:  0.000 Dropped: 3 Cache: 769s/500MB
[ffmpeg/video] h264: co located POCs unavailable
AV: 00:04:54 / 00:22:10 (22%) A-V:  0.000 Dropped: 3 Cache: 769s/500MB
Using hardware decoding (nvdec).
AV: 00:04:54 / 00:22:10 (22%) A-V:  0.000 Dropped: 3 Cache: 769s/500MB
(...) AV: 00:00:00 / 00:22:10 (0%) A-V:  0.000 Cache: 755s/500MB
AV: 00:04:55 / 00:22:10 (22%) A-V:  0.000 ct:  8.021 Dropped: 3 Cache: 905s/500MB
AV: 00:04:55 / 00:22:10 (22%) A-V:  0.000 Cache: 755s/500MB
[dbx] New chapter 21 
AV: 00:04:55 / 00:22:10 (22%) A-V:  0.000 Cache: 755s/500MB
[dbx] Metadata  
AV: 00:04:55 / 00:22:10 (22%) A-V:  0.000 Cache: 755s/500MB
[dbx] chapter time is  295 
AV: 00:04:55 / 00:22:10 (22%) A-V:  0.000 Cache: 755s/500MB
[dbx] Chapter Length is  12 
AV: 00:04:55 / 00:22:10 (22%) A-V:  0.000 Cache: 755s/500MB
[dbx] record_number was  22 
AV: 00:04:55 / 00:22:10 (22%) A-V:  0.000 Cache: 755s/500MB
[dbx] New chapter 21 
AV: 00:04:55 / 00:22:10 (22%) A-V:  0.000 Cache: 755s/500MB
[dbx] Metadata  
AV: 00:04:55 / 00:22:10 (22%) A-V:  0.000 Cache: 755s/500MB
[dbx] chapter time is  295 
AV: 00:04:55 / 00:22:10 (22%) A-V:  0.000 Cache: 755s/500MB
[dbx] Chapter Length is  0 
AV: 00:04:55 / 00:22:10 (22%) A-V:  0.000 Cache: 755s/500MB
[dbx] record_number was  22 
AV: 00:04:55 / 00:22:10 (22%) A-V:  0.000 Cache: 755s/500MB
AV: 00:04:54 / 00:22:10 (22%) A-V:  0.000 ct: 10.275 Cache: 851s/500MB
AV: 00:04:55 / 00:22:10 (22%) A-V:  0.000 ct:  0.064 Cache: 755s/500MB
AV: 00:04:55 / 00:22:10 (22%) A-V:  0.000 ct:  0.080 Cache: 755s/500MB
AV: 00:04:55 / 00:22:10 (22%) A-V:  0.000 ct:  0.096 Cache: 755s/500MB
AV: 00:04:55 / 00:22:10 (22%) A-V:  0.000 ct:  0.112 Cache: 755s/500MB
AV: 00:04:55 / 00:22:10 (22%) A-V:  0.000 ct:  0.128 Cache: 755s/500MB
AV: 00:04:55 / 00:22:10 (22%) A-V:  0.000 ct:  0.144 Cache: 755s/500MB
AV: 00:04:55 / 00:22:10 (22%) A-V:  0.000 ct:  0.160 Cache: 755s/500MB
AV: 00:04:55 / 00:22:10 (22%) A-V:  0.000 ct:  0.176 Cache: 755s/500MB
AV: 00:04:54 / 00:22:10 (22%) A-V:  0.000 ct: 10.275 Cache: 850s/500MB
AV: 00:04:55 / 00:22:10 (22%) A-V:  0.000 ct:  0.192 Cache: 755s/500MB
AV: 00:04:55 / 00:22:10 (22%) A-V:  0.000 ct:  0.208 Cache: 755s/500MB
AV: 00:04:55 / 00:22:10 (22%) A-V:  0.000 ct:  5.021 Dropped: 30 Cache: 948s/500MB
AV: 00:04:55 / 00:22:10 (22%) A-V:  0.000 ct:  0.224 Cache: 755s/500MB
AV: 00:04:55 / 00:22:10 (22%) A-V:  0.000 ct:  0.240 Cache: 755s/500MB
AV: 00:04:55 / 00:22:10 (22%) A-V:  0.000 ct:  0.256 Cache: 755s/500MB
AV: 00:04:55 / 00:22:10 (22%) A-V:  0.000 ct:  0.272 Cache: 755s/500MB
AV: 00:04:55 / 00:22:10 (22%) A-V:  0.000 ct:  0.288 Cache: 755s/500MB
AV: 00:04:55 / 00:22:10 (22%) A-V:  0.000 ct:  0.304 Cache: 754s/500MB
AV: 00:04:55 / 00:22:10 (22%) A-V:  0.000 ct:  5.021 Dropped: 30 Cache: 949s/500MB
AV: 00:04:55 / 00:22:10 (22%) A-V:  0.000 ct:  0.320 Cache: 754s/500MB
AV: 00:04:55 / 00:22:10 (22%) A-V:  0.000 ct:  0.336 Cache: 754s/500MB
AV: 00:04:56 / 00:22:10 (22%) A-V:  0.000 ct:  5.021 Dropped: 30 Cache: 949s/500MB
AV: 00:04:55 / 00:22:10 (22%) A-V:  0.000 ct:  0.352 Cache: 754s/500MB
AV: 00:04:55 / 00:22:10 (22%) A-V:  0.000 ct:  0.368 Cache: 754s/500MB
AV: 00:04:55 / 00:22:10 (22%) A-V:  0.000 ct:  0.384 Cache: 754s/500MB
AV: 00:04:55 / 00:22:10 (22%) A-V:  0.000 ct:  0.400 Cache: 754s/500MB
AV: 00:04:56 / 00:22:10 (22%) A-V:  0.000 ct:  8.021 Dropped: 3 Cache: 905s/500MB
AV: 00:04:56 / 00:22:10 (22%) A-V:  0.000 ct:  0.416 Cache: 754s/500MB
AV: 00:04:56 / 00:22:10 (22%) A-V:  0.000 ct:  5.021 Dropped: 30 Cache: 950s/500MB
AV: 00:04:56 / 00:22:10 (22%) A-V:  0.000 ct:  0.432 Cache: 754s/500MB
AV: 00:04:56 / 00:22:10 (22%) A-V:  0.000 ct:  0.448 Cache: 754s/500MB
AV: 00:04:55 / 00:22:10 (22%) A-V:  0.000 ct: 10.275 Cache: 850s/500MB
AV: 00:04:56 / 00:22:10 (22%) A-V:  0.000 ct:  0.464 Cache: 754s/500MB
AV: 00:04:56 / 00:22:10 (22%) A-V:  0.000 ct:  0.480 Cache: 754s/500MB
AV: 00:04:56 / 00:22:10 (22%) A-V:  0.000 ct:  0.496 Cache: 754s/500MB
AV: 00:04:56 / 00:22:10 (22%) A-V:  0.000 ct:  0.512 Cache: 754s/500MB
AV: 00:04:56 / 00:22:10 (22%) A-V:  0.000 ct:  0.528 Cache: 754s/500MB
AV: 00:04:56 / 00:22:10 (22%) A-V:  0.000 ct:  5.021 Dropped: 30 Cache: 951s/500MB
AV: 00:04:56 / 00:22:10 (22%) A-V:  0.000 ct:  0.544 Cache: 754s/500MB
AV: 00:04:56 / 00:22:10 (22%) A-V:  0.000 ct:  0.560 Cache: 754s/500MB
AV: 00:04:56 / 00:22:10 (22%) A-V:  0.000 ct:  0.576 Cache: 754s/500MB
AV: 00:04:56 / 00:22:10 (22%) A-V:  0.000 ct:  0.592 Cache: 754s/500MB
AV: 00:04:56 / 00:22:10 (22%) A-V:  0.000 ct:  0.608 Cache: 754s/500MB
AV: 00:04:56 / 00:22:10 (22%) A-V:  0.000 ct:  0.624 Cache: 754s/500MB
AV: 00:04:56 / 00:22:10 (22%) A-V:  0.000 ct:  0.640 Cache: 754s/500MB
AV: 00:04:56 / 00:22:10 (22%) A-V:  0.000 ct:  5.021 Dropped: 30 Cache: 952s/500MB
AV: 00:04:56 / 00:22:10 (22%) A-V:  0.000 ct:  5.021 Dropped: 30 Cache: 953s/500MB
AV: 00:04:56 / 00:22:10 (22%) A-V:  0.000 ct:  0.656 Cache: 754s/500MB
AV: 00:04:56 / 00:22:10 (22%) A-V:  0.000 ct:  0.672 Cache: 754s/500MB
AV: 00:04:56 / 00:22:10 (22%) A-V:  0.000 ct:  0.688 Cache: 754s/500MB
AV: 00:04:55 / 00:22:10 (22%) A-V:  0.000 ct: 10.275 Cache: 849s/500MB
AV: 00:04:56 / 00:22:10 (22%) A-V:  0.000 ct:  0.704 Cache: 754s/500MB
AV: 00:04:56 / 00:22:10 (22%) A-V:  0.000 ct:  0.720 Cache: 754s/500MB
AV: 00:04:56 / 00:22:10 (22%) A-V:  0.000 ct:  0.736 Cache: 754s/500MB
AV: 00:04:57 / 00:22:10 (22%) A-V:  0.000 ct:  5.021 Dropped: 30 Cache: 953s/500MB
AV: 00:04:56 / 00:22:10 (22%) A-V:  0.000 ct:  0.752 Cache: 754s/500MB
AV: 00:04:56 / 00:22:10 (22%) A-V:  0.000 ct:  0.768 Cache: 754s/500MB
AV: 00:04:56 / 00:22:10 (22%) A-V:  0.000 ct:  0.784 Cache: 754s/500MB
AV: 00:04:56 / 00:22:10 (22%) A-V:  0.000 ct:  0.800 Cache: 754s/500MB
AV: 00:04:57 / 00:22:10 (22%) A-V:  0.000 ct:  8.021 Dropped: 3 Cache: 905s/500MB
AV: 00:04:57 / 00:22:10 (22%) A-V:  0.000 ct:  5.021 Dropped: 30 Cache: 954s/500MB
AV: 00:04:57 / 00:22:10 (22%) A-V:  0.000 ct:  0.816 Cache: 753s/500MB
AV: 00:04:57 / 00:22:10 (22%) A-V:  0.000 ct:  5.021 Dropped: 30 Cache: 953s/500MB
AV: 00:04:57 / 00:22:10 (22%) A-V:  0.000 ct:  5.021 Dropped: 30 Cache: 954s/500MB
AV: 00:04:57 / 00:22:10 (22%) A-V:  0.000 ct:  0.832 Cache: 753s/500MB
AV: 00:04:57 / 00:22:10 (22%) A-V:  0.000 ct:  0.848 Cache: 753s/500MB
AV: 00:04:56 / 00:22:10 (22%) A-V:  0.000 ct: 10.275 Cache: 849s/500MB
AV: 00:04:57 / 00:22:10 (22%) A-V:  0.000 ct:  0.864 Cache: 753s/500MB
AV: 00:04:57 / 00:22:10 (22%) A-V:  0.000 ct:  0.880 Cache: 753s/500MB
AV: 00:04:57 / 00:22:10 (22%) A-V:  0.000 ct:  5.021 Dropped: 30 Cache: 955s/500MB
AV: 00:04:57 / 00:22:10 (22%) A-V:  0.000 ct:  0.896 Cache: 753s/500MB
AV: 00:04:57 / 00:22:10 (22%) A-V:  0.000 ct:  5.021 Dropped: 30 Cache: 954s/500MB
AV: 00:04:57 / 00:22:10 (22%) A-V:  0.000 ct:  5.021 Dropped: 30 Cache: 955s/500MB
AV: 00:04:57 / 00:22:10 (22%) A-V:  0.000 ct:  0.912 Cache: 753s/500MB
AV: 00:04:57 / 00:22:10 (22%) A-V:  0.000 ct:  0.928 Cache: 753s/500MB
AV: 00:04:57 / 00:22:10 (22%) A-V:  0.000 ct:  0.944 Cache: 753s/500MB
AV: 00:04:57 / 00:22:10 (22%) A-V:  0.000 ct:  0.960 Cache: 753s/500MB
AV: 00:04:57 / 00:22:10 (22%) A-V:  0.000 ct:  5.021 Dropped: 30 Cache: 956s/500MB
AV: 00:04:57 / 00:22:10 (22%) A-V:  0.000 ct:  0.976 Cache: 753s/500MB
AV: 00:04:57 / 00:22:10 (22%) A-V:  0.000 ct:  5.021 Dropped: 30 Cache: 955s/500MB
AV: 00:04:57 / 00:22:10 (22%) A-V:  0.000 ct:  0.992 Cache: 753s/500MB
AV: 00:04:57 / 00:22:10 (22%) A-V:  0.000 ct:  1.008 Cache: 753s/500MB
AV: 00:04:57 / 00:22:10 (22%) A-V:  0.000 ct:  1.024 Cache: 753s/500MB
AV: 00:04:57 / 00:22:10 (22%) A-V:  0.000 ct:  1.040 Cache: 753s/500MB
AV: 00:04:57 / 00:22:10 (22%) A-V:  0.000 ct:  1.056 Cache: 753s/500MB
AV: 00:04:57 / 00:22:10 (22%) A-V:  0.000 ct:  1.072 Cache: 753s/500MB
AV: 00:04:57 / 00:22:10 (22%) A-V:  0.000 ct:  1.088 Cache: 753s/500MB
AV: 00:04:57 / 00:22:10 (22%) A-V:  0.000 ct:  1.104 Cache: 753s/500MB
AV: 00:04:57 / 00:22:10 (22%) A-V:  0.000 ct:  1.120 Cache: 753s/500MB
AV: 00:04:57 / 00:22:10 (22%) A-V:  0.000 ct:  1.136 Cache: 753s/500MB
AV: 00:04:57 / 00:22:10 (22%) A-V:  0.000 ct:  5.021 Dropped: 30 Cache: 956s/500MB
AV: 00:04:58 / 00:22:10 (22%) A-V:  0.000 ct:  5.021 Dropped: 30 Cache: 956s/500MB
AV: 00:04:57 / 00:22:10 (22%) A-V:  0.000 ct:  1.152 Cache: 753s/500MB
AV: 00:04:57 / 00:22:10 (22%) A-V:  0.000 ct:  1.168 Cache: 753s/500MB
AV: 00:04:58 / 00:22:10 (22%) A-V:  0.000 ct:  5.021 Dropped: 30 Cache: 957s/500MB
AV: 00:04:56 / 00:22:10 (22%) A-V:  0.000 ct: 10.275 Cache: 848s/500MB
AV: 00:04:57 / 00:22:10 (22%) A-V:  0.000 ct:  1.184 Cache: 753s/500MB
AV: 00:04:57 / 00:22:10 (22%) A-V:  0.000 ct:  1.200 Cache: 753s/500MB
AV: 00:04:58 / 00:22:10 (22%) A-V:  0.000 ct:  8.021 Dropped: 3 Cache: 905s/500MB
AV: 00:04:58 / 00:22:10 (22%) A-V:  0.000 ct:  1.216 Cache: 753s/500MB
AV: 00:04:58 / 00:22:10 (22%) A-V:  0.000 ct:  5.021 Dropped: 30 Cache: 958s/500MB
AV: 00:04:58 / 00:22:10 (22%) A-V:  0.000 ct:  1.232 Cache: 753s/500MB
AV: 00:04:58 / 00:22:10 (22%) A-V:  0.000 ct:  1.248 Cache: 753s/500MB
AV: 00:04:57 / 00:22:10 (22%) A-V:  0.000 ct: 10.275 Cache: 848s/500MB
AV: 00:04:58 / 00:22:10 (22%) A-V:  0.000 ct:  1.264 Cache: 753s/500MB
AV: 00:04:58 / 00:22:10 (22%) A-V:  0.000 ct:  1.280 Cache: 753s/500MB
AV: 00:04:58 / 00:22:10 (22%) A-V:  0.000 ct:  5.021 Dropped: 30 Cache: 959s/500MB
AV: 00:04:58 / 00:22:10 (22%) A-V:  0.000 ct:  1.296 Cache: 753s/500MB
AV: 00:04:58 / 00:22:10 (22%) A-V:  0.000 ct:  1.312 Cache: 753s/500MB
AV: 00:04:58 / 00:22:10 (22%) A-V:  0.000 ct:  1.328 Cache: 753s/500MB
AV: 00:04:58 / 00:22:10 (22%) A-V:  0.000 ct:  1.344 Cache: 753s/500MB
AV: 00:04:58 / 00:22:10 (22%) A-V:  0.000 ct:  1.360 Cache: 753s/500MB
AV: 00:04:58 / 00:22:10 (22%) A-V:  0.000 ct:  1.376 Cache: 753s/500MB
AV: 00:04:58 / 00:22:10 (22%) A-V:  0.000 ct:  5.021 Dropped: 30 Cache: 960s/500MB
AV: 00:04:58 / 00:22:10 (22%) A-V:  0.000 ct:  1.392 Cache: 753s/500MB
AV: 00:04:58 / 00:22:10 (22%) A-V:  0.000 ct:  1.408 Cache: 753s/500MB
AV: 00:04:58 / 00:22:10 (22%) A-V:  0.000 ct:  1.424 Cache: 753s/500MB
AV: 00:04:58 / 00:22:10 (22%) A-V:  0.000 ct:  1.440 Cache: 753s/500MB
AV: 00:04:58 / 00:22:10 (22%) A-V:  0.000 ct:  1.456 Cache: 753s/500MB
AV: 00:04:58 / 00:22:10 (22%) A-V:  0.000 ct:  1.472 Cache: 753s/500MB
AV: 00:04:58 / 00:22:10 (22%) A-V:  0.000 ct:  1.488 Cache: 753s/500MB
AV: 00:04:58 / 00:22:10 (22%) A-V:  0.000 ct:  5.021 Dropped: 30 Cache: 961s/500MB
AV: 00:04:58 / 00:22:10 (22%) A-V:  0.000 ct:  1.504 Cache: 752s/500MB
AV: 00:04:58 / 00:22:10 (22%) A-V:  0.000 ct:  1.520 Cache: 752s/500MB
AV: 00:04:58 / 00:22:10 (22%) A-V:  0.000 ct:  1.536 Cache: 752s/500MB
AV: 00:04:59 / 00:22:10 (22%) A-V:  0.000 ct:  5.021 Dropped: 30 Cache: 961s/500MB
AV: 00:04:58 / 00:22:10 (22%) A-V:  0.000 ct:  1.552 Cache: 752s/500MB
AV: 00:04:58 / 00:22:10 (22%) A-V:  0.000 ct:  1.568 Cache: 752s/500MB
AV: 00:04:58 / 00:22:10 (22%) A-V:  0.000 ct:  1.584 Cache: 752s/500MB
AV: 00:04:58 / 00:22:10 (22%) A-V:  0.000 ct:  1.600 Cache: 752s/500MB
AV: 00:04:59 / 00:22:10 (22%) A-V:  0.000 ct:  5.021 Dropped: 30 Cache: 962s/500MB
AV: 00:04:59 / 00:22:10 (22%) A-V:  0.000 ct:  8.021 Dropped: 3 Cache: 905s/500MB
AV: 00:04:59 / 00:22:10 (22%) A-V:  0.000 ct:  1.616 Cache: 752s/500MB
AV: 00:04:59 / 00:22:10 (22%) A-V:  0.000 ct:  5.021 Dropped: 30 Cache: 961s/500MB
AV: 00:04:59 / 00:22:10 (22%) A-V:  0.000 ct:  5.021 Dropped: 30 Cache: 962s/500MB
AV: 00:04:59 / 00:22:10 (22%) A-V:  0.000 ct:  1.632 Cache: 752s/500MB
AV: 00:04:59 / 00:22:10 (23%) A-V:  0.000 ct:  5.021 Dropped: 30 Cache: 962s/500MB
AV: 00:04:58 / 00:22:10 (22%) A-V:  0.000 ct: 10.275 Cache: 848s/500MB
AV: 00:04:59 / 00:22:10 (22%) A-V:  0.000 ct:  1.648 Cache: 752s/500MB
AV: 00:04:59 / 00:22:10 (22%) A-V:  0.000 ct:  1.664 Cache: 752s/500MB
AV: 00:04:58 / 00:22:10 (22%) A-V:  0.000 ct: 10.275 Cache: 847s/500MB
AV: 00:04:59 / 00:22:10 (22%) A-V:  0.000 ct:  1.680 Cache: 752s/500MB
AV: 00:04:59 / 00:22:10 (22%) A-V:  0.000 ct:  1.696 Cache: 752s/500MB
AV: 00:04:59 / 00:22:10 (23%) A-V:  0.000 ct:  5.021 Dropped: 30 Cache: 963s/500MB
AV: 00:04:59 / 00:22:10 (22%) A-V:  0.000 ct:  1.712 Cache: 752s/500MB
AV: 00:04:59 / 00:22:10 (23%) A-V:  0.000 ct:  8.021 Dropped: 3 Cache: 905s/500MB
AV: 00:04:59 / 00:22:10 (23%) A-V:  0.000 ct:  1.728 Cache: 752s/500MB
AV: 00:04:59 / 00:22:10 (23%) A-V:  0.000 ct:  8.021 Dropped: 3 Cache: 904s/500MB
AV: 00:04:59 / 00:22:10 (23%) A-V:  0.000 ct:  1.744 Cache: 752s/500MB
AV: 00:04:59 / 00:22:10 (23%) A-V:  0.000 ct:  1.760 Cache: 752s/500MB
AV: 00:04:59 / 00:22:10 (23%) A-V:  0.000 ct:  1.776 Cache: 752s/500MB
AV: 00:04:59 / 00:22:10 (23%) A-V:  0.000 ct:  8.021 Dropped: 3 Cache: 905s/500MB
AV: 00:04:59 / 00:22:10 (23%) A-V:  0.000 ct:  1.792 Cache: 752s/500MB
AV: 00:04:59 / 00:22:10 (23%) A-V:  0.000 ct:  1.808 Cache: 752s/500MB
AV: 00:04:59 / 00:22:10 (23%) A-V:  0.000 ct:  5.021 Dropped: 30 Cache: 964s/500MB
AV: 00:04:59 / 00:22:10 (23%) A-V:  0.000 ct:  1.824 Cache: 752s/500MB
AV: 00:04:59 / 00:22:10 (23%) A-V:  0.000 ct:  8.021 Dropped: 3 Cache: 904s/500MB
AV: 00:04:59 / 00:22:10 (23%) A-V:  0.000 ct:  1.840 Cache: 752s/500MB
AV: 00:04:59 / 00:22:10 (23%) A-V:  0.000 ct:  1.856 Cache: 752s/500MB
AV: 00:04:59 / 00:22:10 (23%) A-V:  0.000 ct:  1.872 Cache: 752s/500MB
AV: 00:04:59 / 00:22:10 (23%) A-V:  0.000 ct:  1.888 Cache: 752s/500MB
AV: 00:04:59 / 00:22:10 (23%) A-V:  0.000 ct:  1.904 Cache: 752s/500MB
AV: 00:04:59 / 00:22:10 (23%) A-V:  0.000 ct:  1.920 Cache: 752s/500MB
AV: 00:04:59 / 00:22:10 (23%) A-V:  0.000 ct:  5.021 Dropped: 30 Cache: 965s/500MB
AV: 00:04:59 / 00:22:10 (23%) A-V:  0.000 ct:  1.936 Cache: 752s/500MB
AV: 00:05:00 / 00:22:10 (23%) A-V:  0.000 ct:  5.021 Dropped: 30 Cache: 965s/500MB
AV: 00:04:59 / 00:22:10 (23%) A-V:  0.000 ct:  1.952 Cache: 751s/500MB
AV: 00:04:59 / 00:22:10 (23%) A-V:  0.000 ct:  1.968 Cache: 751s/500MB
AV: 00:04:59 / 00:22:10 (23%) A-V:  0.000 ct:  1.984 Cache: 751s/500MB
AV: 00:04:59 / 00:22:10 (23%) A-V:  0.000 ct:  2.000 Cache: 751s/500MB
AV: 00:05:00 / 00:22:10 (23%) A-V:  0.000 ct:  2.016 Cache: 751s/500MB
AV: 00:05:00 / 00:22:10 (23%) A-V:  0.000 ct:  8.021 Dropped: 3 Cache: 904s/500MB
AV: 00:05:00 / 00:22:10 (23%) A-V:  0.000 ct:  5.021 Dropped: 30 Cache: 966s/500MB
AV: 00:05:00 / 00:22:10 (23%) A-V:  0.000 ct:  2.032 Cache: 751s/500MB
AV: 00:04:59 / 00:22:10 (22%) A-V:  0.000 ct: 10.275 Cache: 847s/500MB
AV: 00:05:00 / 00:22:10 (23%) A-V:  0.000 ct:  2.048 Cache: 751s/500MB
AV: 00:05:00 / 00:22:10 (23%) A-V:  0.000 ct:  2.064 Cache: 751s/500MB
AV: 00:05:00 / 00:22:10 (23%) A-V:  0.000 ct:  2.080 Cache: 751s/500MB
AV: 00:05:00 / 00:22:10 (23%) A-V:  0.000 ct:  2.096 Cache: 751s/500MB
AV: 00:05:00 / 00:22:10 (23%) A-V:  0.000 ct:  2.112 Cache: 751s/500MB
AV: 00:05:00 / 00:22:10 (23%) A-V:  0.000 ct:  5.021 Dropped: 30 Cache: 967s/499MB
AV: 00:05:00 / 00:22:10 (23%) A-V:  0.000 ct:  2.128 Cache: 751s/500MB
AV: 00:05:00 / 00:22:10 (23%) A-V:  0.000 ct:  5.021 Dropped: 30 Cache: 967s/500MB
AV: 00:05:00 / 00:22:10 (23%) A-V:  0.000 ct:  2.144 Cache: 751s/500MB
AV: 00:04:59 / 00:22:10 (23%) A-V:  0.000 ct: 10.275 Cache: 847s/500MB
AV: 00:05:00 / 00:22:10 (23%) A-V:  0.000 ct:  2.160 Cache: 751s/500MB
AV: 00:05:00 / 00:22:10 (23%) A-V:  0.000 ct:  2.176 Cache: 751s/500MB
AV: 00:05:00 / 00:22:10 (23%) A-V:  0.000 ct:  2.192 Cache: 751s/500MB
AV: 00:05:00 / 00:22:10 (23%) A-V:  0.000 ct:  2.208 Cache: 751s/500MB
AV: 00:04:59 / 00:22:10 (23%) A-V:  0.000 ct: 10.275 Cache: 846s/500MB
AV: 00:05:00 / 00:22:10 (23%) A-V:  0.000 ct:  2.224 Cache: 751s/500MB
AV: 00:05:00 / 00:22:10 (23%) A-V:  0.000 ct:  5.021 Dropped: 30 Cache: 968s/500MB
AV: 00:05:00 / 00:22:10 (23%) A-V:  0.000 ct:  2.240 Cache: 751s/500MB
AV: 00:05:00 / 00:22:10 (23%) A-V:  0.000 ct:  8.021 Dropped: 3 Cache: 903s/500MB
AV: 00:05:00 / 00:22:10 (23%) A-V:  0.000 ct:  2.256 Cache: 751s/500MB
AV: 00:05:00 / 00:22:10 (23%) A-V:  0.000 ct:  2.272 Cache: 751s/500MB
AV: 00:05:00 / 00:22:10 (23%) A-V:  0.000 ct:  2.288 Cache: 751s/500MB
AV: 00:05:00 / 00:22:10 (23%) A-V:  0.000 ct:  2.304 Cache: 751s/500MB
AV: 00:05:00 / 00:22:10 (23%) A-V:  0.000 ct:  2.320 Cache: 751s/500MB
AV: 00:05:00 / 00:22:10 (23%) A-V:  0.000 ct:  5.021 Dropped: 30 Cache: 969s/500MB
AV: 00:05:00 / 00:22:10 (23%) A-V:  0.000 ct:  2.336 Cache: 751s/500MB
AV: 00:05:01 / 00:22:10 (23%) A-V:  0.000 ct:  5.021 Dropped: 30 Cache: 969s/500MB
AV: 00:05:00 / 00:22:10 (23%) A-V:  0.000 ct:  2.352 Cache: 751s/500MB
AV: 00:05:00 / 00:22:10 (23%) A-V:  0.000 ct:  2.368 Cache: 751s/500MB
AV: 00:05:00 / 00:22:10 (23%) A-V:  0.000 ct:  2.384 Cache: 751s/500MB
AV: 00:05:01 / 00:22:10 (23%) A-V:  0.000 ct:  5.021 Dropped: 30 Cache: 970s/500MB
AV: 00:05:00 / 00:22:10 (23%) A-V:  0.000 ct:  2.400 Cache: 751s/500MB
AV: 00:05:01 / 00:22:10 (23%) A-V:  0.000 ct:  2.416 Cache: 751s/500MB
AV: 00:05:01 / 00:22:10 (23%) A-V:  0.000 ct:  8.021 Dropped: 3 Cache: 904s/500MB
AV: 00:05:01 / 00:22:10 (23%) A-V:  0.000 ct:  2.432 Cache: 751s/500MB
AV: 00:05:01 / 00:22:10 (23%) A-V:  0.000 ct:  5.021 Dropped: 30 Cache: 971s/500MB
AV: 00:05:01 / 00:22:10 (23%) A-V:  0.000 ct:  2.448 Cache: 751s/500MB
AV: 00:05:00 / 00:22:10 (23%) A-V:  0.000 ct: 10.275 Cache: 846s/500MB
AV: 00:05:01 / 00:22:10 (23%) A-V:  0.000 ct:  2.464 Cache: 750s/500MB
AV: 00:05:01 / 00:22:10 (23%) A-V:  0.000 ct:  2.480 Cache: 750s/500MB
AV: 00:05:01 / 00:22:10 (23%) A-V:  0.000 ct:  2.496 Cache: 750s/500MB
AV: 00:05:01 / 00:22:10 (23%) A-V:  0.000 ct:  2.512 Cache: 750s/500MB
AV: 00:05:01 / 00:22:10 (23%) A-V:  0.000 ct:  2.528 Cache: 750s/500MB
AV: 00:05:01 / 00:22:10 (23%) A-V:  0.000 ct:  2.544 Cache: 750s/500MB
AV: 00:05:01 / 00:22:10 (23%) A-V:  0.000 ct:  2.560 Cache: 750s/500MB
AV: 00:05:01 / 00:22:10 (23%) A-V:  0.000 ct:  8.021 Dropped: 3 Cache: 903s/500MB
AV: 00:05:01 / 00:22:10 (23%) A-V:  0.000 ct:  2.576 Cache: 750s/500MB
AV: 00:05:01 / 00:22:10 (23%) A-V:  0.000 ct:  2.592 Cache: 750s/500MB
AV: 00:05:01 / 00:22:10 (23%) A-V:  0.000 ct:  2.608 Cache: 750s/500MB
AV: 00:05:01 / 00:22:10 (23%) A-V:  0.000 ct:  5.021 Dropped: 30 Cache: 972s/500MB
AV: 00:05:01 / 00:22:10 (23%) A-V:  0.000 ct:  2.624 Cache: 750s/500MB
AV: 00:05:01 / 00:22:10 (23%) A-V:  0.000 ct:  2.640 Cache: 750s/500MB
AV: 00:05:01 / 00:22:10 (23%) A-V:  0.000 ct:  2.656 Cache: 750s/500MB
AV: 00:05:01 / 00:22:10 (23%) A-V:  0.000 ct:  5.021 Dropped: 30 Cache: 973s/500MB
AV: 00:05:01 / 00:22:10 (23%) A-V:  0.000 ct:  2.672 Cache: 750s/500MB
AV: 00:05:01 / 00:22:10 (23%) A-V:  0.000 ct:  2.688 Cache: 750s/500MB
AV: 00:05:01 / 00:22:10 (23%) A-V:  0.000 ct:  2.704 Cache: 750s/500MB
AV: 00:05:01 / 00:22:10 (23%) A-V:  0.000 ct:  2.720 Cache: 750s/500MB
Exiting... (Quit)
AV: 00:05:00 / 00:22:10 (23%) A-V:  0.000 ct: 10.275 Cache: 846s/500MB
Exiting... (Quit)
AV: 00:05:01 / 00:22:10 (23%) A-V:  0.000 ct:  2.720 Cache: 750s/500MB
Exiting... (Quit)
AV: 00:05:01 / 00:22:10 (23%) A-V:  0.000 ct:  5.021 Dropped: 30 Cache: 973s/500MB
Exiting... (Quit)
AV: 00:05:01 / 00:22:10 (23%) A-V:  0.000 ct:  8.021 Dropped: 3 Cache: 903s/500MB



